antecedents,consequents,antecedent support,consequent support,support,confidence,lift,representativity,leverage,conviction,zhangs_metric,jaccard,certainty,kulczynski
"food, great",place,0.138,0.369,0.071,0.5144927536231884,1.3942893052118925,1.0,0.02007799999999999,1.2996716417910446,0.3280611744714224,0.1628440366972477,0.23057488688302435,0.35345233887121474
"good, great",food,0.123,0.359,0.062,0.5040650406504065,1.4040808931766198,1.0,0.017843000000000005,1.2925081967213115,0.3281531614374518,0.14761904761904762,0.2263105158352675,0.3383834952555653
"food, good, great",place,0.062,0.369,0.033,0.5322580645161291,1.4424337791765016,1.0,0.010122000000000003,1.349034482758621,0.3270013568521032,0.0829145728643216,0.25872910382904774,0.3108444794125361
"good, great, place",food,0.059,0.359,0.033,0.5593220338983051,1.5580000944242485,1.0,0.011819000000000003,1.4545769230769232,0.3806073487263711,0.08571428571428572,0.3125148734762951,0.3256220197346679
"friendly, like",good,0.039,0.358,0.021,0.5384615384615385,1.5040825096691022,1.0,0.007038000000000003,1.3910000000000002,0.3487438679946485,0.055851063829787245,0.28109273903666443,0.29856037816931674
"friendly, time",get,0.038,0.219,0.021,0.5526315789473685,2.523431867339582,1.0,0.012678000000000002,1.745764705882353,0.6275616275616276,0.08898305084745763,0.4271851202911248,0.3242609949531363
"place, staff",friendly,0.062,0.162,0.031,0.5,3.0864197530864197,1.0,0.020956,1.676,0.720682302771855,0.16062176165803108,0.4033412887828162,0.345679012345679
"friendly, place",staff,0.059,0.163,0.031,0.5254237288135594,3.2234584589788917,1.0,0.021383,1.7636785714285714,0.7330225223681052,0.16230366492146597,0.4330032602312537,0.357803888946657
"friendly, really",food,0.036,0.359,0.02,0.5555555555555556,1.5475085112968123,1.0,0.007076000000000002,1.44225,0.3670124481327802,0.053333333333333344,0.30663893222395566,0.30563293098112043
"friendly, service",food,0.05,0.359,0.029,0.58,1.615598885793872,1.0,0.01105,1.526190476190476,0.4010889292196007,0.07631578947368423,0.344773790951638,0.3303899721448468
"get, staff",friendly,0.041,0.162,0.022,0.5365853658536585,3.3122553447756693,1.0,0.015357999999999998,1.8083157894736839,0.7279362972793629,0.12154696132596683,0.44699924326212226,0.3361939174947305
"friendly, get",staff,0.043,0.163,0.022,0.5116279069767442,3.1388215151947496,1.0,0.014990999999999999,1.713857142857143,0.7120262182958108,0.11956521739130432,0.4165207968658831,0.3232986160650592
"friendly, good",food,0.061,0.359,0.032,0.5245901639344263,1.4612539385360064,1.0,0.010101000000000002,1.3483103448275864,0.3361621405750799,0.08247422680412371,0.2583309889772641,0.3068633270925613
"good, staff",friendly,0.053,0.162,0.03,0.5660377358490566,3.4940600978336827,1.0,0.021414,1.9310434782608694,0.7537486800422387,0.16216216216216217,0.48214526950961406,0.3756114605171209
"friendly, one",good,0.039,0.358,0.02,0.5128205128205129,1.4324595330181924,1.0,0.006038000000000002,1.3177894736842108,0.3141519250780438,0.053050397877984094,0.2411534467609235,0.2843432173041112
"friendly, would",food,0.038,0.359,0.021,0.5526315789473685,1.5393637296584082,1.0,0.007358000000000002,1.4328235294117648,0.3642213642213643,0.055851063829787245,0.3020773462517449,0.305563700337194
"place, recommend",would,0.039,0.207,0.023,0.5897435897435898,2.8490028490028494,1.0,0.014927,1.9329375000000002,0.6753381893860563,0.10313901345291479,0.4826526982895205,0.35042735042735046
highly,recommend,0.046,0.097,0.036,0.7826086956521738,8.0681308830121,1.0,0.031538,4.153799999999999,0.9182972280456558,0.33644859813084105,0.7592565843324184,0.5768713581353653
owner,place,0.04,0.369,0.022,0.5499999999999999,1.4905149051490514,1.0,0.007239999999999998,1.402222222222222,0.3428030303030303,0.056847545219638244,0.28684627575277327,0.304810298102981
10,get,0.038,0.219,0.02,0.5263157894736842,2.403268445085316,1.0,0.011678000000000001,1.6487777777777777,0.606964656964657,0.08438818565400844,0.39349012736707323,0.3088199951934631
like,place,0.209,0.369,0.109,0.521531100478469,1.4133634159308102,1.0,0.031879000000000005,1.3187900000000001,0.3697444878739025,0.232409381663113,0.24172916082166238,0.40846202720400415
like,good,0.209,0.358,0.11,0.5263157894736842,1.4701558365186709,1.0,0.035178,1.3553333333333333,0.40429835651074586,0.24070021881838077,0.26217412690605013,0.4167891796530432
"like, place",good,0.109,0.358,0.059,0.5412844036697247,1.511967608015991,1.0,0.019977999999999996,1.39956,0.3800338602598489,0.14460784313725492,0.2854897253422504,0.3530444364717339
"good, like",place,0.11,0.369,0.059,0.5363636363636364,1.453559990145356,1.0,0.018409999999999996,1.3609803921568628,0.35059988573605017,0.14047619047619048,0.26523555683619077,0.34812761763981276
"food, like",place,0.088,0.369,0.05,0.5681818181818182,1.539788125153979,1.0,0.017528000000000002,1.461263157894737,0.3843859649122807,0.12285012285012287,0.3156605676415503,0.35184158659768416
"food, like",good,0.088,0.358,0.055,0.625,1.7458100558659218,1.0,0.023496000000000003,1.712,0.46842105263157896,0.14066496163682865,0.4158878504672897,0.3893156424581006
"good, like",food,0.11,0.359,0.055,0.5,1.392757660167131,1.0,0.015510000000000003,1.282,0.3168539325842697,0.13285024154589373,0.2199687987519501,0.3266016713091922
"food, like, place",good,0.05,0.358,0.03,0.6,1.675977653631285,1.0,0.0121,1.605,0.424561403508772,0.07936507936507936,0.37694704049844235,0.3418994413407821
"good, like, place",food,0.059,0.359,0.03,0.5084745762711864,1.4163637222038619,1.0,0.008819,1.304103448275862,0.31239815798795606,0.07731958762886597,0.23318966656971363,0.2960200179406071
"food, good, like",place,0.055,0.369,0.03,0.5454545454545454,1.4781966001478195,1.0,0.009704999999999998,1.3881999999999999,0.3423280423280423,0.07614213197969542,0.2796427027805791,0.31337767923133775
"like, time",place,0.079,0.369,0.049,0.620253164556962,1.6809028849782168,1.0,0.019849000000000002,1.6616333333333333,0.439828048483237,0.12280701754385964,0.39818251118377496,0.37652224623512054
"like, time",good,0.079,0.358,0.044,0.5569620253164557,1.5557598472526695,1.0,0.015718,1.4490857142857143,0.3878689171848781,0.1119592875318066,0.30990969675460384,0.33993352662470827
"food, like, time",good,0.032,0.358,0.021,0.65625,1.833100558659218,1.0,0.009544000000000002,1.8676363636363638,0.4695001967729241,0.05691056910569106,0.46456386292834895,0.35745460893854747
"food, like, time",place,0.032,0.369,0.021,0.65625,1.7784552845528456,1.0,0.009192,1.8356363636363637,0.4521841794569067,0.05526315789473685,0.455229793977813,0.3565802845528455
"good, like, place",time,0.059,0.273,0.03,0.5084745762711864,1.8625442354255912,1.0,0.013892999999999999,1.4790689655172413,0.4921360255047821,0.09933774834437084,0.32389900449956865,0.3091823430806481
"like, place, time",good,0.049,0.358,0.03,0.6122448979591836,1.7101812792155966,1.0,0.012458,1.6556842105263154,0.4366631615842973,0.07957559681697612,0.3960200902791022,0.3480218903203739
"good, like, time",place,0.044,0.369,0.03,0.6818181818181819,1.8477457501847747,1.0,0.013763999999999998,1.9831428571428575,0.4799163179916318,0.07832898172323759,0.4957498919464055,0.381559497413156
"get, good, like",time,0.042,0.273,0.024,0.5714285714285714,2.0931449502878072,1.0,0.012533999999999998,1.6963333333333332,0.5451461377870563,0.08247422680412372,0.4104932206720377,0.32967032967032966
"good, like, time",get,0.044,0.219,0.024,0.5454545454545455,2.4906600249066004,1.0,0.014364000000000002,1.7182000000000004,0.6260460251046026,0.100418410041841,0.41799557676638355,0.32752179327521797
"get, good, time",like,0.047,0.209,0.024,0.5106382978723404,2.443245444365265,1.0,0.014177,1.616391304347826,0.6198408534452606,0.10344827586206896,0.3813379239852597,0.31273541687875395
"get, like, time",good,0.039,0.358,0.024,0.6153846153846154,1.7189514396218308,1.0,0.010038000000000002,1.6692000000000002,0.4352237252861603,0.06434316353887401,0.40091061586388693,0.34121186076493343
"get, like, place",time,0.046,0.273,0.024,0.5217391304347826,1.9111323459149545,1.0,0.011441999999999999,1.520090909090909,0.4997379454926624,0.08135593220338984,0.34214460857604206,0.30482560917343526
"get, place, time",like,0.047,0.209,0.024,0.5106382978723404,2.443245444365265,1.0,0.014177,1.616391304347826,0.6198408534452606,0.10344827586206896,0.3813379239852597,0.31273541687875395
"get, like, time",place,0.039,0.369,0.024,0.6153846153846154,1.6677089847821556,1.0,0.009609000000000001,1.6406,0.41662330905306977,0.06250000000000001,0.3904669023527978,0.34021263289555975
"back, like",good,0.063,0.358,0.036,0.5714285714285714,1.596169193934557,1.0,0.013446,1.498,0.3986125933831377,0.0935064935064935,0.3324432576769025,0.33599361532322425
"back, like",place,0.063,0.369,0.032,0.5079365079365079,1.3765217017249538,1.0,0.008753,1.2823548387096773,0.29192235859124865,0.08,0.2201846401529444,0.29732868757259
"great, like",place,0.076,0.369,0.042,0.5526315789473685,1.4976465554129228,1.0,0.013956000000000003,1.4104705882352944,0.35961657390228824,0.10421836228287841,0.2910167653682543,0.3332263585793753
"great, like",food,0.076,0.359,0.041,0.5394736842105263,1.5027122122855887,1.0,0.013716000000000002,1.3918857142857144,0.36205258156477677,0.10406091370558376,0.28155020937679615,0.32683990617211556
"great, like",good,0.076,0.358,0.039,0.5131578947368421,1.4334019406057044,1.0,0.011792,1.3187027027027027,0.32722832722832723,0.09873417721518987,0.24167896376455164,0.3110482211114378
"great, like",get,0.076,0.219,0.039,0.5131578947368421,2.3431867339581833,1.0,0.022356,1.6042162162162164,0.6203796203796205,0.15234375,0.37664263090504757,0.345620043258832
"great, like, place",food,0.042,0.359,0.026,0.619047619047619,1.7243666268735904,1.0,0.010921999999999998,1.6826249999999996,0.4384936566564958,0.06933333333333334,0.405690513334819,0.3457355086881549
"food, like, place",great,0.05,0.349,0.026,0.5199999999999999,1.489971346704871,1.0,0.008549999999999999,1.3562499999999997,0.34615384615384615,0.06970509383378017,0.2626728110599077,0.2972492836676217
"food, great, like",place,0.041,0.369,0.026,0.6341463414634145,1.7185537709035625,1.0,0.010870999999999999,1.7247333333333328,0.4359910162829871,0.06770833333333334,0.42020022418924646,0.35230352303523027
"food, great, like",good,0.041,0.358,0.022,0.5365853658536585,1.4988418040604985,1.0,0.007321999999999999,1.3853684210526314,0.34704711347047107,0.0583554376657825,0.2781703517969758,0.29901893991006945
"good, great, like",food,0.039,0.359,0.022,0.5641025641025641,1.5713163345475323,1.0,0.007999,1.4705294117647059,0.37834641944943714,0.05851063829787235,0.31997279891195646,0.3126919505749589
"great, like, place",good,0.042,0.358,0.021,0.5,1.3966480446927374,1.0,0.0059640000000000006,1.284,0.2964509394572025,0.05540897097625331,0.22118380062305298,0.27932960893854747
"good, great, like",place,0.039,0.369,0.021,0.5384615384615385,1.4592453616843863,1.0,0.006609000000000002,1.3671666666666669,0.32748624944254506,0.05426356589147288,0.2685602828233575,0.2976860537836148
"food, great, like",get,0.041,0.219,0.027,0.6585365853658536,3.007016371533578,1.0,0.018021,2.287214285714285,0.6959796083883675,0.11587982832618025,0.5627869210830392,0.39091212829936517
"food, get, great",like,0.038,0.209,0.027,0.7105263157894737,3.3996474439687736,1.0,0.019058,2.7325454545454546,0.7337337337337337,0.12272727272727273,0.6340408543482601,0.41985645933014354
"food, get, like",great,0.039,0.349,0.027,0.6923076923076923,1.9836896627727574,1.0,0.013389,2.11575,0.5160134119551394,0.07479224376731303,0.5273543660640435,0.3848357945779149
"get, great, like",food,0.039,0.359,0.027,0.6923076923076923,1.928433683308335,1.0,0.012999,2.08325,0.5009827725748642,0.07277628032345014,0.5199807992319693,0.38375830297835867
"great, like, place",get,0.042,0.219,0.023,0.5476190476190476,2.500543596434007,1.0,0.013801999999999998,1.7264210526315789,0.6263955704819824,0.09663865546218486,0.42076702640082914,0.3263209393346379
"get, like, place",great,0.046,0.349,0.023,0.5,1.4326647564469914,1.0,0.006946000000000001,1.302,0.3165618448637317,0.06182795698924732,0.2319508448540707,0.2829512893982808
"get, great, like",place,0.039,0.369,0.023,0.5897435897435898,1.5982211104162325,1.0,0.008609,1.5380625,0.3894946387368231,0.059740259740259746,0.34983136250965097,0.3260371065249114
"great, like, place",time,0.042,0.273,0.021,0.5,1.8315018315018314,1.0,0.009533999999999999,1.454,0.4739039665970772,0.07142857142857144,0.312242090784044,0.28846153846153844
"great, like, time",place,0.035,0.369,0.021,0.6,1.6260162601626016,1.0,0.008085,1.5775,0.39896373056994816,0.05483028720626632,0.36608557844690964,0.3284552845528455
"get, like",place,0.08,0.369,0.046,0.575,1.5582655826558265,1.0,0.016479999999999998,1.484705882352941,0.38941398865784493,0.1141439205955335,0.32646592709984146,0.34983062330623305
"get, like",good,0.08,0.358,0.042,0.525,1.4664804469273744,1.0,0.013360000000000004,1.3515789473684212,0.34575569358178065,0.10606060606060606,0.26012461059190034,0.321159217877095
"food, get, place",like,0.046,0.209,0.024,0.5217391304347826,2.49635947576451,1.0,0.014386000000000001,1.653909090909091,0.6283193570929421,0.10389610389610389,0.3953718463145166,0.31828583315997505
"get, like, place",food,0.046,0.359,0.024,0.5217391304347826,1.4533123410439628,1.0,0.007486000000000003,1.3402727272727273,0.326956673654787,0.06299212598425198,0.25388319880621313,0.29429574906140243
"food, get, like",place,0.039,0.369,0.024,0.6153846153846154,1.6677089847821556,1.0,0.009609000000000001,1.6406,0.41662330905306977,0.06250000000000001,0.3904669023527978,0.34021263289555975
"food, get, like",good,0.039,0.358,0.022,0.5641025641025641,1.5757054863200115,1.0,0.008038,1.4728235294117646,0.3801910888279255,0.05866666666666667,0.32103203131240515,0.31277753903452227
"food, get, good",like,0.042,0.209,0.022,0.5238095238095237,2.506265664160401,1.0,0.013222,1.6610999999999998,0.6273486430062631,0.09606986899563318,0.39798928420925883,0.3145363408521303
"get, good, like",food,0.042,0.359,0.022,0.5238095238095237,1.4590794535084226,1.0,0.006921999999999998,1.3460999999999999,0.32843044220914774,0.05804749340369394,0.2571131416685238,0.2925454304284387
"get, like, place",good,0.046,0.358,0.029,0.6304347826086957,1.7609910128734516,1.0,0.012532000000000001,1.7371764705882355,0.45297477047639706,0.07733333333333335,0.4243532439387783,0.35572018460043725
"get, good, place",like,0.048,0.209,0.029,0.6041666666666666,2.890749601275917,1.0,0.018968000000000002,1.998315789473684,0.687047232686178,0.12719298245614036,0.4995785924989465,0.37146132376395535
"get, good, like",place,0.042,0.369,0.029,0.6904761904761905,1.871209188282359,1.0,0.013502,2.0386153846153845,0.48599812828450073,0.07591623036649216,0.5094709833220135,0.38453348819202476
"like, service",food,0.064,0.359,0.041,0.640625,1.7844707520891365,1.0,0.018024000000000002,1.7836521739130435,0.4696685428392746,0.10732984293193717,0.43935257410296413,0.3774155640668524
"like, service",place,0.064,0.369,0.032,0.5,1.3550135501355014,1.0,0.008383999999999999,1.262,0.27991452991452986,0.0798004987531172,0.2076069730586371,0.29336043360433606
"like, service",good,0.064,0.358,0.034,0.53125,1.4839385474860336,1.0,0.011088000000000004,1.3696,0.34841628959276033,0.08762886597938145,0.26985981308411217,0.31311103351955305
"like, place, service",food,0.032,0.359,0.021,0.65625,1.8279944289693595,1.0,0.009512000000000001,1.8647272727272728,0.46792601338055884,0.05675675675675676,0.4637285491419657,0.35737291086350975
"food, like, service",place,0.041,0.369,0.021,0.5121951219512195,1.388062661114416,1.0,0.005871000000000001,1.29355,0.29152390883360646,0.053984575835475584,0.22693363225232888,0.2845528455284553
"food, like, service",good,0.041,0.358,0.025,0.6097560975609756,1.7032293227960213,1.0,0.010322000000000001,1.645125,0.43053180396246093,0.06684491978609627,0.3921434541448218,0.33979424989780627
"good, like, service",food,0.034,0.359,0.025,0.7352941176470588,2.0481730296575456,1.0,0.012794000000000002,2.421555555555555,0.5297722567287785,0.06793478260869566,0.5870423052216206,0.40246600032770763
"food, like, service",great,0.041,0.349,0.022,0.5365853658536585,1.5374938849675028,1.0,0.007691,1.4047894736842104,0.36453692293108353,0.05978260869565218,0.2881495635232849,0.29981130756866303
"great, like, service",food,0.027,0.359,0.022,0.8148148148148148,2.2696791499019913,1.0,0.012306999999999998,3.4613999999999994,0.5749322619826217,0.06043956043956044,0.7110995550933148,0.43804807593108425
"food, great, like",service,0.041,0.28,0.022,0.5365853658536585,1.9163763066202086,1.0,0.010519999999999996,1.5536842105263156,0.49862546212911163,0.07357859531772575,0.35636856368563674,0.3075783972125435
"get, like",one,0.08,0.224,0.04,0.5,2.232142857142857,1.0,0.02208,1.552,0.6,0.15151515151515152,0.3556701030927835,0.3392857142857143
"like, one",get,0.067,0.219,0.04,0.5970149253731343,2.726095549649015,1.0,0.025327000000000002,1.9380370370370368,0.6786441586280814,0.16260162601626016,0.4840139889540772,0.38983166359980914
"get, one",like,0.077,0.209,0.04,0.5194805194805195,2.485552724787175,1.0,0.023907,1.6461351351351354,0.6475352112676056,0.1626016260162602,0.39251645952025227,0.355434039644566
"like, one",good,0.067,0.358,0.04,0.5970149253731343,1.6676394563495371,1.0,0.016014,1.593111111111111,0.4290996784565916,0.10389610389610389,0.37229739154693814,0.35437338447427663
"like, one",place,0.067,0.369,0.039,0.582089552238806,1.5774784613517778,1.0,0.014276999999999998,1.5098928571428571,0.3923654052271415,0.0982367758186398,0.3377013506161743,0.34389030457468756
"like, one",time,0.067,0.273,0.038,0.5671641791044776,2.0775244655841667,1.0,0.019708999999999997,1.6796206896551722,0.5559034241552433,0.1258278145695364,0.404627481574247,0.35317915914930836
"get, good, like",one,0.042,0.224,0.022,0.5238095238095237,2.3384353741496593,1.0,0.012591999999999997,1.6295999999999997,0.5974568229265514,0.0901639344262295,0.3863524791359842,0.3110119047619047
"good, like, one",get,0.04,0.219,0.022,0.5499999999999999,2.511415525114155,1.0,0.013239999999999998,1.7355555555555553,0.6268939393939394,0.09282700421940927,0.4238156209987195,0.32522831050228307
"get, good, one",like,0.032,0.209,0.022,0.6875,3.2894736842105265,1.0,0.015312,2.5312,0.71900826446281,0.1004566210045662,0.6049304677623262,0.3963815789473684
"get, like, one",good,0.04,0.358,0.022,0.5499999999999999,1.536312849162011,1.0,0.007679999999999999,1.4266666666666665,0.36363636363636365,0.05851063829787235,0.2990654205607476,0.3057262569832402
"like, one, place",good,0.039,0.358,0.025,0.6410256410256411,1.7905744162727406,1.0,0.011038000000000003,1.7884285714285717,0.45943808532778363,0.06720430107526883,0.4408499081396279,0.355429021630139
"good, like, one",place,0.04,0.369,0.025,0.625,1.6937669376693767,1.0,0.01024,1.6826666666666668,0.4266666666666667,0.06510416666666669,0.40570522979397783,0.34637533875338755
"get, like, place",one,0.046,0.224,0.023,0.5,2.232142857142857,1.0,0.012695999999999999,1.552,0.5786163522012578,0.09311740890688258,0.3556701030927835,0.3013392857142857
"like, one, place",get,0.039,0.219,0.023,0.5897435897435898,2.692893103852008,1.0,0.014459,1.9036875000000002,0.6541645930416686,0.0978723404255319,0.47470370005581275,0.347383210396909
"get, one, place",like,0.04,0.209,0.023,0.575,2.751196172248804,1.0,0.01464,1.8611764705882352,0.6630434782608696,0.10176991150442477,0.46270543615676357,0.34252392344497606
"get, like, one",place,0.04,0.369,0.023,0.575,1.5582655826558265,1.0,0.008239999999999999,1.484705882352941,0.37318840579710144,0.05958549222797928,0.32646592709984146,0.3186653116531165
"get, great, like",one,0.039,0.224,0.02,0.5128205128205129,2.2893772893772897,1.0,0.011264,1.592842105263158,0.5860561914672217,0.0823045267489712,0.37219138250066097,0.3010531135531136
"great, like, one",get,0.028,0.219,0.02,0.7142857142857143,3.2615786040443577,1.0,0.013868,2.7335000000000003,0.7133744855967079,0.0881057268722467,0.6341686482531553,0.40280495759947815
"get, great, one",like,0.033,0.209,0.02,0.6060606060606061,2.899811512251704,1.0,0.013103,2.007923076923077,0.6775077559462255,0.09009009009009009,0.5019729533003869,0.3508771929824561
"get, like, one",great,0.04,0.349,0.02,0.5,1.4326647564469914,1.0,0.00604,1.302,0.3145833333333334,0.054200542005420065,0.2319508448540707,0.2786532951289398
"like, one, place",time,0.039,0.273,0.024,0.6153846153846154,2.2541561003099466,1.0,0.013353,1.8902,0.5789542143600416,0.08333333333333334,0.4709554544492647,0.3516483516483517
"like, one, time",place,0.038,0.369,0.024,0.6315789473684211,1.7115960633290546,1.0,0.009978,1.712714285714286,0.4321725571725572,0.06266318537859009,0.4161314538326801,0.3483097988874626
"get, like, time",one,0.039,0.224,0.023,0.5897435897435898,2.6327838827838828,1.0,0.014263999999999999,1.8915000000000002,0.6453422612315071,0.09583333333333333,0.471319058947925,0.3462110805860806
"get, like, one",time,0.04,0.273,0.023,0.575,2.106227106227106,1.0,0.012079999999999999,1.7105882352941175,0.5471014492753623,0.07931034482758621,0.41540577716643734,0.3296245421245421
"like, one, time",get,0.038,0.219,0.023,0.6052631578947368,2.7637587118481135,1.0,0.014678,1.9785333333333335,0.6633824459911416,0.09829059829059829,0.4945751061392277,0.35514299447248254
"get, one, time",like,0.036,0.209,0.023,0.638888888888889,3.0568846358320045,1.0,0.015476,2.190461538461539,0.6979974742918997,0.1036036036036036,0.5434752071920215,0.37446836788942056
"good, like, time",one,0.044,0.224,0.024,0.5454545454545455,2.4350649350649354,1.0,0.014144,1.7072000000000003,0.6164574616457462,0.09836065573770492,0.41424554826616694,0.3262987012987013
"good, like, one",time,0.04,0.273,0.024,0.6,2.1978021978021975,1.0,0.01308,1.8175,0.5677083333333334,0.08304498269896195,0.4497936726272352,0.34395604395604396
"good, one, time",like,0.046,0.209,0.024,0.5217391304347826,2.49635947576451,1.0,0.014386000000000001,1.653909090909091,0.6283193570929421,0.10389610389610389,0.3953718463145166,0.31828583315997505
"like, one, time",good,0.038,0.358,0.024,0.6315789473684211,1.7641870038224055,1.0,0.010396,1.7425714285714289,0.4502772002772003,0.06451612903225808,0.42613543203803916,0.3493090267568363
"food, u",good,0.059,0.358,0.033,0.5593220338983051,1.562352049995266,1.0,0.011878000000000003,1.4568461538461541,0.38250732618426564,0.0859375,0.31358572258302986,0.32575040242401293
"good, u",food,0.059,0.359,0.033,0.5593220338983051,1.5580000944242485,1.0,0.011819000000000003,1.4545769230769232,0.3806073487263711,0.08571428571428572,0.3125148734762951,0.3256220197346679
"food, u",place,0.059,0.369,0.03,0.5084745762711864,1.37797988149373,1.0,0.008229,1.2837586206896552,0.2914984059511158,0.07537688442211055,0.2210373633457788,0.29488769463965825
"place, u",food,0.059,0.359,0.03,0.5084745762711864,1.4163637222038619,1.0,0.008819,1.304103448275862,0.31239815798795606,0.07731958762886597,0.23318966656971363,0.2960200179406071
"place, u",good,0.059,0.358,0.03,0.5084745762711864,1.4203200454502414,1.0,0.008878,1.3061379310344827,0.3144881331916401,0.07751937984496124,0.23438407518876392,0.2961367294763753
"good, u",place,0.059,0.369,0.03,0.5084745762711864,1.37797988149373,1.0,0.008229,1.2837586206896552,0.2914984059511158,0.07537688442211055,0.2210373633457788,0.29488769463965825
"like, u",place,0.042,0.369,0.027,0.6428571428571428,1.7421602787456445,1.0,0.011501999999999998,1.7667999999999997,0.4446764091858037,0.07031250000000001,0.4340049807561692,0.3580139372822299
"like, u",food,0.042,0.359,0.022,0.5238095238095237,1.4590794535084226,1.0,0.006921999999999998,1.3460999999999999,0.32843044220914774,0.05804749340369394,0.2571131416685238,0.2925454304284387
"like, u",get,0.042,0.219,0.028,0.6666666666666666,3.0441400304414,1.0,0.018802,2.343,0.7009394572025052,0.12017167381974249,0.5731967562953478,0.3972602739726027
"get, u",like,0.046,0.209,0.028,0.6086956521739131,2.9124193883919287,1.0,0.018386,2.0214444444444446,0.6883048817011082,0.12334801762114538,0.5053042378936955,0.3713334720199709
"like, u",time,0.042,0.273,0.023,0.5476190476190476,2.0059305773591483,1.0,0.011533999999999997,1.607052631578947,0.5234637378596714,0.07876712328767124,0.3777428440427064,0.3159340659340659
"like, u",good,0.042,0.358,0.022,0.5238095238095237,1.4631550944400105,1.0,0.006963999999999998,1.3481999999999998,0.3304232302144619,0.058201058201058205,0.25827028630766935,0.2926310188880021
"get, u",food,0.046,0.359,0.029,0.6304347826086957,1.7560857454281218,1.0,0.012486000000000004,1.7344705882352942,0.45131207980915217,0.0771276595744681,0.4234551990775284,0.35560736344919464
"get, u",place,0.046,0.369,0.023,0.5,1.3550135501355014,1.0,0.006026,1.262,0.2746331236897275,0.058673469387755105,0.2076069730586371,0.28116531165311653
"get, u",time,0.046,0.273,0.027,0.5869565217391305,2.150023889154324,1.0,0.014441999999999998,1.7601052631578948,0.5606801770323783,0.09246575342465754,0.4318521619520364,0.3429288103201147
"good, u",get,0.059,0.219,0.03,0.5084745762711864,2.3218017181332713,1.0,0.017078999999999997,1.5889310344827585,0.6049946865037193,0.12096774193548386,0.3706460643677163,0.3227304388205247
"get, u",good,0.046,0.358,0.03,0.6521739130434783,1.8217148409035706,1.0,0.013531999999999999,1.84575,0.47281621243885397,0.08021390374331551,0.4582148178247325,0.36798639786252124
"food, get, u",good,0.029,0.358,0.02,0.689655172413793,1.9264110961279135,1.0,0.009618,2.068666666666666,0.4952626158599382,0.05449591280653951,0.5165968417660328,0.3727605471007513
"food, good, u",get,0.033,0.219,0.02,0.6060606060606061,2.7674000276740003,1.0,0.012773,1.9825384615384616,0.6604446742502585,0.08620689655172413,0.4955961665308657,0.34869240348692404
"get, good, u",food,0.03,0.359,0.02,0.6666666666666667,1.8570102135561748,1.0,0.009230000000000002,1.9230000000000005,0.47577319587628875,0.05420054200542006,0.47997919916796683,0.361188486536676
"great, u",food,0.041,0.359,0.024,0.5853658536585366,1.630545553366397,1.0,0.009281000000000001,1.5459411764705882,0.403241223496698,0.06382978723404256,0.3531448575016171,0.3261091106732794
"great, u",time,0.041,0.273,0.023,0.5609756097560975,2.0548557133922984,1.0,0.011806999999999998,1.6559444444444442,0.5352949177131975,0.07903780068728523,0.3961150065420873,0.3226123470025909
"place, u",time,0.059,0.273,0.031,0.5254237288135594,1.924629043273111,1.0,0.014893,1.5318928571428572,0.510541291008193,0.10299003322259134,0.3472128319306181,0.3194884211833364
"time, u",place,0.056,0.369,0.031,0.5535714285714286,1.5001935733643053,1.0,0.010335999999999998,1.41344,0.3531984691088026,0.07868020304568528,0.29250622594521175,0.31879113433991485
"good, u",time,0.059,0.273,0.03,0.5084745762711864,1.8625442354255912,1.0,0.013892999999999999,1.4790689655172413,0.4921360255047821,0.09933774834437084,0.32389900449956865,0.3091823430806481
"time, u",good,0.056,0.358,0.03,0.5357142857142857,1.4964086193136472,1.0,0.009951999999999999,1.3827692307692308,0.35141242937853107,0.078125,0.27681352914997776,0.30975658419792496
"time, u",food,0.056,0.359,0.028,0.5,1.392757660167131,1.0,0.007896,1.282,0.298728813559322,0.0723514211886305,0.2199687987519501,0.2889972144846797
"come, u",food,0.036,0.359,0.027,0.75,2.0891364902506964,1.0,0.014076000000000002,2.564,0.5408022130013832,0.07336956521739131,0.609984399375975,0.4126044568245125
"come, u",place,0.036,0.369,0.022,0.6111111111111112,1.656127672387835,1.0,0.008716,1.6225714285714288,0.4109769898151641,0.057441253263707574,0.38369431237894003,0.3353658536585366
"come, u",good,0.036,0.358,0.021,0.5833333333333334,1.6294227188081938,1.0,0.008112000000000003,1.5408000000000002,0.40071132187314773,0.056300268096514755,0.3509865005192109,0.32099627560521415
"come, u",get,0.036,0.219,0.021,0.5833333333333334,2.6636225266362255,1.0,0.013116000000000003,1.8744000000000003,0.6478956727919384,0.08974358974358974,0.4664959453691849,0.33961187214611877
"restaurant, u",food,0.029,0.359,0.024,0.8275862068965517,2.305254058207665,1.0,0.013589,3.7178,0.5831187778922075,0.06593406593406594,0.731023723707569,0.447219287292287
"restaurant, u",get,0.029,0.219,0.02,0.689655172413793,3.14911037631869,1.0,0.013649,2.516555555555555,0.702832131822863,0.08771929824561403,0.6026314627577376,0.3904896866635175
"got, u",place,0.041,0.369,0.024,0.5853658536585366,1.5863573269879039,1.0,0.008871,1.5218235294117646,0.3854275286757039,0.062176165803108814,0.3428935874144795,0.3252032520325203
"got, u",time,0.041,0.273,0.023,0.5609756097560975,2.0548557133922984,1.0,0.011806999999999998,1.6559444444444442,0.5352949177131975,0.07903780068728523,0.3961150065420873,0.3226123470025909
"got, u",good,0.041,0.358,0.023,0.5609756097560975,1.5669709769723394,1.0,0.008322,1.4623333333333333,0.37729518973568477,0.06117021276595745,0.3161613859129245,0.3126107099059817
"got, u",food,0.041,0.359,0.021,0.5121951219512195,1.4267273591955976,1.0,0.006281000000000002,1.3140500000000002,0.3118824172004569,0.05540897097625331,0.23899395000190254,0.2853454718391195
"u, would",place,0.04,0.369,0.027,0.6749999999999999,1.8292682926829267,1.0,0.01224,1.9415384615384612,0.4722222222222222,0.07068062827225131,0.484944532488114,0.3740853658536585
"u, would",time,0.04,0.273,0.025,0.625,2.2893772893772892,1.0,0.01408,1.9386666666666665,0.5866666666666667,0.08680555555555557,0.484181568088033,0.3582875457875458
"u, would",food,0.04,0.359,0.023,0.575,1.6016713091922006,1.0,0.00864,1.508235294117647,0.391304347826087,0.06117021276595745,0.3369734789391575,0.319533426183844
"go, u",would,0.04,0.207,0.021,0.525,2.536231884057971,1.0,0.012720000000000002,1.6694736842105264,0.630952380952381,0.09292035398230089,0.4010088272383355,0.31322463768115943
"u, would",go,0.04,0.2,0.021,0.525,2.625,1.0,0.013000000000000001,1.6842105263157896,0.6448412698412699,0.0958904109589041,0.40625,0.315
"like, u",would,0.042,0.207,0.021,0.5,2.4154589371980677,1.0,0.012306000000000001,1.586,0.6116910229645094,0.09210526315789475,0.36948297604035313,0.3007246376811594
"u, would",like,0.04,0.209,0.021,0.525,2.5119617224880386,1.0,0.012640000000000002,1.665263157894737,0.6269841269841271,0.09210526315789475,0.39949431099873584,0.31273923444976076
"u, would",get,0.04,0.219,0.02,0.5,2.2831050228310503,1.0,0.01124,1.562,0.5854166666666667,0.08368200836820083,0.3597951344430218,0.295662100456621
"one, u",time,0.04,0.273,0.026,0.6499999999999999,2.3809523809523805,1.0,0.015079999999999998,2.0771428571428565,0.6041666666666666,0.09059233449477352,0.5185694635488307,0.37261904761904757
"one, u",place,0.04,0.369,0.024,0.6,1.6260162601626016,1.0,0.00924,1.5775,0.4010416666666667,0.062337662337662345,0.36608557844690964,0.33252032520325203
"one, u",good,0.04,0.358,0.024,0.6,1.675977653631285,1.0,0.009680000000000001,1.605,0.42013888888888895,0.06417112299465241,0.37694704049844235,0.3335195530726257
"u, would",one,0.04,0.224,0.021,0.525,2.34375,1.0,0.01204,1.6336842105263158,0.5972222222222222,0.08641975308641975,0.3878865979381444,0.309375
"one, u",would,0.04,0.207,0.021,0.525,2.536231884057971,1.0,0.012720000000000002,1.6694736842105264,0.630952380952381,0.09292035398230089,0.4010088272383355,0.31322463768115943
"one, u",food,0.04,0.359,0.021,0.525,1.4623955431754876,1.0,0.006640000000000002,1.3494736842105264,0.3293650793650794,0.055555555555555566,0.25897035881435265,0.29174791086350976
"one, u",service,0.04,0.28,0.021,0.525,1.875,1.0,0.0098,1.5157894736842106,0.48611111111111105,0.07023411371237459,0.3402777777777778,0.3
"like, u",one,0.042,0.224,0.021,0.5,2.232142857142857,1.0,0.011592,1.552,0.5762004175365344,0.08571428571428572,0.3556701030927835,0.296875
"one, u",like,0.04,0.209,0.021,0.525,2.5119617224880386,1.0,0.012640000000000002,1.665263157894737,0.6269841269841271,0.09210526315789475,0.39949431099873584,0.31273923444976076
"one, u",get,0.04,0.219,0.021,0.525,2.397260273972603,1.0,0.012240000000000001,1.6442105263157896,0.6071428571428572,0.08823529411764706,0.3918053777208707,0.3104452054794521
"back, u",place,0.036,0.369,0.022,0.6111111111111112,1.656127672387835,1.0,0.008716,1.6225714285714288,0.4109769898151641,0.057441253263707574,0.38369431237894003,0.3353658536585366
"back, u",food,0.036,0.359,0.022,0.6111111111111112,1.7022593624264934,1.0,0.009076,1.6482857142857146,0.42795171633345913,0.05898123324396783,0.39330906569596125,0.33619622407923244
"back, u",good,0.036,0.358,0.02,0.5555555555555556,1.5518311607697084,1.0,0.007112000000000002,1.4445000000000001,0.36887966804979266,0.05347593582887702,0.30771893388715826,0.30571073867163256
"service, u",food,0.045,0.359,0.025,0.5555555555555556,1.5475085112968123,1.0,0.008845000000000002,1.44225,0.3704712041884818,0.06596306068601585,0.30663893222395566,0.3125967192819561
"go, u",time,0.04,0.273,0.027,0.6749999999999999,2.472527472527472,1.0,0.016079999999999997,2.2369230769230763,0.6203703703703702,0.09440559440559441,0.5529573590096285,0.3869505494505494
"go, u",place,0.04,0.369,0.027,0.6749999999999999,1.8292682926829267,1.0,0.01224,1.9415384615384612,0.4722222222222222,0.07068062827225131,0.484944532488114,0.3740853658536585
"go, u",like,0.04,0.209,0.02,0.5,2.3923444976076556,1.0,0.011640000000000001,1.582,0.6062500000000001,0.08733624454148471,0.3678887484197219,0.29784688995215314
"go, u",food,0.04,0.359,0.02,0.5,1.392757660167131,1.0,0.005640000000000001,1.282,0.29375000000000007,0.05277044854881267,0.2199687987519501,0.27785515320334264
"really, u",get,0.032,0.219,0.02,0.625,2.853881278538813,1.0,0.012992,2.082666666666667,0.6710743801652893,0.08658008658008658,0.5198463508322664,0.358162100456621
"day, place",good,0.038,0.358,0.023,0.6052631578947368,1.6906792119964718,1.0,0.009396,1.6264,0.42465877248485945,0.06166219839142092,0.3851451057550418,0.3347544839753014
"day, good",place,0.045,0.369,0.023,0.5111111111111111,1.3851249623607347,1.0,0.006395000000000001,1.290681818181818,0.2911450034145232,0.05882352941176471,0.2252157069906673,0.28672086720867207
"day, like",good,0.036,0.358,0.024,0.6666666666666667,1.8621973929236502,1.0,0.011112000000000002,1.9260000000000004,0.48029045643153534,0.06486486486486488,0.48078920041536877,0.3668528864059591
"day, good",like,0.045,0.209,0.024,0.5333333333333333,2.5518341307814993,1.0,0.014595000000000002,1.695,0.6367801047120419,0.10434782608695652,0.41002949852507375,0.3240829346092504
"day, time",good,0.038,0.358,0.02,0.5263157894736842,1.4701558365186709,1.0,0.006396000000000001,1.3553333333333333,0.3324324324324325,0.053191489361702135,0.26217412690605013,0.29109085563069687
eat,food,0.084,0.359,0.051,0.6071428571428571,1.6912057302029446,1.0,0.020843999999999994,1.6316363636363636,0.4461854610839968,0.1301020408163265,0.38711834187653216,0.3746020692399522
eat,place,0.084,0.369,0.048,0.5714285714285714,1.5485869144405728,1.0,0.017004,1.4723333333333333,0.38673580786026196,0.11851851851851851,0.32080597690740315,0.3507549361207898
eat,good,0.084,0.358,0.045,0.5357142857142857,1.4964086193136472,1.0,0.014927999999999997,1.3827692307692308,0.3621542940320232,0.11335012594458438,0.27681352914997776,0.33070630486831604
"eat, place",food,0.048,0.359,0.024,0.5,1.392757660167131,1.0,0.006768,1.282,0.296218487394958,0.06266318537859009,0.2199687987519501,0.28342618384401114
"eat, great",place,0.032,0.369,0.022,0.6875,1.8631436314363143,1.0,0.010191999999999998,2.0192,0.47858752817430494,0.058047493403693924,0.5047543581616482,0.373560298102981
"eat, great",food,0.032,0.359,0.021,0.65625,1.8279944289693595,1.0,0.009512000000000001,1.8647272727272728,0.46792601338055884,0.05675675675675676,0.4637285491419657,0.35737291086350975
"eat, really",place,0.03,0.369,0.02,0.6666666666666667,1.806684733514002,1.0,0.00893,1.8930000000000005,0.4603092783505155,0.052770448548812667,0.4717379820390915,0.3604336043360434
"eat, really",good,0.03,0.358,0.021,0.7000000000000001,1.9553072625698327,1.0,0.010260000000000002,2.1400000000000006,0.5036818851251842,0.05722070844686649,0.532710280373832,0.3793296089385475
"eat, really",food,0.03,0.359,0.02,0.6666666666666667,1.8570102135561748,1.0,0.009230000000000002,1.9230000000000005,0.47577319587628875,0.05420054200542006,0.47997919916796683,0.361188486536676
"eat, food",good,0.051,0.358,0.031,0.607843137254902,1.6978858582539162,1.0,0.012742000000000003,1.6371000000000002,0.433121452122778,0.082010582010582,0.3891637651945514,0.34721765801292587
"eat, good",food,0.045,0.359,0.031,0.6888888888888889,1.918910554008047,1.0,0.014845,2.0603571428571428,0.5014355683161629,0.08310991957104558,0.5146472525567689,0.3876199319096255
"eat, place",good,0.048,0.358,0.026,0.5416666666666666,1.5130353817504656,1.0,0.008815999999999997,1.4007272727272726,0.35617323852617966,0.06842105263157895,0.2860851505711318,0.3071461824953445
"eat, good",place,0.045,0.369,0.026,0.5777777777777777,1.5657934357121348,1.0,0.009395,1.4944736842105262,0.37837293596455907,0.06701030927835051,0.33086811058284904,0.32411924119241187
"eat, time",place,0.03,0.369,0.022,0.7333333333333333,1.9873532068654018,1.0,0.010929999999999999,2.3662499999999995,0.5121836925960638,0.05835543766578249,0.577390385631273,0.39647696476964767
"eat, get",place,0.034,0.369,0.021,0.6176470588235294,1.6738402678144428,1.0,0.008454000000000001,1.6503076923076925,0.41674060928719314,0.0549738219895288,0.39405239116248725,0.33727881396461024
"eat, get",good,0.034,0.358,0.02,0.5882352941176471,1.6431153466973383,1.0,0.007828,1.5591428571428572,0.405175983436853,0.053763440860215055,0.35862195345427894,0.3220506079526783
"eat, one",place,0.024,0.369,0.021,0.875,2.3712737127371275,1.0,0.012144000000000002,5.048,0.5925058548009369,0.05645161290322581,0.8019017432646592,0.4659552845528455
night,place,0.081,0.369,0.043,0.5308641975308641,1.4386563618722605,1.0,0.013110999999999998,1.3450263157894735,0.33178125869878783,0.10565110565110564,0.2565201228698322,0.3236976814212586
"night, place",food,0.043,0.359,0.024,0.558139534883721,1.554706225302844,1.0,0.008563000000000003,1.4506842105263162,0.3728230581678859,0.0634920634920635,0.31067010122265376,0.31249595128587165
"food, night",place,0.04,0.369,0.024,0.6,1.6260162601626016,1.0,0.00924,1.5775,0.4010416666666667,0.062337662337662345,0.36608557844690964,0.33252032520325203
"night, place",like,0.043,0.209,0.022,0.5116279069767442,2.447980416156671,1.0,0.013013,1.6196666666666668,0.6180773249738768,0.09565217391304347,0.38258901008437957,0.3084455324357405
"like, night",place,0.034,0.369,0.022,0.6470588235294117,1.753546947234178,1.0,0.009453999999999999,1.787833333333333,0.4448522492000753,0.05774278215223097,0.44066374568844957,0.35333970986768687
"food, night",good,0.04,0.358,0.022,0.5499999999999999,1.536312849162011,1.0,0.007679999999999999,1.4266666666666665,0.36363636363636365,0.05851063829787235,0.2990654205607476,0.3057262569832402
"good, night",food,0.035,0.359,0.022,0.6285714285714284,1.7508953442101072,1.0,0.009434999999999997,1.7257692307692303,0.4444182760244935,0.059139784946236555,0.42054825050144845,0.3449263828093911
"go, night",place,0.033,0.369,0.021,0.6363636363636364,1.7245627001724562,1.0,0.008823000000000001,1.73525,0.4344807209336682,0.05511811023622047,0.42371416222446334,0.3466371027346637
"go, night",food,0.033,0.359,0.02,0.6060606060606061,1.688191103232886,1.0,0.008153,1.6271538461538462,0.42156153050672185,0.053763440860215055,0.3854299626530516,0.3308854562336457
"food, night",go,0.04,0.2,0.02,0.5,2.5,1.0,0.012,1.6,0.6250000000000001,0.0909090909090909,0.37499999999999994,0.3
"night, place",time,0.043,0.273,0.022,0.5116279069767442,1.8740948973507112,1.0,0.010261,1.4886190476190477,0.48736582122162064,0.07482993197278912,0.3282364607658104,0.29610699378141236
"night, time",place,0.032,0.369,0.022,0.6875,1.8631436314363143,1.0,0.010191999999999998,2.0192,0.47858752817430494,0.058047493403693924,0.5047543581616482,0.373560298102981
"night, place",one,0.043,0.224,0.022,0.5116279069767442,2.2840531561461797,1.0,0.012367999999999999,1.5889523809523811,0.5874418162819417,0.08979591836734692,0.3706545192999281,0.30492109634551495
"night, one",place,0.03,0.369,0.022,0.7333333333333333,1.9873532068654018,1.0,0.010929999999999999,2.3662499999999995,0.5121836925960638,0.05835543766578249,0.577390385631273,0.39647696476964767
star,place,0.068,0.369,0.036,0.5294117647058822,1.4347202295552364,1.0,0.010907999999999998,1.3408749999999998,0.325107296137339,0.08977556109725685,0.25421832758459945,0.31348637015781916
"place, star",would,0.036,0.207,0.02,0.5555555555555556,2.683843263553409,1.0,0.012548,1.7842500000000001,0.6508298755186722,0.08968609865470852,0.4395404231469806,0.32608695652173914
"star, would",place,0.032,0.369,0.02,0.625,1.6937669376693767,1.0,0.008192,1.6826666666666668,0.4231404958677686,0.05249343832020997,0.40570522979397783,0.33960027100271
atmosphere,food,0.066,0.359,0.035,0.5303030303030303,1.4771672153287752,1.0,0.011306000000000004,1.3647096774193548,0.3458550015295198,0.08974358974358974,0.2672434170094076,0.3138980332573647
atmosphere,great,0.066,0.349,0.038,0.5757575757575757,1.6497351740904749,1.0,0.014966,1.5344999999999998,0.42167248957511555,0.10079575596816975,0.3483219289670902,0.3423200486237735
atmosphere,good,0.066,0.358,0.033,0.5,1.3966480446927374,1.0,0.009372000000000002,1.284,0.3040685224839401,0.08439897698209718,0.22118380062305298,0.29608938547486036
"atmosphere, food",great,0.035,0.349,0.024,0.6857142857142856,1.9647973802701595,1.0,0.011785,2.071363636363636,0.5088514680483592,0.06666666666666667,0.5172262453368442,0.3772410970118706
"atmosphere, great",food,0.038,0.359,0.024,0.6315789473684211,1.7592728338953236,1.0,0.010358000000000001,1.7398571428571432,0.44863132363132363,0.06434316353887401,0.425240167501437,0.3492156575282217
"atmosphere, food",place,0.035,0.369,0.02,0.5714285714285714,1.5485869144405728,1.0,0.007084999999999999,1.4723333333333333,0.36709844559585486,0.052083333333333336,0.32080597690740315,0.3128145567169957
"atmosphere, place",food,0.032,0.359,0.02,0.625,1.7409470752089138,1.0,0.008512,1.7093333333333334,0.43966942148760335,0.05390835579514825,0.41497659906396256,0.34035515320334264
"atmosphere, place",great,0.032,0.349,0.021,0.65625,1.8803724928366763,1.0,0.009832000000000002,1.8938181818181818,0.483667847304211,0.05833333333333334,0.4719662058371736,0.3582109598853868
"atmosphere, great",place,0.038,0.369,0.021,0.5526315789473685,1.4976465554129228,1.0,0.0069780000000000016,1.4104705882352944,0.3454113454113455,0.05440414507772022,0.2910167653682543,0.30477107402652975
"atmosphere, food",good,0.035,0.358,0.021,0.6,1.675977653631285,1.0,0.00847,1.605,0.4179620034542314,0.05645161290322581,0.37694704049844235,0.32932960893854746
"atmosphere, good",food,0.033,0.359,0.021,0.6363636363636364,1.7726006583945304,1.0,0.009153000000000001,1.76275,0.4507312749298272,0.05660377358490566,0.4327045809105091,0.34742972904532793
"atmosphere, great",good,0.038,0.358,0.021,0.5526315789473685,1.5436636283446048,1.0,0.0073960000000000015,1.435058823529412,0.3661023661023662,0.056000000000000015,0.3031644531890475,0.3056453984122317
"atmosphere, good",great,0.033,0.349,0.021,0.6363636363636364,1.8233915082052619,1.0,0.009483000000000002,1.7902500000000001,0.46698182892598616,0.05817174515235458,0.44141879625750596,0.348267778067205
4,good,0.042,0.358,0.023,0.5476190476190476,1.5296621441872837,1.0,0.007963999999999999,1.419157894736842,0.3614414087319597,0.061007957559681705,0.29535677199228594,0.30593242883745675
bring,food,0.035,0.359,0.02,0.5714285714285714,1.5917230401910067,1.0,0.007434999999999999,1.4956666666666667,0.38523316062176155,0.053475935828877004,0.33140182750167146,0.31356943891762834
"food, time",place,0.098,0.369,0.055,0.5612244897959183,1.5209335766827055,1.0,0.018838,1.4380930232558138,0.379721830276154,0.13349514563106796,0.3046346906432937,0.35513799015541175
"food, time",good,0.098,0.358,0.054,0.5510204081632653,1.5391631512940371,1.0,0.018916000000000002,1.4299090909090908,0.38835509567216886,0.13432835820895522,0.30065484137580256,0.35092919849504045
"food, place, time",good,0.055,0.358,0.032,0.5818181818181818,1.6251904520060945,1.0,0.012310000000000001,1.5352173913043479,0.40707671957671965,0.08398950131233596,0.3486264514301897,0.3356018283392585
"food, good, time",place,0.054,0.369,0.032,0.5925925925925926,1.6059419853457793,1.0,0.012074000000000001,1.5488181818181816,0.398850422832981,0.08184143222506393,0.35434642249222276,0.33965672990063234
"food, great, time",place,0.036,0.369,0.024,0.6666666666666667,1.806684733514002,1.0,0.010716000000000002,1.8930000000000005,0.46317427385892124,0.06299212598425198,0.4717379820390915,0.3658536585365854
"place, time",good,0.125,0.358,0.067,0.536,1.4972067039106147,1.0,0.022250000000000006,1.3836206896551726,0.37953091684434975,0.16105769230769232,0.27725856697819323,0.3615754189944134
"good, time",place,0.112,0.369,0.067,0.5982142857142857,1.6211769260549749,1.0,0.025672,1.5704888888888888,0.4314911926852225,0.16183574879227056,0.3632556033506905,0.38989305071622143
"service, time",food,0.082,0.359,0.041,0.5,1.392757660167131,1.0,0.011562000000000003,1.282,0.30718954248366015,0.1025,0.2199687987519501,0.3071030640668524
"place, service, time",food,0.037,0.359,0.024,0.6486486486486487,1.8068207483249268,1.0,0.010717,1.8243846153846157,0.4636985115957079,0.06451612903225808,0.45186996669055957,0.3577505081683355
"food, service, time",place,0.041,0.369,0.024,0.5853658536585366,1.5863573269879039,1.0,0.008871,1.5218235294117646,0.3854275286757039,0.062176165803108814,0.3428935874144795,0.3252032520325203
"place, service, time",good,0.037,0.358,0.025,0.6756756756756758,1.8873622225577535,1.0,0.011754000000000002,1.9795000000000007,0.4882242990654207,0.06756756756756759,0.4948219247284669,0.37275403895515635
"good, place, service",time,0.048,0.273,0.025,0.5208333333333334,1.9078144078144077,1.0,0.011896,1.5172173913043479,0.4998319327731092,0.08445945945945947,0.3408986703347089,0.3062042124542125
"good, service, time",place,0.04,0.369,0.025,0.625,1.6937669376693767,1.0,0.01024,1.6826666666666668,0.4266666666666667,0.06510416666666669,0.40570522979397783,0.34637533875338755
"food, service, time",good,0.041,0.358,0.028,0.6829268292682926,1.9076168415315438,1.0,0.013322,2.0247692307692304,0.4961269179204529,0.07547169811320756,0.5061165564926676,0.380569559885543
"food, good, time",service,0.054,0.28,0.028,0.5185185185185185,1.8518518518518516,1.0,0.012879999999999999,1.4953846153846153,0.48625792811839325,0.09150326797385622,0.331275720164609,0.30925925925925923
"good, service, time",food,0.04,0.359,0.028,0.7,1.9498607242339832,1.0,0.013640000000000001,2.1366666666666663,0.5074404761904762,0.07547169811320756,0.53198127925117,0.38899721448467967
"great, time",place,0.099,0.369,0.051,0.5151515151515151,1.3960745668062742,1.0,0.014468999999999996,1.3014375,0.31487889273356395,0.1223021582733813,0.2316188829659511,0.3266814486326681
"good, great, time",place,0.035,0.369,0.021,0.6,1.6260162601626016,1.0,0.008085,1.5775,0.39896373056994816,0.05483028720626632,0.36608557844690964,0.3284552845528455
"back, place",food,0.086,0.359,0.044,0.5116279069767442,1.4251473731942736,1.0,0.013126000000000002,1.3125238095238096,0.32638750745971756,0.10972568578553617,0.23810905924609083,0.3170952905357259
"back, food",place,0.085,0.369,0.044,0.5176470588235293,1.4028375577873424,1.0,0.012634999999999993,1.308170731707317,0.3138350720317932,0.10731707317073169,0.2355737857742145,0.3184441256177267
"back, food",good,0.085,0.358,0.047,0.5529411764705882,1.5445284258954977,1.0,0.016569999999999998,1.4360526315789472,0.38530403441460287,0.11868686868686869,0.3036466923217884,0.3421130463358527
"back, food, place",good,0.044,0.358,0.025,0.5681818181818182,1.5871000507872017,1.0,0.009248000000000003,1.4867368421052634,0.38694560669456074,0.06631299734748011,0.3273860096290004,0.3190071102082276
"back, good, place",food,0.045,0.359,0.025,0.5555555555555556,1.5475085112968123,1.0,0.008845000000000002,1.44225,0.3704712041884818,0.06596306068601585,0.30663893222395566,0.3125967192819561
"back, food, good",place,0.047,0.369,0.025,0.5319148936170213,1.441503776739895,1.0,0.007657000000000001,1.3480454545454545,0.3213850996852047,0.0639386189258312,0.25818525137404325,0.2998327855618982
"back, place",good,0.086,0.358,0.045,0.5232558139534884,1.4616084188644929,1.0,0.014212000000000002,1.3466341463414635,0.3455385363481644,0.11278195488721805,0.25740780989639944,0.3244770689879174
"back, great, place",food,0.038,0.359,0.021,0.5526315789473685,1.5393637296584082,1.0,0.007358000000000002,1.4328235294117648,0.3642213642213643,0.055851063829787245,0.3020773462517449,0.305563700337194
"back, food, great",place,0.036,0.369,0.021,0.5833333333333334,1.5808491418247517,1.0,0.007716000000000002,1.5144000000000002,0.3811499703615887,0.05468750000000001,0.3396724775488643,0.3201219512195122
"back, food, great",service,0.036,0.28,0.023,0.638888888888889,2.2817460317460316,1.0,0.01292,1.993846153846154,0.5827169402850443,0.07849829351535836,0.49845679012345684,0.36051587301587307
"back, food, service",great,0.037,0.349,0.023,0.6216216216216216,1.7811507782854488,1.0,0.010087,1.7205,0.45541559438349366,0.06336088154269974,0.4187736123219994,0.3437621002090916
"back, great, service",food,0.036,0.359,0.023,0.638888888888889,1.7796347879913341,1.0,0.010076000000000002,1.7750769230769234,0.45444705033375443,0.06182795698924732,0.43664413243196404,0.3514778706282885
"back, place, service",food,0.03,0.359,0.02,0.6666666666666667,1.8570102135561748,1.0,0.009230000000000002,1.9230000000000005,0.47577319587628875,0.05420054200542006,0.47997919916796683,0.361188486536676
"back, food, service",place,0.037,0.369,0.02,0.5405405405405406,1.4648795136600015,1.0,0.006347000000000002,1.3733529411764707,0.32954309449636565,0.051813471502590684,0.2718550563241531,0.2973705412729803
"back, one",place,0.063,0.369,0.035,0.5555555555555556,1.5055706112616682,1.0,0.011753000000000003,1.41975,0.35837780149413023,0.08816120906801007,0.29565064271878855,0.3252032520325203
"back, one",good,0.063,0.358,0.033,0.5238095238095238,1.4631550944400107,1.0,0.010446000000000004,1.3482,0.3378286601338897,0.08505154639175258,0.2582702863076695,0.3079941473796223
"also, place",food,0.074,0.359,0.043,0.581081081081081,1.6186102537077467,1.0,0.016433999999999997,1.5301290322580643,0.41272791199959813,0.11025641025641024,0.34646034490028244,0.35042911992772713
"also, food",place,0.065,0.369,0.043,0.6615384615384614,1.7927871586408168,1.0,0.019014999999999997,1.864318181818181,0.4729511254819052,0.10997442455242966,0.4636108740704618,0.38903481342505725
"also, food",good,0.065,0.358,0.039,0.6,1.675977653631285,1.0,0.01573,1.605,0.4313725490196078,0.1015625,0.37694704049844235,0.35446927374301673
"also, good",food,0.072,0.359,0.039,0.5416666666666667,1.508820798514392,1.0,0.013152000000000004,1.3985454545454548,0.36339522546419106,0.09948979591836735,0.28497139885595435,0.3251508820798515
"also, food, place",good,0.043,0.358,0.029,0.6744186046511629,1.883850850980902,1.0,0.013606000000000004,1.9718571428571434,0.49025330594890654,0.07795698924731184,0.4928638701731509,0.37771209562167085
"also, good, place",food,0.039,0.359,0.029,0.7435897435897436,2.0712806228126563,1.0,0.014999000000000002,2.4999000000000002,0.5381965624887869,0.07859078590785909,0.5999839993599745,0.4121848439397186
"also, food, good",place,0.039,0.369,0.029,0.7435897435897436,2.015148356611771,1.0,0.014609000000000002,2.4609,0.524202518927841,0.07651715039577837,0.5936446015685318,0.41109026474880134
"also, food, place",one,0.043,0.224,0.024,0.558139534883721,2.491694352159469,1.0,0.014368,1.7562105263157899,0.6255660048763497,0.09876543209876543,0.4305921841285065,0.33264119601328906
"also, one, place",food,0.041,0.359,0.024,0.5853658536585366,1.630545553366397,1.0,0.009281000000000001,1.5459411764705882,0.403241223496698,0.06382978723404256,0.3531448575016171,0.3261091106732794
"also, food, one",place,0.027,0.369,0.024,0.888888888888889,2.408912978018669,1.0,0.014037,5.679000000000003,0.6011048304213772,0.06451612903225806,0.8239126606796973,0.4769647696476965
"also, place",time,0.074,0.273,0.038,0.5135135135135135,1.8810018810018807,1.0,0.017797999999999998,1.4943888888888888,0.5057974309423666,0.12297734627831713,0.3308301423844752,0.3263538263538263
"also, time",place,0.061,0.369,0.038,0.6229508196721312,1.68821360344751,1.0,0.015491000000000001,1.673521739130435,0.43414046297853265,0.09693877551020408,0.40245771738848046,0.36296592474121464
"also, time",one,0.061,0.224,0.034,0.5573770491803279,2.488290398126464,1.0,0.020336,1.7531851851851854,0.6369730000626448,0.1354581673306773,0.4296095994591855,0.3545813817330211
"also, one",time,0.065,0.273,0.034,0.5230769230769231,1.9160326852634544,1.0,0.016255000000000002,1.5243548387096775,0.5113243158225856,0.11184210526315788,0.3439847635170882,0.3238095238095238
"also, time",good,0.061,0.358,0.031,0.5081967213114754,1.4195439142778643,1.0,0.009162,1.3054000000000001,0.31474801607750175,0.07989690721649484,0.2339512793013636,0.29739445004121257
"also, food, time",good,0.029,0.358,0.021,0.7241379310344828,2.0227316509343094,1.0,0.010618,2.3272500000000003,0.5207199254573096,0.05737704918032788,0.5703083037920292,0.39139857445578885
"also, food, good",time,0.039,0.273,0.021,0.5384615384615385,1.9723865877712032,1.0,0.010353000000000001,1.5751666666666668,0.5130072840790844,0.07216494845360825,0.36514654533911767,0.3076923076923077
"also, good, time",food,0.031,0.359,0.021,0.6774193548387097,1.8869619911941777,1.0,0.009871000000000001,1.9871000000000005,0.48508526217504555,0.05691056910569106,0.49675406371093567,0.3679575882828646
"also, place, time",food,0.038,0.359,0.021,0.5526315789473685,1.5393637296584082,1.0,0.007358000000000002,1.4328235294117648,0.3642213642213643,0.055851063829787245,0.3020773462517449,0.305563700337194
"also, food, time",place,0.029,0.369,0.021,0.7241379310344828,1.9624334174376228,1.0,0.010299,2.287375,0.5050757687214948,0.05570291777188329,0.5628176403082136,0.3905242500700869
"also, place, time",one,0.038,0.224,0.025,0.6578947368421053,2.93703007518797,1.0,0.016488000000000003,2.2683076923076926,0.6855717255717256,0.10548523206751055,0.559142702116115,0.3847509398496241
"also, one, place",time,0.041,0.273,0.025,0.6097560975609756,2.2335388189046723,1.0,0.013807,1.8629375,0.5758915537017727,0.08650519031141869,0.46321333914852214,0.3506655945680336
"also, one, time",place,0.034,0.369,0.025,0.7352941176470588,1.9926669854933843,1.0,0.012454000000000002,2.383777777777777,0.5156935817805384,0.06613756613756613,0.5804978092663372,0.40152239757691693
"also, good, time",one,0.031,0.224,0.022,0.7096774193548386,3.168202764976958,1.0,0.015055999999999998,2.672888888888888,0.7062576226662914,0.09442060085836909,0.6258729630861323,0.40394585253456217
"also, good, one",time,0.034,0.273,0.022,0.6470588235294117,2.3701788407670756,1.0,0.012717999999999997,2.0598333333333327,0.5984377940899679,0.07719298245614034,0.5145238287887368,0.3638224520577461
"also, one, time",good,0.034,0.358,0.022,0.6470588235294117,1.8074268813670717,1.0,0.009827999999999998,1.8189999999999997,0.4624505928853755,0.059459459459459456,0.4502473886750961,0.35425566874794606
"also, good, place",time,0.039,0.273,0.022,0.5641025641025641,2.0663097586174506,1.0,0.011352999999999999,1.6678235294117647,0.5369879859994324,0.07586206896551724,0.40041618170916654,0.3223443223443223
"also, place, time",good,0.038,0.358,0.022,0.5789473684210527,1.6171714201705383,1.0,0.008395999999999999,1.52475,0.39671139671139666,0.05882352941176471,0.34415477947204465,0.32019994119376655
"also, good, time",place,0.031,0.369,0.022,0.7096774193548386,1.9232450389020017,1.0,0.010561,2.173444444444444,0.4954029458673422,0.0582010582010582,0.5399008230663053,0.38464900778040034
"also, back",one,0.05,0.224,0.026,0.5199999999999999,2.321428571428571,1.0,0.014799999999999997,1.6166666666666665,0.5991902834008097,0.10483870967741934,0.3814432989690721,0.31803571428571425
"also, back",place,0.05,0.369,0.026,0.5199999999999999,1.409214092140921,1.0,0.007549999999999998,1.314583333333333,0.3056680161943319,0.06615776081424937,0.23930269413629146,0.295230352303523
"also, like",food,0.049,0.359,0.029,0.5918367346938775,1.6485702916264,1.0,0.011409000000000002,1.57045,0.41368432502991415,0.07651715039577837,0.3632398357158776,0.33630833949178557
"also, like",time,0.049,0.273,0.025,0.5102040816326531,1.868879419899828,1.0,0.011623,1.4842916666666666,0.4888748685594111,0.08417508417508418,0.3262779664823288,0.3008895866038723
"also, like",place,0.049,0.369,0.032,0.6530612244897959,1.7698136165035119,1.0,0.013919,1.8187647058823526,0.457380389064143,0.08290155440414508,0.45017626702027874,0.369891045849234
"also, like",good,0.049,0.358,0.03,0.6122448979591836,1.7101812792155966,1.0,0.012458,1.6556842105263154,0.4366631615842973,0.07957559681697612,0.3960200902791022,0.3480218903203739
"also, like",one,0.049,0.224,0.026,0.5306122448979591,2.3688046647230316,1.0,0.015023999999999997,1.6532173913043475,0.6076195098277116,0.10526315789473682,0.3951188722911844,0.32334183673469385
"also, food, place",like,0.043,0.209,0.022,0.5116279069767442,2.447980416156671,1.0,0.013013,1.6196666666666668,0.6180773249738768,0.09565217391304347,0.38258901008437957,0.3084455324357405
"also, like, place",food,0.032,0.359,0.022,0.6875,1.9150417827298052,1.0,0.010511999999999999,2.0512,0.49361382419233657,0.05962059620596206,0.5124804992199689,0.37439066852367686
"also, food, like",place,0.029,0.369,0.022,0.7586206896551724,2.055882627791795,1.0,0.011298999999999998,2.614142857142857,0.528929875479824,0.058510638297872335,0.6174654352696868,0.4091206429305672
"also, food, like",good,0.029,0.358,0.02,0.689655172413793,1.9264110961279135,1.0,0.009618,2.068666666666666,0.4952626158599382,0.05449591280653951,0.5165968417660328,0.3727605471007513
"also, food, good",like,0.039,0.209,0.02,0.5128205128205129,2.4536866642129804,1.0,0.011849,1.6236315789473688,0.6164932362122788,0.08771929824561403,0.3840967292294727,0.3042571463624095
"also, good, like",food,0.03,0.359,0.02,0.6666666666666667,1.8570102135561748,1.0,0.009230000000000002,1.9230000000000005,0.47577319587628875,0.05420054200542006,0.47997919916796683,0.361188486536676
"also, like, place",good,0.032,0.358,0.02,0.625,1.7458100558659218,1.0,0.008544000000000001,1.712,0.4413223140495869,0.05405405405405406,0.4158878504672897,0.3404329608938548
"also, good, place",like,0.039,0.209,0.02,0.5128205128205129,2.4536866642129804,1.0,0.011849,1.6236315789473688,0.6164932362122788,0.08771929824561403,0.3840967292294727,0.3042571463624095
"also, good, like",place,0.03,0.369,0.02,0.6666666666666667,1.806684733514002,1.0,0.00893,1.8930000000000005,0.4603092783505155,0.052770448548812667,0.4717379820390915,0.3604336043360434
"also, great",place,0.058,0.369,0.032,0.5517241379310345,1.49518736566676,1.0,0.010598,1.4076153846153847,0.3515790870488323,0.0810126582278481,0.28957866550084704,0.3192225025698533
"also, great, place",food,0.032,0.359,0.02,0.625,1.7409470752089138,1.0,0.008512,1.7093333333333334,0.43966942148760335,0.05390835579514825,0.41497659906396256,0.34035515320334264
"also, food, great",place,0.028,0.369,0.02,0.7142857142857143,1.9357336430507164,1.0,0.009668,2.2085000000000004,0.49732510288065845,0.05305039787798409,0.5472039846049355,0.38424312814556716
"also, get",food,0.044,0.359,0.028,0.6363636363636365,1.7726006583945306,1.0,0.012204000000000003,1.7627500000000005,0.4559175134488943,0.07466666666666667,0.43270458091050934,0.3571790326664979
"also, get",place,0.044,0.369,0.027,0.6136363636363636,1.6629711751662972,1.0,0.010764,1.6331764705882355,0.41701534170153415,0.06994818652849742,0.3876962973634923,0.34340354767184034
"also, get",great,0.044,0.349,0.022,0.5,1.4326647564469914,1.0,0.006644000000000001,1.302,0.31589958158995823,0.05929919137466308,0.2319508448540707,0.2815186246418338
"also, get",good,0.044,0.358,0.024,0.5454545454545455,1.5236160487557138,1.0,0.008248000000000002,1.4124000000000003,0.3594839609483962,0.0634920634920635,0.2919852732936846,0.3062468257998985
"also, get",time,0.044,0.273,0.023,0.5227272727272727,1.9147519147519145,1.0,0.010988,1.523238095238095,0.4997271238857559,0.0782312925170068,0.3435038139302238,0.3034881784881785
"also, get",one,0.044,0.224,0.022,0.5,2.232142857142857,1.0,0.012143999999999999,1.552,0.5774058577405857,0.08943089430894308,0.3556701030927835,0.29910714285714285
"also, food, get",place,0.028,0.369,0.022,0.7857142857142857,2.129307007355788,1.0,0.011667999999999998,2.9446666666666665,0.5456416011971568,0.058666666666666666,0.6604029884537016,0.4226674409601239
"also, get, place",food,0.027,0.359,0.022,0.8148148148148148,2.2696791499019913,1.0,0.012306999999999998,3.4613999999999994,0.5749322619826217,0.06043956043956044,0.7110995550933148,0.43804807593108425
"also, food, place",get,0.043,0.219,0.022,0.5116279069767442,2.336200488478284,1.0,0.012582999999999999,1.5991904761904763,0.5976536525125867,0.09166666666666666,0.3746836196885329,0.3060422639906552
"also, get","food, place",0.044,0.159,0.022,0.5,3.144654088050314,1.0,0.015004,1.682,0.7133891213389122,0.12154696132596683,0.4054696789536266,0.3191823899371069
"also, place",good,0.074,0.358,0.039,0.5270270270270271,1.4721425335950478,1.0,0.012508000000000002,1.3573714285714287,0.34634767680124057,0.09923664122137404,0.2632819735623475,0.3179827872565303
"also, good",place,0.072,0.369,0.039,0.5416666666666667,1.4679313459801266,1.0,0.012432000000000002,1.376727272727273,0.343501326259947,0.09701492537313432,0.2736397253037508,0.32367886178861793
"also, place",one,0.074,0.224,0.041,0.5540540540540541,2.4734555984555984,1.0,0.024424,1.7401212121212122,0.6433124374440288,0.1595330739299611,0.42532738924491503,0.3685448841698842
"also, one",place,0.065,0.369,0.041,0.6307692307692307,1.7094017094017093,1.0,0.017015000000000002,1.7089583333333334,0.4438502673796792,0.10432569974554708,0.41484822625868584,0.37094017094017095
"also, one",good,0.065,0.358,0.034,0.5230769230769231,1.4611087236785563,1.0,0.010730000000000003,1.3461290322580646,0.3375275243787355,0.08740359897172237,0.2571291636712198,0.30902449505801466
"also, good, place",one,0.039,0.224,0.023,0.5897435897435898,2.6327838827838828,1.0,0.014263999999999999,1.8915000000000002,0.6453422612315071,0.09583333333333333,0.471319058947925,0.3462110805860806
"also, one, place",good,0.041,0.358,0.023,0.5609756097560975,1.5669709769723394,1.0,0.008322,1.4623333333333333,0.37729518973568477,0.06117021276595745,0.3161613859129245,0.3126107099059817
"also, good, one",place,0.034,0.369,0.023,0.676470588235294,1.8332536266539134,1.0,0.010454,1.9503636363636359,0.4705193986857503,0.060526315789473685,0.4872751002144121,0.36940060577076356
"also, would",one,0.05,0.224,0.032,0.64,2.857142857142857,1.0,0.0208,2.155555555555556,0.6842105263157895,0.1322314049586777,0.5360824742268041,0.39142857142857146
"also, would",place,0.05,0.369,0.03,0.6,1.6260162601626016,1.0,0.011549999999999998,1.5775,0.4052631578947368,0.07712082262210797,0.36608557844690964,0.34065040650406503
"also, would",time,0.05,0.273,0.027,0.5399999999999999,1.9780219780219777,1.0,0.013349999999999997,1.5804347826086953,0.5204678362573099,0.09121621621621621,0.3672627235213204,0.3194505494505494
"also, one, place",would,0.041,0.207,0.023,0.5609756097560975,2.7100271002710024,1.0,0.014513,1.8062777777777776,0.6579770594369134,0.10222222222222221,0.4463752960354319,0.33604336043360433
"also, place, would",one,0.03,0.224,0.023,0.7666666666666667,3.422619047619048,1.0,0.01628,3.3257142857142865,0.7297176154190945,0.09956709956709955,0.6993127147766324,0.43467261904761906
"one, place, would",also,0.041,0.155,0.023,0.5609756097560975,3.619197482297403,1.0,0.016645,1.924722222222222,0.7546357165525683,0.1329479768786127,0.48044450858709764,0.3546813532651455
"also, one, would",place,0.032,0.369,0.023,0.71875,1.9478319783197833,1.0,0.011191999999999999,2.2435555555555555,0.502694933524973,0.06084656084656084,0.5542789223454834,0.39054031165311653
"also, place, time",would,0.038,0.207,0.02,0.5263157894736842,2.5425883549453343,1.0,0.012134,1.674111111111111,0.6306652806652807,0.08888888888888889,0.402668082564545,0.31146707348080344
"also, place, would",time,0.03,0.273,0.02,0.6666666666666667,2.442002442002442,1.0,0.01181,2.1810000000000005,0.6087628865979381,0.07067137809187278,0.5414947271893628,0.36996336996337
"also, time, would",place,0.027,0.369,0.02,0.7407407407407408,2.0074274816822246,1.0,0.010037,2.4338571428571436,0.5157759506680369,0.05319148936170213,0.5891295415859601,0.3974706413730804
"also, time, would",one,0.027,0.224,0.02,0.7407407407407408,3.306878306878307,1.0,0.013951999999999999,2.993142857142858,0.7169578622816032,0.08658008658008658,0.6659030164184805,0.41501322751322756
"also, one, would",time,0.032,0.273,0.02,0.625,2.2893772893772892,1.0,0.011264,1.9386666666666665,0.5818181818181818,0.07017543859649122,0.484181568088033,0.3491300366300366
"also, one, time",would,0.034,0.207,0.02,0.5882352941176471,2.8417163967036094,1.0,0.012962000000000001,1.925857142857143,0.6709109730848862,0.09049773755656108,0.48075068615087907,0.3424268258027849
"also, service",food,0.049,0.359,0.027,0.5510204081632653,1.5348757887556135,1.0,0.009409,1.427681818181818,0.36643688904467037,0.07086614173228348,0.2995638192874653,0.31311466090614515
"also, service",place,0.049,0.369,0.025,0.5102040816326531,1.3826668878933688,1.0,0.0069190000000000015,1.2882916666666666,0.2910199789695058,0.06361323155216286,0.22377825932274656,0.2889773795697141
"also, service",good,0.049,0.358,0.03,0.6122448979591836,1.7101812792155966,1.0,0.012458,1.6556842105263154,0.4366631615842973,0.07957559681697612,0.3960200902791022,0.3480218903203739
"also, service",great,0.049,0.349,0.026,0.5306122448979591,1.520378925209052,1.0,0.008899,1.3869130434782606,0.3599045539108631,0.06989247311827958,0.2789742625160662,0.3025554061166013
"also, really",good,0.045,0.358,0.031,0.6888888888888889,1.9242706393544382,1.0,0.01489,2.0635714285714286,0.5029555818273941,0.08333333333333333,0.5154032537210107,0.3877405338299193
"also, really",place,0.045,0.369,0.027,0.6,1.6260162601626016,1.0,0.010395000000000001,1.5775,0.4031413612565446,0.06976744186046513,0.36608557844690964,0.3365853658536585
"also, really",one,0.045,0.224,0.026,0.5777777777777777,2.579365079365079,1.0,0.015919999999999997,1.837894736842105,0.6411598872331856,0.10699588477366254,0.45589919816723934,0.34692460317460316
"also, really",great,0.045,0.349,0.023,0.5111111111111111,1.4645017510347023,1.0,0.007295000000000003,1.331590909090909,0.33211928067379937,0.0619946091644205,0.2490186038573135,0.28850684495383633
"also, really",time,0.045,0.273,0.026,0.5777777777777777,2.116402116402116,1.0,0.013714999999999998,1.7218421052631576,0.5523560209424083,0.08904109589041095,0.4192266544398593,0.3365079365079365
"also, place, really",one,0.027,0.224,0.02,0.7407407407407408,3.306878306878307,1.0,0.013951999999999999,2.993142857142858,0.7169578622816032,0.08658008658008658,0.6659030164184805,0.41501322751322756
"one, place, really",also,0.036,0.155,0.02,0.5555555555555556,3.5842293906810037,1.0,0.01442,1.90125,0.7479253112033196,0.11695906432748537,0.4740302432610125,0.34229390681003585
"also, one, really",place,0.026,0.369,0.02,0.7692307692307693,2.0846362309776945,1.0,0.010406,2.7343333333333337,0.5341889117043122,0.05333333333333334,0.6342801414116788,0.41171565561809464
"also, good, really",one,0.031,0.224,0.02,0.6451612903225806,2.880184331797235,1.0,0.013056,2.186909090909091,0.6736842105263158,0.0851063829787234,0.5427336215497173,0.36722350230414746
"good, one, really",also,0.033,0.155,0.02,0.6060606060606061,3.9100684261974585,1.0,0.014884999999999999,2.145,0.7696483971044467,0.11904761904761904,0.5337995337995338,0.3675464320625611
"also, good, one",really,0.034,0.182,0.02,0.5882352941176471,3.2320620555914674,1.0,0.013812000000000001,1.9865714285714289,0.7149068322981367,0.10204081632653061,0.49662016395800374,0.3490627020038785
"also, one, really",good,0.026,0.358,0.02,0.7692307692307693,2.1486892995272884,1.0,0.010692000000000002,2.7820000000000005,0.5488706365503081,0.05494505494505495,0.6405463695183322,0.4125483455092394
"also, go",place,0.032,0.369,0.022,0.6875,1.8631436314363143,1.0,0.010191999999999998,2.0192,0.47858752817430494,0.058047493403693924,0.5047543581616482,0.373560298102981
love,place,0.141,0.369,0.081,0.574468085106383,1.5568240788790868,1.0,0.02897100000000001,1.4828500000000002,0.4163756305781918,0.18881118881118883,0.32562295579458483,0.3969901401141671
"love, time",place,0.048,0.369,0.03,0.625,1.6937669376693767,1.0,0.012288,1.6826666666666668,0.43025210084033616,0.07751937984496124,0.40570522979397783,0.35315040650406504
"food, love",place,0.045,0.369,0.028,0.6222222222222222,1.6862390846130684,1.0,0.011395000000000002,1.670294117647059,0.42614061331338826,0.07253886010362695,0.40130304631097025,0.34905149051490514
"like, love",place,0.04,0.369,0.026,0.6499999999999999,1.7615176151761516,1.0,0.011239999999999998,1.8028571428571425,0.4503205128205128,0.06788511749347259,0.44532488114104585,0.36023035230352296
"good, love",place,0.046,0.369,0.031,0.6739130434782609,1.8263226110521975,1.0,0.014026,1.9350666666666667,0.4742679380536958,0.08072916666666667,0.48322193895128507,0.378961941793331
"go, love",place,0.033,0.369,0.02,0.6060606060606061,1.6424406668309108,1.0,0.007823,1.6017692307692308,0.4044984488107549,0.05235602094240838,0.3756903424098353,0.33013057403301305
"love, service",place,0.037,0.369,0.023,0.6216216216216216,1.6846114407090016,1.0,0.009347000000000001,1.667642857142857,0.42200550814935217,0.060052219321148834,0.4003512228551848,0.34197612246392733
"great, love",place,0.058,0.369,0.035,0.603448275862069,1.6353611811980189,1.0,0.013598000000000002,1.5912173913043477,0.4124355474673947,0.08928571428571429,0.37155035794305696,0.349149612185777
"love, would",place,0.032,0.369,0.02,0.625,1.6937669376693767,1.0,0.008192,1.6826666666666668,0.4231404958677686,0.05249343832020997,0.40570522979397783,0.33960027100271
"love, one",place,0.03,0.369,0.022,0.7333333333333333,1.9873532068654018,1.0,0.010929999999999999,2.3662499999999995,0.5121836925960638,0.05835543766578249,0.577390385631273,0.39647696476964767
"get, love",place,0.03,0.369,0.02,0.6666666666666667,1.806684733514002,1.0,0.00893,1.8930000000000005,0.4603092783505155,0.052770448548812667,0.4717379820390915,0.3604336043360434
"love, really",place,0.032,0.369,0.024,0.75,2.032520325203252,1.0,0.012192,2.524,0.5247933884297521,0.0636604774535809,0.6038034865293186,0.40752032520325204
"back, got",place,0.059,0.369,0.03,0.5084745762711864,1.37797988149373,1.0,0.008229,1.2837586206896552,0.2914984059511158,0.07537688442211055,0.2210373633457788,0.29488769463965825
"back, got",good,0.059,0.358,0.03,0.5084745762711864,1.4203200454502414,1.0,0.008878,1.3061379310344827,0.3144881331916401,0.07751937984496124,0.23438407518876392,0.2961367294763753
"food, got",good,0.052,0.358,0.035,0.6730769230769231,1.8801031370863774,1.0,0.016384000000000006,1.9637647058823533,0.49379144062688385,0.09333333333333334,0.49077402348430393,0.38542114310270736
"good, got",food,0.066,0.359,0.035,0.5303030303030303,1.4771672153287752,1.0,0.011306000000000004,1.3647096774193548,0.3458550015295198,0.08974358974358974,0.2672434170094076,0.3138980332573647
"food, got",place,0.052,0.369,0.026,0.5,1.3550135501355014,1.0,0.006811999999999999,1.262,0.27637130801687765,0.06582278481012659,0.2076069730586371,0.285230352303523
"got, time",back,0.051,0.212,0.031,0.607843137254902,2.8671846096929343,1.0,0.020188,2.0094000000000003,0.6862231890954826,0.1336206896551724,0.5023390066686574,0.37703477617462083
"back, got",time,0.059,0.273,0.031,0.5254237288135594,1.924629043273111,1.0,0.014893,1.5318928571428572,0.510541291008193,0.10299003322259134,0.3472128319306181,0.3194884211833364
"got, time",place,0.051,0.369,0.03,0.5882352941176471,1.5941335883947076,1.0,0.011181,1.5324285714285715,0.3927291886195996,0.07692307692307691,0.3474410366365247,0.3347680535628886
"got, time",good,0.051,0.358,0.029,0.5686274509803922,1.5883448351407605,1.0,0.010742000000000005,1.4882727272727276,0.39032011918171594,0.07631578947368423,0.3280801417140066,0.32481651878628554
"got, like",back,0.046,0.212,0.026,0.5652173913043478,2.6661197703035273,1.0,0.016248,1.8123999999999998,0.6550556361877117,0.11206896551724137,0.4482454204369896,0.343929450369155
"got, like",good,0.046,0.358,0.029,0.6304347826086957,1.7609910128734516,1.0,0.012532000000000001,1.7371764705882355,0.45297477047639706,0.07733333333333335,0.4243532439387783,0.35572018460043725
"got, like",one,0.046,0.224,0.023,0.5,2.232142857142857,1.0,0.012695999999999999,1.552,0.5786163522012578,0.09311740890688258,0.3556701030927835,0.3013392857142857
"got, like",place,0.046,0.369,0.025,0.5434782608695653,1.4728408153646757,1.0,0.008026000000000002,1.3821904761904764,0.3365199161425577,0.06410256410256411,0.2765107145317992,0.3056144691881702
"also, got",back,0.038,0.212,0.021,0.5526315789473685,2.6067527308838137,1.0,0.012944000000000002,1.7614117647058827,0.6407286407286408,0.09170305676855896,0.43227357734437627,0.3258440913604767
"also, got",time,0.038,0.273,0.02,0.5263157894736842,1.9278966647387699,1.0,0.009626,1.5347777777777776,0.5003118503118502,0.06872852233676977,0.3484398754796206,0.2997879313668787
"also, got",place,0.038,0.369,0.025,0.6578947368421053,1.7829125659677652,1.0,0.010978000000000002,1.8444615384615388,0.4564656964656965,0.06544502617801048,0.4578363499874886,0.3628227071744402
"also, got",good,0.038,0.358,0.022,0.5789473684210527,1.6171714201705383,1.0,0.008395999999999999,1.52475,0.39671139671139666,0.05882352941176471,0.34415477947204465,0.32019994119376655
"got, place",good,0.063,0.358,0.036,0.5714285714285714,1.596169193934557,1.0,0.013446,1.498,0.3986125933831377,0.0935064935064935,0.3324432576769025,0.33599361532322425
"good, got",place,0.066,0.369,0.036,0.5454545454545454,1.4781966001478195,1.0,0.011645999999999997,1.3881999999999999,0.3463597430406852,0.09022556390977443,0.2796427027805791,0.32150776053215074
"got, great",place,0.048,0.369,0.027,0.5625,1.524390243902439,1.0,0.009288000000000001,1.4422857142857144,0.3613445378151261,0.06923076923076923,0.30665610142630745,0.3178353658536585
"got, really",back,0.036,0.212,0.023,0.638888888888889,3.0136268343815518,1.0,0.015368,2.1821538461538466,0.6931264658127368,0.10222222222222221,0.5417371686407221,0.3736897274633124
"got, really",place,0.036,0.369,0.02,0.5555555555555556,1.5055706112616682,1.0,0.0067160000000000015,1.41975,0.3483402489626557,0.05194805194805196,0.29565064271878855,0.3048780487804878
"got, really",good,0.036,0.358,0.022,0.6111111111111112,1.7070142768466794,1.0,0.009112,1.650857142857143,0.42964918898528864,0.05913978494623656,0.3942540671512635,0.3362818125387958
"got, really",like,0.036,0.209,0.021,0.5833333333333334,2.791068580542265,1.0,0.013476000000000002,1.8984000000000003,0.6656787196206284,0.09375,0.47324062368310166,0.34190590111642744
"got, one",place,0.047,0.369,0.03,0.6382978723404255,1.7298045320878739,1.0,0.012656999999999998,1.7445294117647054,0.442707240293809,0.07772020725388601,0.4267795124253969,0.35979934267427777
"got, one",good,0.047,0.358,0.026,0.5531914893617021,1.5452276239153693,1.0,0.009173999999999998,1.436857142857143,0.3702478004681572,0.06860158311345647,0.30403658779081333,0.31290859384286224
"got, one",time,0.047,0.273,0.025,0.5319148936170213,1.9484062037253524,1.0,0.012169000000000001,1.5531363636363635,0.510766002098636,0.08474576271186442,0.3561415317978284,0.3117449925960564
"got, one",back,0.047,0.212,0.025,0.5319148936170213,2.509032517061421,1.0,0.015036000000000002,1.6834545454545455,0.6311017838405037,0.10683760683760683,0.405983367534291,0.32491971095945404
"got, would",back,0.045,0.212,0.026,0.5777777777777777,2.7253668763102725,1.0,0.01646,1.8663157894736842,0.6629077728554168,0.11255411255411255,0.464184997179921,0.35020964360587
"got, would",place,0.045,0.369,0.026,0.5777777777777777,1.5657934357121348,1.0,0.009395,1.4944736842105262,0.37837293596455907,0.06701030927835051,0.33086811058284904,0.32411924119241187
"got, would",good,0.045,0.358,0.025,0.5555555555555556,1.5518311607697084,1.0,0.008890000000000002,1.4445000000000001,0.37235602094240844,0.06613756613756615,0.30771893388715826,0.3126939788950962
"got, like",would,0.046,0.207,0.027,0.5869565217391305,2.8355387523629494,1.0,0.017478,1.9198947368421055,0.6785464709993012,0.11946902654867256,0.4791381106420309,0.3586956521739131
"got, would",like,0.045,0.209,0.027,0.6,2.8708133971291865,1.0,0.017595,1.9775,0.6823734729493892,0.11894273127753303,0.4943109987357775,0.3645933014354067
"get, got",back,0.041,0.212,0.022,0.5365853658536585,2.531063046479521,1.0,0.013307999999999999,1.7004210526315788,0.6307706891648497,0.09523809523809523,0.41191036275844983,0.3201794753796594
"get, got",one,0.041,0.224,0.021,0.5121951219512195,2.2865853658536586,1.0,0.011816,1.5908,0.586722280152937,0.0860655737704918,0.37138546643198395,0.30297256097560976
"get, got",good,0.041,0.358,0.021,0.5121951219512195,1.430712631148658,1.0,0.006322000000000001,1.3161,0.3139182680371419,0.055555555555555566,0.24017931768102732,0.28542716991415723
"get, got",go,0.041,0.2,0.021,0.5121951219512195,2.5609756097560976,1.0,0.0128,1.6400000000000001,0.635582700233378,0.09545454545454544,0.39024390243902435,0.30859756097560975
"got, restaurant",food,0.033,0.359,0.021,0.6363636363636364,1.7726006583945304,1.0,0.009153000000000001,1.76275,0.4507312749298272,0.05660377358490566,0.4327045809105091,0.34742972904532793
"got, restaurant",good,0.033,0.358,0.021,0.6363636363636364,1.7775520568816658,1.0,0.009186000000000001,1.7655,0.45235633032944306,0.05675675675675676,0.4335882186349476,0.34751142712036565
"go, got",back,0.046,0.212,0.031,0.6739130434782609,3.1788351107465136,1.0,0.021248,2.416533333333333,0.7184689254074524,0.13656387665198239,0.5861840653277423,0.41006972928630026
"back, got",go,0.059,0.2,0.031,0.5254237288135594,2.6271186440677967,1.0,0.019200000000000002,1.685714285714286,0.6581879263652257,0.13596491228070176,0.4067796610169492,0.3402118644067797
"got, time",go,0.051,0.2,0.027,0.5294117647058824,2.6470588235294117,1.0,0.0168,1.7000000000000002,0.6556609296335323,0.12053571428571429,0.4117647058823529,0.3322058823529412
"go, got",time,0.046,0.273,0.027,0.5869565217391305,2.150023889154324,1.0,0.014441999999999998,1.7601052631578948,0.5606801770323783,0.09246575342465754,0.4318521619520364,0.3429288103201147
"go, got",good,0.046,0.358,0.026,0.5652173913043478,1.5788195287830944,1.0,0.009531999999999999,1.4766,0.3842928559909692,0.0687830687830688,0.32276852228091557,0.31892154481418505
"go, got",place,0.046,0.369,0.025,0.5434782608695653,1.4728408153646757,1.0,0.008026000000000002,1.3821904761904764,0.3365199161425577,0.06410256410256411,0.2765107145317992,0.3056144691881702
"got, service",back,0.046,0.212,0.023,0.5,2.358490566037736,1.0,0.013248,1.576,0.6037735849056604,0.0978723404255319,0.3654822335025381,0.30424528301886794
"got, service",food,0.046,0.359,0.025,0.5434782608695653,1.5138670219207948,1.0,0.008486000000000004,1.4040952380952383,0.35580712788259977,0.06578947368421054,0.2877975988604763,0.3065580719389609
"make, place",time,0.062,0.273,0.033,0.5322580645161291,1.9496632399858207,1.0,0.016074,1.5542758620689658,0.519286683465788,0.10927152317880794,0.35661356879797673,0.326568592697625
"make, time",place,0.057,0.369,0.033,0.5789473684210527,1.5689630580516332,1.0,0.011967000000000002,1.498625,0.3845560589993252,0.08396946564885496,0.3327216615230629,0.3341891313649979
"like, make",time,0.044,0.273,0.023,0.5227272727272727,1.9147519147519145,1.0,0.010988,1.523238095238095,0.4997271238857559,0.0782312925170068,0.3435038139302238,0.3034881784881785
"like, make",place,0.044,0.369,0.028,0.6363636363636365,1.7245627001724566,1.0,0.011764,1.7352500000000004,0.43947997609085476,0.07272727272727274,0.4237141622244635,0.35612219758561225
"like, make",good,0.044,0.358,0.025,0.5681818181818182,1.5871000507872017,1.0,0.009248000000000003,1.4867368421052634,0.38694560669456074,0.06631299734748011,0.3273860096290004,0.3190071102082276
"like, make",one,0.044,0.224,0.023,0.5227272727272727,2.333603896103896,1.0,0.013144,1.625904761904762,0.5977806076041478,0.09387755102040815,0.3849578256794752,0.31270292207792205
"make, one",like,0.045,0.209,0.023,0.5111111111111111,2.445507708665603,1.0,0.013595000000000001,1.6179545454545454,0.6189392214887321,0.09956709956709955,0.3819356651215058,0.3105794790005316
"like, make",get,0.044,0.219,0.023,0.5227272727272727,2.386882523868825,1.0,0.013364000000000001,1.6363809523809523,0.6077860651264327,0.09583333333333333,0.38889535560470256,0.31387505188875053
"like, make",would,0.044,0.207,0.022,0.5,2.4154589371980677,1.0,0.012891999999999999,1.586,0.6129707112970711,0.09606986899563318,0.36948297604035313,0.3031400966183575
"food, make",time,0.039,0.273,0.02,0.5128205128205129,1.8784634169249554,1.0,0.009353,1.492263157894737,0.4866285119667013,0.06849315068493152,0.3298769089690686,0.29304029304029305
"food, make",place,0.039,0.369,0.024,0.6153846153846154,1.6677089847821556,1.0,0.009609000000000001,1.6406,0.41662330905306977,0.06250000000000001,0.3904669023527978,0.34021263289555975
"food, make",great,0.039,0.349,0.02,0.5128205128205129,1.4693997502020428,1.0,0.006389000000000001,1.336263157894737,0.33241415192507806,0.054347826086956534,0.25164441293473566,0.28506355153919627
"back, make",time,0.034,0.273,0.022,0.6470588235294117,2.3701788407670756,1.0,0.012717999999999997,2.0598333333333327,0.5984377940899679,0.07719298245614034,0.5145238287887368,0.3638224520577461
"also, make",place,0.033,0.369,0.021,0.6363636363636364,1.7245627001724562,1.0,0.008823000000000001,1.73525,0.4344807209336682,0.05511811023622047,0.42371416222446334,0.3466371027346637
"make, place",good,0.062,0.358,0.032,0.5161290322580645,1.4417012074247613,1.0,0.009804,1.3268,0.3266257995735608,0.08247422680412371,0.24630690382876091,0.30275725355919986
"good, make",place,0.053,0.369,0.032,0.6037735849056604,1.6362427775221149,1.0,0.012443000000000003,1.5925238095238095,0.4106058606124605,0.08205128205128205,0.37206590317854255,0.34524722605716623
"good, make",time,0.053,0.273,0.03,0.5660377358490566,2.0733982998133937,1.0,0.015530999999999998,1.6752608695652174,0.5466737064413938,0.10135135135135133,0.4030780410578495,0.3379639228695832
"make, time",good,0.057,0.358,0.03,0.5263157894736842,1.4701558365186709,1.0,0.009593999999999998,1.3553333333333333,0.3391304347826087,0.07792207792207792,0.26217412690605013,0.3050573360776242
"good, make, place",time,0.032,0.273,0.021,0.65625,2.4038461538461537,1.0,0.012264,2.114909090909091,0.6033057851239669,0.07394366197183098,0.5271664374140302,0.36658653846153844
"make, place, time",good,0.033,0.358,0.021,0.6363636363636364,1.7775520568816658,1.0,0.009186000000000001,1.7655,0.45235633032944306,0.05675675675675676,0.4335882186349476,0.34751142712036565
"good, make, time",place,0.03,0.369,0.021,0.7000000000000001,1.897018970189702,1.0,0.009930000000000001,2.103333333333334,0.4874815905743742,0.05555555555555556,0.5245641838351823,0.37845528455284555
"get, make",good,0.048,0.358,0.027,0.5625,1.5712290502793296,1.0,0.009815999999999998,1.4674285714285715,0.3818860877684407,0.0712401055408971,0.31853582554517135,0.3189594972067039
"good, make",get,0.053,0.219,0.027,0.5094339622641509,2.3261824760920136,1.0,0.015393,1.5920384615384615,0.6020180687551332,0.11020408163265305,0.3718744715290025,0.3163608167485138
"get, make",place,0.048,0.369,0.027,0.5625,1.524390243902439,1.0,0.009288000000000001,1.4422857142857144,0.3613445378151261,0.06923076923076923,0.30665610142630745,0.3178353658536585
"get, make",time,0.048,0.273,0.025,0.5208333333333334,1.9078144078144077,1.0,0.011896,1.5172173913043479,0.4998319327731092,0.08445945945945947,0.3408986703347089,0.3062042124542125
"great, make",place,0.048,0.369,0.028,0.5833333333333334,1.5808491418247517,1.0,0.010288000000000002,1.5144000000000002,0.3859543817527012,0.07197943444730077,0.3396724775488643,0.3296070460704607
"make, would",place,0.045,0.369,0.026,0.5777777777777777,1.5657934357121348,1.0,0.009395,1.4944736842105262,0.37837293596455907,0.06701030927835051,0.33086811058284904,0.32411924119241187
"make, would",good,0.045,0.358,0.025,0.5555555555555556,1.5518311607697084,1.0,0.008890000000000002,1.4445000000000001,0.37235602094240844,0.06613756613756615,0.30771893388715826,0.3126939788950962
"make, would",time,0.045,0.273,0.024,0.5333333333333333,1.9536019536019533,1.0,0.011715,1.5578571428571428,0.5111256544502618,0.0816326530612245,0.3580926180651077,0.31062271062271063
"make, place",one,0.062,0.224,0.031,0.5,2.232142857142857,1.0,0.017112,1.552,0.5884861407249466,0.12156862745098039,0.3556701030927835,0.3191964285714286
"make, one",place,0.045,0.369,0.031,0.6888888888888889,1.8669075579644685,1.0,0.014395000000000002,2.0282142857142857,0.48623543320385076,0.08093994778067885,0.506955449903152,0.386449864498645
"good, make",one,0.053,0.224,0.029,0.5471698113207547,2.4427223719676547,1.0,0.017128,1.7136666666666667,0.6236754906601609,0.11693548387096774,0.41645594242365297,0.3383170485175202
"make, one",good,0.045,0.358,0.029,0.6444444444444445,1.8001241464928617,1.0,0.012890000000000002,1.8056250000000003,0.46542697237768554,0.07754010695187168,0.4461751471097266,0.36272501551831166
"make, one",time,0.045,0.273,0.025,0.5555555555555556,2.035002035002035,1.0,0.012715,1.63575,0.532565445026178,0.08532423208191127,0.38865963625248356,0.3235653235653236
"make, one",get,0.045,0.219,0.023,0.5111111111111111,2.3338406900050734,1.0,0.013145,1.5975,0.5984520828590941,0.0954356846473029,0.3740219092331768,0.3080669710806697
"good, make, place",one,0.032,0.224,0.023,0.71875,3.208705357142857,1.0,0.015832,2.7591111111111113,0.711103126122889,0.09871244635193133,0.6375644329896907,0.4107142857142857
"make, one, place",good,0.031,0.358,0.023,0.7419354838709677,2.0724454856730943,1.0,0.011902,2.48775,0.5340332929510477,0.06284153005464481,0.5980303487086726,0.40309064696341684
"good, make, one",place,0.029,0.369,0.023,0.793103448275862,2.1493318381459674,1.0,0.012299,3.049833333333332,0.550709712085255,0.06133333333333333,0.6721132302311601,0.42771703579104753
"make, one","good, place",0.045,0.158,0.023,0.5111111111111111,3.234880450070323,1.0,0.01589,1.7222727272727272,0.7234236284998863,0.12777777777777777,0.41937186592768533,0.3283403656821378
"make, place, time",one,0.033,0.224,0.02,0.6060606060606061,2.705627705627706,1.0,0.012608000000000001,1.969846153846154,0.6519131334022752,0.08438818565400844,0.49234614183067793,0.3476731601731602
"make, one, place",time,0.031,0.273,0.02,0.6451612903225806,2.3632281696797826,1.0,0.011537,2.0488181818181816,0.5953044375644995,0.0704225352112676,0.5119137418467409,0.3592106817913269
"make, one, time",place,0.025,0.369,0.02,0.7999999999999999,2.168021680216802,1.0,0.010775,3.154999999999999,0.5525641025641026,0.053475935828877004,0.6830427892234547,0.42710027100271
"definitely, food",place,0.048,0.369,0.026,0.5416666666666666,1.4679313459801264,1.0,0.008288,1.3767272727272726,0.3348416289592761,0.06649616368286446,0.2736397253037506,0.3060636856368564
"back, definitely",good,0.046,0.358,0.023,0.5,1.3966480446927374,1.0,0.006532,1.284,0.29769392033542974,0.060367454068241476,0.22118380062305298,0.28212290502793297
"definitely, time",good,0.034,0.358,0.02,0.5882352941176471,1.6431153466973383,1.0,0.007828,1.5591428571428572,0.405175983436853,0.053763440860215055,0.35862195345427894,0.3220506079526783
"definitely, great",place,0.045,0.369,0.028,0.6222222222222222,1.6862390846130684,1.0,0.011395000000000002,1.670294117647059,0.42614061331338826,0.07253886010362695,0.40130304631097025,0.34905149051490514
"definitely, great",back,0.045,0.212,0.023,0.5111111111111111,2.410901467505241,1.0,0.01346,1.6118181818181818,0.6127930798998407,0.09829059829059829,0.37958262831359274,0.3098008385744235
"back, definitely",great,0.046,0.349,0.023,0.5,1.4326647564469914,1.0,0.006946000000000001,1.302,0.3165618448637317,0.06182795698924732,0.2319508448540707,0.2829512893982808
"definitely, great",food,0.045,0.359,0.023,0.5111111111111111,1.423707830393067,1.0,0.006845,1.3111363636363635,0.31163214204416123,0.060367454068241476,0.23730282544635115,0.28758898173939956
"definitely, service",food,0.034,0.359,0.021,0.6176470588235294,1.7204653449123384,1.0,0.008794000000000001,1.6764615384615387,0.4335009366065267,0.05645161290322581,0.4035055519867854,0.33807144027527447
"definitely, service",back,0.034,0.212,0.02,0.5882352941176471,2.774694783573807,1.0,0.012792000000000001,1.913714285714286,0.6621118012422361,0.08849557522123894,0.4774559570020902,0.34128745837957825
"definitely, would",place,0.038,0.369,0.021,0.5526315789473685,1.4976465554129228,1.0,0.0069780000000000016,1.4104705882352944,0.3454113454113455,0.05440414507772022,0.2910167653682543,0.30477107402652975
"definitely, one",place,0.031,0.369,0.021,0.6774193548387097,1.835824809861002,1.0,0.009561000000000002,1.9561000000000004,0.46985109833407057,0.0554089709762533,0.488778692295895,0.3671649619722004
"definitely, good",place,0.05,0.369,0.026,0.5199999999999999,1.409214092140921,1.0,0.007549999999999998,1.314583333333333,0.3056680161943319,0.06615776081424937,0.23930269413629146,0.295230352303523
im,food,0.114,0.359,0.057,0.5,1.392757660167131,1.0,0.016074000000000005,1.282,0.31828442437923254,0.13701923076923078,0.2199687987519501,0.3293871866295265
im,place,0.114,0.369,0.067,0.5877192982456141,1.5927352255978702,1.0,0.024934000000000005,1.5305106382978726,0.42003301775546653,0.16105769230769232,0.34662329357466576,0.38464555698188563
im,good,0.114,0.358,0.062,0.543859649122807,1.5191610310692936,1.0,0.021188,1.4074615384615385,0.38571324546712293,0.15121951219512195,0.28950101109471504,0.35852200333235323
"im, place",food,0.067,0.359,0.039,0.582089552238806,1.6214193655677047,1.0,0.014946999999999998,1.5338214285714287,0.41077857476571294,0.10077519379844961,0.3480336228374509,0.3453623248659211
"food, im",place,0.057,0.369,0.039,0.6842105263157895,1.8542290686064755,1.0,0.017967,1.9981666666666669,0.4885390325475162,0.10077519379844961,0.4995412461422971,0.3949507916131793
"food, im",good,0.057,0.358,0.038,0.6666666666666666,1.86219739292365,1.0,0.017594,1.926,0.4909862142099682,0.10079575596816975,0.4807892004153686,0.3864059590316573
"good, im",food,0.062,0.359,0.038,0.6129032258064516,1.7072513253661605,1.0,0.015742,1.6559166666666667,0.44164515767029516,0.09921671018276762,0.39610487645312265,0.35937640398957676
"food, im, place",good,0.039,0.358,0.029,0.7435897435897436,2.077066322876379,1.0,0.015038000000000003,2.5038000000000005,0.5395959668448815,0.07880434782608697,0.6006070772425913,0.4122976650909612
"good, im, place",food,0.041,0.359,0.029,0.7073170731707317,1.9702425436510633,1.0,0.014281000000000002,2.190083333333333,0.5135018517852649,0.07816711590296498,0.5433963700011415,0.39404850873021263
"food, good, im",place,0.038,0.369,0.029,0.7631578947368421,2.0681785765226075,1.0,0.014978000000000002,2.6642222222222225,0.5368843644705714,0.07671957671957673,0.6246559346067229,0.4208743403223506
"food, im","good, place",0.057,0.158,0.029,0.5087719298245614,3.2200755052187433,1.0,0.019994,1.7140714285714287,0.7311222437561707,0.15591397849462366,0.4165937408842772,0.3461581168110149
"im, time",food,0.044,0.359,0.023,0.5227272727272727,1.4560648265383642,1.0,0.007204000000000002,1.343047619047619,0.327633254502456,0.06052631578947369,0.25542476244504325,0.2933970625474804
"im, time",good,0.044,0.358,0.026,0.5909090909090909,1.65058405281869,1.0,0.010248,1.5693333333333335,0.4122948181525588,0.06914893617021277,0.3627867459643161,0.33176739461655663
"im, time",place,0.044,0.369,0.026,0.5909090909090909,1.601379650160138,1.0,0.009763999999999998,1.5424444444444445,0.39282265851303505,0.06718346253229975,0.3516784325025213,0.33068489775806853
"im, like",food,0.041,0.359,0.024,0.5853658536585366,1.630545553366397,1.0,0.009281000000000001,1.5459411764705882,0.403241223496698,0.06382978723404256,0.3531448575016171,0.3261091106732794
"im, like",good,0.041,0.358,0.029,0.7073170731707317,1.9757460144433847,1.0,0.014322000000000001,2.1935,0.5149760885980368,0.0783783783783784,0.5441075906086164,0.39416132988145525
"im, like",place,0.041,0.369,0.029,0.7073170731707317,1.9168484367770506,1.0,0.013871000000000001,2.1559166666666663,0.49875948365754563,0.07611548556430447,0.5361601793513973,0.39295392953929537
"im, like, place",good,0.029,0.358,0.021,0.7241379310344828,2.0227316509343094,1.0,0.010618,2.3272500000000003,0.5207199254573096,0.05737704918032788,0.5703083037920292,0.39139857445578885
"good, im, place",like,0.041,0.209,0.021,0.5121951219512195,2.4506943634029645,1.0,0.012431000000000001,1.62155,0.6172600427032127,0.09170305676855896,0.38330609601924087,0.3063367954253705
"good, im, like",place,0.029,0.369,0.021,0.7241379310344828,1.9624334174376228,1.0,0.010299,2.287375,0.5050757687214948,0.05570291777188329,0.5628176403082136,0.3905242500700869
"im, like","good, place",0.041,0.158,0.021,0.5121951219512195,3.2417412781722756,1.0,0.014522,1.7261,0.7210884353741497,0.11797752808988764,0.4206592897282892,0.32255325717814143
"back, im",food,0.039,0.359,0.022,0.5641025641025641,1.5713163345475323,1.0,0.007999,1.4705294117647059,0.37834641944943714,0.05851063829787235,0.31997279891195646,0.3126919505749589
"back, im",good,0.039,0.358,0.023,0.5897435897435898,1.6473284629709213,1.0,0.009038000000000001,1.564875,0.4089037687191785,0.061497326203208566,0.36097132358814604,0.32699469989972785
"back, im",place,0.039,0.369,0.023,0.5897435897435898,1.5982211104162325,1.0,0.008609,1.5380625,0.3894946387368231,0.059740259740259746,0.34983136250965097,0.3260371065249114
"great, im",back,0.039,0.212,0.02,0.5128205128205129,2.418964683115627,1.0,0.011732000000000001,1.6174736842105266,0.6104058272632674,0.08658008658008658,0.3817519198229859,0.30358006773101115
"back, im",great,0.039,0.349,0.02,0.5128205128205129,1.4693997502020428,1.0,0.006389000000000001,1.336263157894737,0.33241415192507806,0.054347826086956534,0.25164441293473566,0.28506355153919627
"im, love",place,0.032,0.369,0.02,0.625,1.6937669376693767,1.0,0.008192,1.6826666666666668,0.4231404958677686,0.05249343832020997,0.40570522979397783,0.33960027100271
"im, place",good,0.067,0.358,0.041,0.6119402985074627,1.7093304427582756,1.0,0.017014,1.6543846153846153,0.44477557315766086,0.10677083333333333,0.395545636304459,0.3632327190861336
"good, im",place,0.062,0.369,0.041,0.6612903225806452,1.792114695340502,1.0,0.018122000000000003,1.8629523809523814,0.47121535181236684,0.10512820512820513,0.46321762691068974,0.3862007168458782
"great, im",place,0.039,0.369,0.029,0.7435897435897436,2.015148356611771,1.0,0.014609000000000002,2.4609,0.524202518927841,0.07651715039577837,0.5936446015685318,0.41109026474880134
"great, im",food,0.039,0.359,0.026,0.6666666666666666,1.8570102135561746,1.0,0.011999,1.9229999999999998,0.4802289281997919,0.06989247311827958,0.47997919916796666,0.3695450324976787
"great, im",good,0.039,0.358,0.021,0.5384615384615385,1.5040825096691022,1.0,0.007038000000000003,1.3910000000000002,0.3487438679946485,0.055851063829787245,0.28109273903666443,0.29856037816931674
"great, im, place",food,0.029,0.359,0.021,0.7241379310344828,2.017097300931707,1.0,0.010589000000000001,2.3236250000000003,0.5192977293904174,0.05722070844686649,0.5696379579321104,0.39131687638075113
"food, great, im",place,0.026,0.369,0.021,0.8076923076923078,2.1888680425265794,1.0,0.011406000000000001,3.2812000000000023,0.5576415371076563,0.05614973262032086,0.6952334511763991,0.4323014383989994
"food, im, place",great,0.039,0.349,0.021,0.5384615384615385,1.542869737712145,1.0,0.0073890000000000015,1.4105000000000003,0.36613646499182406,0.0572207084468665,0.2910315490960654,0.2993167291161561
"great, im","food, place",0.039,0.159,0.021,0.5384615384615385,3.3865505563618776,1.0,0.014799000000000001,1.822166666666667,0.7333135127099748,0.11864406779661016,0.4512027805725785,0.33526850507982586
"im, really",food,0.031,0.359,0.023,0.7419354838709677,2.0666726570221945,1.0,0.011871,2.4838750000000003,0.5326423475568718,0.06267029972752043,0.5974032509687485,0.4030011681193279
"im, really",place,0.031,0.369,0.023,0.7419354838709677,2.010665267943002,1.0,0.011561,2.445125,0.518732893615112,0.0610079575596817,0.5910229538367159,0.4021330535886004
"im, really",good,0.031,0.358,0.022,0.7096774193548386,1.9823391602090465,1.0,0.010901999999999998,2.2113333333333327,0.5113988179003659,0.05994550408719346,0.5477841422972565,0.38556496666065954
"im, well",place,0.03,0.369,0.02,0.6666666666666667,1.806684733514002,1.0,0.00893,1.8930000000000005,0.4603092783505155,0.052770448548812667,0.4717379820390915,0.3604336043360434
"im, service",food,0.032,0.359,0.022,0.6875,1.9150417827298052,1.0,0.010511999999999999,2.0512,0.49361382419233657,0.05962059620596206,0.5124804992199689,0.37439066852367686
"im, service",place,0.032,0.369,0.022,0.6875,1.8631436314363143,1.0,0.010191999999999998,2.0192,0.47858752817430494,0.058047493403693924,0.5047543581616482,0.373560298102981
"im, one",place,0.037,0.369,0.025,0.6756756756756758,1.831099392075002,1.0,0.011347000000000003,1.9455833333333339,0.4713187954309451,0.06561679790026248,0.48601533387587287,0.37171317659122544
"im, one",good,0.037,0.358,0.021,0.5675675675675677,1.585384266948513,1.0,0.007754000000000002,1.4846250000000003,0.3834248133313555,0.056149732620320865,0.3264292329712892,0.3131133927223313
"im, one",food,0.037,0.359,0.02,0.5405405405405406,1.505683956937439,1.0,0.006717000000000001,1.3951176470588236,0.34875389408099694,0.053191489361702135,0.28321457182611637,0.2981254234736129
"im, would",place,0.035,0.369,0.023,0.657142857142857,1.7808749516066587,1.0,0.010084999999999998,1.8404166666666661,0.4543816174814147,0.06036745406824147,0.4566447815259224,0.35973674022454505
"im, would",good,0.035,0.358,0.02,0.5714285714285714,1.596169193934557,1.0,0.007469999999999999,1.498,0.38704663212435225,0.05361930294906166,0.3324432576769025,0.3136472466081405
"im, try",place,0.029,0.369,0.023,0.793103448275862,2.1493318381459674,1.0,0.012299,3.049833333333332,0.550709712085255,0.06133333333333333,0.6721132302311601,0.42771703579104753
"im, try",good,0.029,0.358,0.021,0.7241379310344828,2.0227316509343094,1.0,0.010618,2.3272500000000003,0.5207199254573096,0.05737704918032788,0.5703083037920292,0.39139857445578885
"get, im",good,0.04,0.358,0.026,0.6499999999999999,1.8156424581005586,1.0,0.01168,1.8342857142857139,0.46794871794871795,0.06989247311827958,0.45482866043613696,0.3613128491620111
"get, im",place,0.04,0.369,0.026,0.6499999999999999,1.7615176151761516,1.0,0.011239999999999998,1.8028571428571425,0.4503205128205128,0.06788511749347259,0.44532488114104585,0.36023035230352296
"im, like",get,0.041,0.219,0.025,0.6097560975609756,2.7842744180866466,1.0,0.016021,2.0013125,0.6682377476538061,0.10638297872340426,0.5003279098091877,0.3619556743512641
"get, im",like,0.04,0.209,0.025,0.625,2.9904306220095696,1.0,0.016640000000000002,2.1093333333333333,0.6933333333333334,0.11160714285714286,0.5259165613147915,0.3723086124401914
"get, im",food,0.04,0.359,0.02,0.5,1.392757660167131,1.0,0.005640000000000001,1.282,0.29375000000000007,0.05277044854881267,0.2199687987519501,0.27785515320334264
"get, im",time,0.04,0.273,0.021,0.525,1.923076923076923,1.0,0.01008,1.5305263157894737,0.5,0.07191780821917809,0.3466299862448418,0.3009615384615385
ordered,food,0.099,0.359,0.058,0.5858585858585859,1.6319180664584565,1.0,0.022459,1.547780487804878,0.4297715182364422,0.14500000000000002,0.3539135504814132,0.3737092372189865
ordered,good,0.099,0.358,0.061,0.6161616161616161,1.7211218328536764,1.0,0.025557999999999997,1.672578947368421,0.4650206510070777,0.15404040404040406,0.4021208974480002,0.39327633880706503
"food, ordered",good,0.058,0.358,0.038,0.6551724137931034,1.830090541321518,1.0,0.017235999999999998,1.8618,0.4815063135545871,0.10052910052910052,0.4628853797400365,0.38065883259487576
"good, ordered",food,0.061,0.359,0.038,0.6229508196721312,1.7352390520115075,1.0,0.016101,1.7000434782608698,0.4512359172692114,0.09947643979057591,0.4117797498785198,0.36440020092241654
"ordered, time",food,0.038,0.359,0.023,0.6052631578947368,1.685969799149685,1.0,0.009358,1.6238666666666666,0.42294133598481426,0.061497326203208566,0.38418589375153955,0.33466500513121245
"ordered, time",good,0.038,0.358,0.025,0.6578947368421053,1.837694795648339,1.0,0.011396000000000002,1.876615384615385,0.47384615384615386,0.06738544474393532,0.4671257583210363,0.36386356953837107
"like, ordered",food,0.037,0.359,0.024,0.6486486486486487,1.8068207483249268,1.0,0.010717,1.8243846153846157,0.4636985115957079,0.06451612903225808,0.45186996669055957,0.3577505081683355
"like, ordered",good,0.037,0.358,0.024,0.6486486486486487,1.8118677336554434,1.0,0.010754000000000001,1.8272307692307694,0.46529941156109383,0.06469002695417791,0.4527237517891724,0.35784387739695006
"back, ordered",food,0.035,0.359,0.02,0.5714285714285714,1.5917230401910067,1.0,0.007434999999999999,1.4956666666666667,0.38523316062176155,0.053475935828877004,0.33140182750167146,0.31356943891762834
"back, ordered",good,0.035,0.358,0.025,0.7142857142857143,1.9952114924181965,1.0,0.01247,2.2470000000000003,0.5168911917098445,0.06793478260869566,0.5549621717846017,0.3920590582601756
"also, ordered",good,0.028,0.358,0.021,0.75,2.094972067039106,1.0,0.010976000000000001,2.568,0.5377229080932785,0.05753424657534247,0.6105919003115264,0.40432960893854747
"im, ordered",good,0.027,0.358,0.02,0.7407407407407408,2.0691082143596113,1.0,0.010334000000000001,2.476285714285715,0.5310380267214799,0.05479452054794521,0.5961693781008424,0.3983033312642252
"ordered, place",good,0.046,0.358,0.029,0.6304347826086957,1.7609910128734516,1.0,0.012532000000000001,1.7371764705882355,0.45297477047639706,0.07733333333333335,0.4243532439387783,0.35572018460043725
"ordered, place",food,0.046,0.359,0.027,0.5869565217391305,1.6349763836744582,1.0,0.010486000000000002,1.5518947368421054,0.4070968242876001,0.07142857142857144,0.35562639896900233,0.33108271769407777
"great, ordered",food,0.038,0.359,0.024,0.6315789473684211,1.7592728338953236,1.0,0.010358000000000001,1.7398571428571432,0.44863132363132363,0.06434316353887401,0.425240167501437,0.3492156575282217
"great, ordered",place,0.038,0.369,0.021,0.5526315789473685,1.4976465554129228,1.0,0.0069780000000000016,1.4104705882352944,0.3454113454113455,0.05440414507772022,0.2910167653682543,0.30477107402652975
"get, ordered",good,0.036,0.358,0.026,0.7222222222222222,2.017380509000621,1.0,0.013112,2.3112,0.5231407596552825,0.07065217391304349,0.5673243336794739,0.39742396027312227
"get, ordered",food,0.036,0.359,0.025,0.6944444444444445,1.9343856391210155,1.0,0.012076000000000003,2.0978181818181825,0.501078838174274,0.06756756756756759,0.5233142659039697,0.3820411637264005
"get, ordered",time,0.036,0.273,0.023,0.638888888888889,2.3402523402523405,1.0,0.013172,2.0132307692307694,0.5940826267364244,0.08041958041958043,0.503285954455143,0.3615689865689866
"ordered, time",get,0.038,0.219,0.023,0.6052631578947368,2.7637587118481135,1.0,0.014678,1.9785333333333335,0.6633824459911416,0.09829059829059829,0.4945751061392277,0.35514299447248254
"like, ordered",get,0.037,0.219,0.023,0.6216216216216216,2.8384548932494136,1.0,0.014897,2.0640714285714283,0.6725811549054134,0.09871244635193133,0.5155206422812056,0.3633222263359249
"get, ordered",like,0.036,0.209,0.023,0.638888888888889,3.0568846358320045,1.0,0.015476,2.190461538461539,0.6979974742918997,0.1036036036036036,0.5434752071920215,0.37446836788942056
"ordered, would",good,0.032,0.358,0.022,0.6875,1.9203910614525141,1.0,0.010544,2.0544000000000002,0.49511645379413977,0.05978260869565217,0.5132398753894081,0.3744762569832402
"ordered, would",food,0.032,0.359,0.021,0.65625,1.8279944289693595,1.0,0.009512000000000001,1.8647272727272728,0.46792601338055884,0.05675675675675676,0.4637285491419657,0.35737291086350975
"one, ordered",good,0.03,0.358,0.023,0.7666666666666667,2.1415270018621975,1.0,0.01226,2.7514285714285722,0.5495293590318243,0.06301369863013699,0.6365524402907582,0.41545623836126633
"little, ordered",good,0.026,0.358,0.02,0.7692307692307693,2.1486892995272884,1.0,0.010692000000000002,2.7820000000000005,0.5488706365503081,0.05494505494505495,0.6405463695183322,0.4125483455092394
"ordered, service",food,0.036,0.359,0.024,0.6666666666666667,1.8570102135561748,1.0,0.011076000000000003,1.9230000000000005,0.47873443983402497,0.06469002695417791,0.47997919916796683,0.3667595171773445
"ordered, service",good,0.036,0.358,0.022,0.6111111111111112,1.7070142768466794,1.0,0.009112,1.650857142857143,0.42964918898528864,0.05913978494623656,0.3942540671512635,0.3362818125387958
"came, ordered",good,0.031,0.358,0.024,0.7741935483870968,2.162551811137142,1.0,0.012902,2.843142857142857,0.554781561747506,0.06575342465753425,0.6482765551200884,0.4206163272661741
"came, ordered",food,0.031,0.359,0.021,0.6774193548387097,1.8869619911941777,1.0,0.009871000000000001,1.9871000000000005,0.48508526217504555,0.05691056910569106,0.49675406371093567,0.3679575882828646
"get, ordered",came,0.036,0.107,0.02,0.5555555555555556,5.192107995846314,1.0,0.016148000000000003,2.00925,0.8375518672199173,0.1626016260162602,0.5023018539255941,0.37123572170301145
"came, ordered",get,0.031,0.219,0.02,0.6451612903225806,2.9459419649432905,1.0,0.013211,2.201,0.6816821465428277,0.08695652173913043,0.5456610631531122,0.3682427456179113
"came, get",ordered,0.037,0.099,0.02,0.5405405405405406,5.46000546000546,1.0,0.016337,1.961,0.8482346832814123,0.17241379310344826,0.4900560938296788,0.3712803712803713
"like, ordered",came,0.037,0.107,0.02,0.5405405405405406,5.051780752715333,1.0,0.016041,1.9435882352941178,0.8328660436137072,0.16129032258064518,0.4854877273690264,0.36372821419550394
"came, ordered",like,0.031,0.209,0.02,0.6451612903225806,3.086896125945362,1.0,0.013521000000000002,2.2291818181818184,0.6976780185758514,0.09090909090909091,0.551404918233351,0.3704275351134434
"came, like",ordered,0.038,0.099,0.02,0.5263157894736842,5.316321105794789,1.0,0.016238,1.902111111111111,0.8439708939708939,0.17094017094017094,0.47426835679654183,0.3641679957469431
know,time,0.094,0.273,0.049,0.5212765957446809,1.9094380796508457,1.0,0.023338,1.5186222222222223,0.5257016713970356,0.1540880503144654,0.34150838479323364,0.3503818876159302
"know, like",time,0.037,0.273,0.023,0.6216216216216216,2.2770022770022766,1.0,0.012898999999999999,1.9213571428571428,0.5823739220732312,0.08013937282229966,0.47953455518792515,0.35293535293535294
"know, like",get,0.037,0.219,0.026,0.7027027027027027,3.20868814019499,1.0,0.017897,2.6270000000000002,0.7147935138589345,0.11304347826086955,0.6193376475066616,0.4107120819449587
"get, know",like,0.044,0.209,0.026,0.5909090909090909,2.8273162244454113,1.0,0.016804,1.9335555555555557,0.676054071451561,0.11453744493392069,0.4828180668888634,0.3576555023923445
"know, place",like,0.046,0.209,0.023,0.5,2.3923444976076556,1.0,0.013386,1.582,0.610062893081761,0.09913793103448275,0.3678887484197219,0.3050239234449761
"know, like",place,0.037,0.369,0.023,0.6216216216216216,1.6846114407090016,1.0,0.009347000000000001,1.667642857142857,0.42200550814935217,0.060052219321148834,0.4003512228551848,0.34197612246392733
"know, like",one,0.037,0.224,0.02,0.5405405405405406,2.4131274131274134,1.0,0.011712,1.6889411764705884,0.6080996884735203,0.08298755186721991,0.4079130677068822,0.31491312741312744
"know, one",like,0.039,0.209,0.02,0.5128205128205129,2.4536866642129804,1.0,0.011849,1.6236315789473688,0.6164932362122788,0.08771929824561403,0.3840967292294727,0.3042571463624095
"food, know",time,0.034,0.273,0.021,0.6176470588235294,2.262443438914027,1.0,0.011718,1.9013846153846155,0.5776397515527949,0.07342657342657342,0.4740674811877984,0.34728506787330315
"know, place",food,0.046,0.359,0.023,0.5,1.392757660167131,1.0,0.006486000000000002,1.282,0.29559748427672966,0.06020942408376964,0.2199687987519501,0.282033426183844
"food, know",place,0.034,0.369,0.023,0.676470588235294,1.8332536266539134,1.0,0.010454,1.9503636363636359,0.4705193986857503,0.060526315789473685,0.4872751002144121,0.36940060577076356
"food, know",really,0.034,0.182,0.021,0.6176470588235294,3.393665158371041,1.0,0.014812000000000002,2.139384615384616,0.7301587301587302,0.1076923076923077,0.532575866532432,0.36651583710407243
"know, really",food,0.037,0.359,0.021,0.5675675675675677,1.580968154784311,1.0,0.007717000000000002,1.4823125000000004,0.38159521337091434,0.056000000000000015,0.32537842054222726,0.3130316946472936
"food, know",get,0.034,0.219,0.02,0.5882352941176471,2.686005909213,1.0,0.012554,1.8967142857142858,0.6497929606625258,0.08583690987124463,0.47277246365895914,0.33977974751544454
"know, really",time,0.037,0.273,0.021,0.5675675675675677,2.079002079002079,1.0,0.010899,1.6811875000000003,0.5389408099688473,0.0726643598615917,0.40518234878620035,0.3222453222453223
"know, place",really,0.046,0.182,0.023,0.5,2.7472527472527473,1.0,0.014628,1.6360000000000001,0.6666666666666667,0.11219512195121951,0.3887530562347188,0.3131868131868132
"know, really",place,0.037,0.369,0.023,0.6216216216216216,1.6846114407090016,1.0,0.009347000000000001,1.667642857142857,0.42200550814935217,0.060052219321148834,0.4003512228551848,0.34197612246392733
"go, know",really,0.038,0.182,0.02,0.5263157894736842,2.891844997108155,1.0,0.013084000000000002,1.726888888888889,0.6800415800415801,0.09999999999999999,0.4209239480118388,0.31810294968189706
"know, really",go,0.037,0.2,0.02,0.5405405405405406,2.7027027027027026,1.0,0.0126,1.7411764705882355,0.6542056074766356,0.09216589861751151,0.42567567567567566,0.3202702702702703
"know, really",get,0.037,0.219,0.021,0.5675675675675677,2.5916327286190306,1.0,0.012897000000000002,1.8060625000000003,0.6377392078326658,0.08936170212765958,0.4463093054642352,0.3317289892632359
"know, really",one,0.037,0.224,0.02,0.5405405405405406,2.4131274131274134,1.0,0.011712,1.6889411764705884,0.6080996884735203,0.08298755186721991,0.4079130677068822,0.31491312741312744
"know, one",really,0.039,0.182,0.02,0.5128205128205129,2.8176951253874334,1.0,0.012902,1.6790526315789478,0.6712799167533818,0.09950248756218905,0.404426054792803,0.3113553113553114
"know, place",time,0.046,0.273,0.028,0.6086956521739131,2.229654403567447,1.0,0.015441999999999999,1.857888888888889,0.5780922431865828,0.09621993127147767,0.4617546797440345,0.3556298773690078
"know, time",place,0.049,0.369,0.028,0.5714285714285714,1.5485869144405728,1.0,0.009919,1.4723333333333333,0.3725026288117771,0.0717948717948718,0.32080597690740315,0.3236546651180797
"go, know",place,0.038,0.369,0.022,0.5789473684210527,1.5689630580516332,1.0,0.007977999999999999,1.498625,0.37696087696087693,0.05714285714285715,0.3327216615230629,0.31928398231350735
"go, know",time,0.038,0.273,0.02,0.5263157894736842,1.9278966647387699,1.0,0.009626,1.5347777777777776,0.5003118503118502,0.06872852233676977,0.3484398754796206,0.2997879313668787
"great, know",place,0.037,0.369,0.021,0.5675675675675677,1.5381234893430018,1.0,0.007347000000000003,1.4591875000000003,0.3632992137665036,0.05454545454545456,0.3146871118344971,0.31223906833662934
"know, place",good,0.046,0.358,0.026,0.5652173913043478,1.5788195287830944,1.0,0.009531999999999999,1.4766,0.3842928559909692,0.0687830687830688,0.32276852228091557,0.31892154481418505
"good, know",place,0.044,0.369,0.026,0.5909090909090909,1.601379650160138,1.0,0.009763999999999998,1.5424444444444445,0.39282265851303505,0.06718346253229975,0.3516784325025213,0.33068489775806853
"good, know",time,0.044,0.273,0.026,0.5909090909090909,2.1645021645021645,1.0,0.013987999999999999,1.777111111111111,0.5627615062761506,0.08934707903780069,0.4372889833687633,0.3430735930735931
"know, time",good,0.049,0.358,0.026,0.5306122448979591,1.482157108653517,1.0,0.008458,1.3677391304347823,0.34206907708485,0.06824146981627296,0.26886642507470265,0.3016189716109907
"get, know",good,0.044,0.358,0.022,0.5,1.3966480446927374,1.0,0.006248,1.284,0.29707112970711297,0.05789473684210527,0.22118380062305298,0.2807262569832402
"good, know",get,0.044,0.219,0.022,0.5,2.2831050228310503,1.0,0.012364,1.562,0.5878661087866109,0.09128630705394189,0.3597951344430218,0.3002283105022831
"come, know",place,0.03,0.369,0.022,0.7333333333333333,1.9873532068654018,1.0,0.010929999999999999,2.3662499999999995,0.5121836925960638,0.05835543766578249,0.577390385631273,0.39647696476964767
"come, know",get,0.03,0.219,0.02,0.6666666666666667,3.0441400304414006,1.0,0.013430000000000001,2.3430000000000004,0.6922680412371134,0.08733624454148471,0.5731967562953479,0.3789954337899544
"know, place",get,0.046,0.219,0.023,0.5,2.2831050228310503,1.0,0.012926,1.562,0.589098532494759,0.09504132231404958,0.3597951344430218,0.3025114155251142
"get, know",place,0.044,0.369,0.023,0.5227272727272727,1.4166050751416606,1.0,0.006763999999999999,1.322095238095238,0.30762233945788614,0.05897435897435898,0.2436248379196081,0.2925289480167529
"get, know",time,0.044,0.273,0.027,0.6136363636363636,2.247752247752248,1.0,0.014988,1.8816470588235295,0.5806601580660158,0.09310344827586207,0.4685507065149431,0.35626873126873126
"know, time",get,0.049,0.219,0.027,0.5510204081632653,2.5160749231199326,1.0,0.016269,1.7394999999999998,0.63360205631499,0.11203319502074688,0.42512216154067256,0.337154039698071
"get, know",one,0.044,0.224,0.024,0.5454545454545455,2.4350649350649354,1.0,0.014144,1.7072000000000003,0.6164574616457462,0.09836065573770492,0.41424554826616694,0.3262987012987013
"know, one",get,0.039,0.219,0.024,0.6153846153846154,2.809975412715139,1.0,0.015459,2.0306,0.6702653485952134,0.10256410256410256,0.5075347188023245,0.3624868282402529
"good, know",one,0.044,0.224,0.022,0.5,2.232142857142857,1.0,0.012143999999999999,1.552,0.5774058577405857,0.08943089430894308,0.3556701030927835,0.29910714285714285
"know, one",good,0.039,0.358,0.022,0.5641025641025641,1.5757054863200115,1.0,0.008038,1.4728235294117646,0.3801910888279255,0.05866666666666667,0.32103203131240515,0.31277753903452227
"know, one",time,0.039,0.273,0.021,0.5384615384615385,1.9723865877712032,1.0,0.010353000000000001,1.5751666666666668,0.5130072840790844,0.07216494845360825,0.36514654533911767,0.3076923076923077
"dont, know",time,0.029,0.273,0.02,0.689655172413793,2.5262094227611467,1.0,0.012083,2.342555555555555,0.6221936148300721,0.07092198581560283,0.5731157804866479,0.38145762283693313
"know, would",get,0.031,0.219,0.02,0.6451612903225806,2.9459419649432905,1.0,0.013211,2.201,0.6816821465428277,0.08695652173913043,0.5456610631531122,0.3682427456179113
bar,food,0.082,0.359,0.042,0.5121951219512195,1.4267273591955976,1.0,0.012562000000000004,1.3140500000000002,0.3258118062039631,0.10526315789473684,0.23899395000190254,0.31459338270262927
bar,place,0.082,0.369,0.043,0.5243902439024389,1.4211117720933304,1.0,0.012741999999999996,1.3267179487179486,0.32279475097532545,0.10539215686274508,0.24626029144602052,0.320460704607046
"bar, food",good,0.042,0.358,0.027,0.6428571428571428,1.7956903431763767,1.0,0.011963999999999999,1.7975999999999996,0.46253769427047087,0.07238605898123325,0.443702714730752,0.3591380686352753
"bar, good",food,0.04,0.359,0.027,0.6749999999999999,1.8802228412256266,1.0,0.01264,1.9723076923076919,0.4876543209876544,0.07258064516129033,0.4929797191887675,0.3751044568245125
"bar, good",place,0.04,0.369,0.021,0.525,1.4227642276422765,1.0,0.006240000000000001,1.328421052631579,0.30952380952380953,0.054123711340206195,0.24722662440570528,0.29095528455284553
"bar, place",great,0.043,0.349,0.023,0.5348837209302326,1.5326181115479445,1.0,0.007993000000000002,1.3996500000000003,0.3631366135114262,0.06233062330623307,0.28553566963169374,0.3003931498633971
"bar, great",place,0.033,0.369,0.023,0.6969696969696969,1.8888067668555473,1.0,0.010823,2.0822999999999996,0.4866238028865608,0.06068601583113456,0.5197618018537193,0.379650160137965
"bar, food",service,0.042,0.28,0.022,0.5238095238095237,1.8707482993197273,1.0,0.010239999999999997,1.5119999999999996,0.4858606946289618,0.07333333333333333,0.3386243386243385,0.3011904761904761
"bar, service",food,0.028,0.359,0.022,0.7857142857142857,2.1886191802626342,1.0,0.011947999999999999,2.9913333333333334,0.5587355031799477,0.06027397260273972,0.6657009137508357,0.4234978113808197
friend,place,0.075,0.369,0.042,0.56,1.5176151761517618,1.0,0.014325000000000004,1.4340909090909093,0.3687258687258688,0.1044776119402985,0.30269413629160075,0.33691056910569106
"friend, place",time,0.042,0.273,0.024,0.5714285714285714,2.0931449502878072,1.0,0.012533999999999998,1.6963333333333332,0.5451461377870563,0.08247422680412372,0.4104932206720377,0.32967032967032966
"friend, time",place,0.036,0.369,0.024,0.6666666666666667,1.806684733514002,1.0,0.010716000000000002,1.8930000000000005,0.46317427385892124,0.06299212598425198,0.4717379820390915,0.3658536585365854
"friend, great",place,0.035,0.369,0.024,0.6857142857142856,1.8583042973286874,1.0,0.011085,2.007727272727272,0.4786269430051813,0.06315789473684211,0.5019243830654289,0.37537746806039485
"friend, place",great,0.042,0.349,0.024,0.5714285714285714,1.637331150225133,1.0,0.009342000000000001,1.519,0.4063152400835074,0.06539509536784742,0.34167215273206053,0.3200982398690135
"friend, place",good,0.042,0.358,0.021,0.5,1.3966480446927374,1.0,0.0059640000000000006,1.284,0.2964509394572025,0.05540897097625331,0.22118380062305298,0.27932960893854747
"friend, good",place,0.034,0.369,0.021,0.6176470588235294,1.6738402678144428,1.0,0.008454000000000001,1.6503076923076925,0.41674060928719314,0.0549738219895288,0.39405239116248725,0.33727881396461024
"friend, place",would,0.042,0.207,0.023,0.5476190476190476,2.645502645502645,1.0,0.014306,1.7529473684210526,0.6492693110647182,0.10176991150442477,0.42953221641746225,0.32936507936507936
"friend, would",place,0.032,0.369,0.023,0.71875,1.9478319783197833,1.0,0.011191999999999999,2.2435555555555555,0.502694933524973,0.06084656084656084,0.5542789223454834,0.39054031165311653
"friend, time",one,0.036,0.224,0.024,0.6666666666666667,2.9761904761904763,1.0,0.015936,2.3280000000000007,0.6887966804979252,0.10169491525423728,0.5704467353951891,0.3869047619047619
"friend, one",time,0.031,0.273,0.024,0.7741935483870968,2.8358738036157387,1.0,0.015537,3.2195714285714283,0.6680856553147575,0.0857142857142857,0.6893996539024715,0.43105281814959234
"friend, place",one,0.042,0.224,0.022,0.5238095238095237,2.3384353741496593,1.0,0.012591999999999997,1.6295999999999997,0.5974568229265514,0.0901639344262295,0.3863524791359842,0.3110119047619047
"friend, one",place,0.031,0.369,0.022,0.7096774193548386,1.9232450389020017,1.0,0.010561,2.173444444444444,0.4954029458673422,0.0582010582010582,0.5399008230663053,0.38464900778040034
feel,time,0.061,0.273,0.032,0.5245901639344263,1.9215756920674953,1.0,0.015347,1.5292068965517243,0.5107494675186368,0.10596026490066224,0.3460662502536812,0.32090314057527175
next,time,0.058,0.273,0.036,0.6206896551724137,2.2735884804850315,1.0,0.020165999999999996,1.916636363636363,0.5946567586694974,0.12203389830508472,0.47825262059479184,0.3762788935202728
next,get,0.058,0.219,0.029,0.5,2.2831050228310503,1.0,0.016298,1.562,0.5966029723991507,0.11693548387096774,0.3597951344430218,0.3162100456621005
"food, next",time,0.025,0.273,0.02,0.7999999999999999,2.9304029304029298,1.0,0.013175,3.634999999999999,0.6756410256410256,0.07194244604316546,0.7248968363136175,0.4366300366300366
"next, time",food,0.036,0.359,0.02,0.5555555555555556,1.5475085112968123,1.0,0.007076000000000002,1.44225,0.3670124481327802,0.053333333333333344,0.30663893222395566,0.30563293098112043
"get, next",time,0.029,0.273,0.02,0.689655172413793,2.5262094227611467,1.0,0.012083,2.342555555555555,0.6221936148300721,0.07092198581560283,0.5731157804866479,0.38145762283693313
"next, time",get,0.036,0.219,0.02,0.5555555555555556,2.5367833587011672,1.0,0.012116000000000002,1.7572500000000002,0.6284232365145229,0.0851063829787234,0.43092900839379716,0.3234398782343988
"good, next",time,0.028,0.273,0.021,0.75,2.7472527472527473,1.0,0.013356,2.908,0.654320987654321,0.075,0.656121045392022,0.41346153846153844
"next, time",good,0.036,0.358,0.021,0.5833333333333334,1.6294227188081938,1.0,0.008112000000000003,1.5408000000000002,0.40071132187314773,0.056300268096514755,0.3509865005192109,0.32099627560521415
"next, place",time,0.027,0.273,0.021,0.7777777777777778,2.849002849002849,1.0,0.013629,3.2715,0.6670092497430627,0.07526881720430108,0.6943298181262418,0.4273504273504274
"next, time",place,0.036,0.369,0.021,0.5833333333333334,1.5808491418247517,1.0,0.007716000000000002,1.5144000000000002,0.3811499703615887,0.05468750000000001,0.3396724775488643,0.3201219512195122
"next, place",good,0.027,0.358,0.02,0.7407407407407408,2.0691082143596113,1.0,0.010334000000000001,2.476285714285715,0.5310380267214799,0.05479452054794521,0.5961693781008424,0.3983033312642252
"good, next",place,0.028,0.369,0.02,0.7142857142857143,1.9357336430507164,1.0,0.009668,2.2085000000000004,0.49732510288065845,0.05305039787798409,0.5472039846049355,0.38424312814556716
enough,food,0.051,0.359,0.026,0.5098039215686274,1.420066633895898,1.0,0.007691,1.30764,0.3117046283537327,0.06770833333333334,0.23526352818818633,0.2911136599486591
enough,good,0.051,0.358,0.028,0.5490196078431373,1.5335743235841826,1.0,0.009742000000000004,1.4235652173913045,0.3666265241607709,0.07349081364829398,0.29753832997373414,0.3136159491729653
big,food,0.048,0.359,0.027,0.5625,1.5668523676880224,1.0,0.009767999999999999,1.465142857142857,0.3800186741363212,0.07105263157894738,0.3174726989079563,0.3188544568245125
big,place,0.048,0.369,0.028,0.5833333333333334,1.5808491418247517,1.0,0.010288000000000002,1.5144000000000002,0.3859543817527012,0.07197943444730077,0.3396724775488643,0.3296070460704607
big,good,0.048,0.358,0.024,0.5,1.3966480446927374,1.0,0.006815999999999999,1.284,0.2983193277310924,0.06282722513089006,0.22118380062305298,0.2835195530726257
check,time,0.043,0.273,0.023,0.5348837209302326,1.959281029048471,1.0,0.011261,1.5630500000000003,0.5116078324474127,0.07849829351535836,0.36022520072934333,0.30956640258965845
ill,back,0.039,0.212,0.02,0.5128205128205129,2.418964683115627,1.0,0.011732000000000001,1.6174736842105266,0.6104058272632674,0.08658008658008658,0.3817519198229859,0.30358006773101115
ok,food,0.038,0.359,0.02,0.5263157894736842,1.4660606949127695,1.0,0.006358000000000001,1.353222222222222,0.3304573804573805,0.053050397877984094,0.2610230725018474,0.29101304794018473
"go, good",place,0.082,0.369,0.043,0.5243902439024389,1.4211117720933304,1.0,0.012741999999999996,1.3267179487179486,0.32279475097532545,0.10539215686274508,0.24626029144602052,0.320460704607046
"go, great",place,0.079,0.369,0.042,0.5316455696202532,1.4407739014099004,1.0,0.012849000000000003,1.3472702702702704,0.3321700015511091,0.10344827586206896,0.25775843045998925,0.3227333539158177
"go, great, time",place,0.034,0.369,0.02,0.5882352941176471,1.5941335883947076,1.0,0.0074540000000000006,1.5324285714285715,0.3858178053830228,0.05221932114882506,0.3474410366365247,0.32121791806153355
"food, go",place,0.078,0.369,0.042,0.5384615384615385,1.4592453616843863,1.0,0.013218000000000004,1.3671666666666669,0.34133870467926875,0.1037037037037037,0.2685602828233575,0.3261413383364603
"food, go",good,0.078,0.358,0.041,0.5256410256410257,1.4682710213436472,1.0,0.013076000000000004,1.3534054054054054,0.3459076239352416,0.10379746835443038,0.2611230928987939,0.3200830826529151
"go, good",food,0.082,0.359,0.041,0.5,1.392757660167131,1.0,0.011562000000000003,1.282,0.30718954248366015,0.1025,0.2199687987519501,0.3071030640668524
"back, food, go",good,0.035,0.358,0.02,0.5714285714285714,1.596169193934557,1.0,0.007469999999999999,1.498,0.38704663212435225,0.05361930294906166,0.3324432576769025,0.3136472466081405
"back, go, good",food,0.036,0.359,0.02,0.5555555555555556,1.5475085112968123,1.0,0.007076000000000002,1.44225,0.3670124481327802,0.053333333333333344,0.30663893222395566,0.30563293098112043
"food, go, time",place,0.03,0.369,0.02,0.6666666666666667,1.806684733514002,1.0,0.00893,1.8930000000000005,0.4603092783505155,0.052770448548812667,0.4717379820390915,0.3604336043360434
"go, service",food,0.063,0.359,0.035,0.5555555555555556,1.5475085112968123,1.0,0.012383000000000005,1.44225,0.3775880469583779,0.09043927648578812,0.30663893222395566,0.32652429588362736
"go, service",back,0.063,0.212,0.032,0.5079365079365079,2.395926924228811,1.0,0.018644,1.6014193548387097,0.6217982924226253,0.1316872427983539,0.3755539440818629,0.3294399520814615
"go, place, service",food,0.031,0.359,0.02,0.6451612903225806,1.797106658280169,1.0,0.008871,1.8064545454545453,0.45773993808049535,0.05405405405405406,0.44642947008202905,0.35043579836463296
"food, go, service",place,0.035,0.369,0.02,0.5714285714285714,1.5485869144405728,1.0,0.007084999999999999,1.4723333333333333,0.36709844559585486,0.052083333333333336,0.32080597690740315,0.3128145567169957
"food, go, service",great,0.035,0.349,0.02,0.5714285714285714,1.637331150225133,1.0,0.007785,1.519,0.4033678756476684,0.05494505494505495,0.34167215273206053,0.3143675808432255
"food, go, great",service,0.032,0.28,0.02,0.625,2.2321428571428568,1.0,0.01104,1.92,0.5702479338842975,0.0684931506849315,0.47916666666666663,0.3482142857142857
"go, great, service",food,0.029,0.359,0.02,0.689655172413793,1.9210450485063875,1.0,0.009589,2.065444444444444,0.49376930998970137,0.05434782608695653,0.5158427026736241,0.37268273941023916
"food, go, service",good,0.035,0.358,0.02,0.5714285714285714,1.596169193934557,1.0,0.007469999999999999,1.498,0.38704663212435225,0.05361930294906166,0.3324432576769025,0.3136472466081405
"go, good, service",food,0.031,0.359,0.02,0.6451612903225806,1.797106658280169,1.0,0.008871,1.8064545454545453,0.45773993808049535,0.05405405405405406,0.44642947008202905,0.35043579836463296
"go, like",good,0.061,0.358,0.032,0.5245901639344263,1.4653356534481181,1.0,0.010162000000000001,1.3504137931034483,0.338192225772098,0.082687338501292,0.2594862366579848,0.30698781939738073
"go, like",place,0.061,0.369,0.034,0.5573770491803279,1.5105069083477722,1.0,0.011491000000000005,1.4255925925925927,0.3599260790578213,0.08585858585858586,0.2985373204125641,0.324758985294771
"go, like",get,0.061,0.219,0.032,0.5245901639344263,2.3953888764129054,1.0,0.018641,1.6427931034482761,0.6203740681576145,0.12903225806451613,0.3912806196343486,0.33535444269780673
"go, like",would,0.061,0.207,0.031,0.5081967213114754,2.455056624693118,1.0,0.018373,1.6124333333333334,0.6311793603352914,0.13080168776371306,0.3798193206954293,0.3289775877088778
"go, would",like,0.061,0.209,0.031,0.5081967213114754,2.431563259863519,1.0,0.018251,1.6083666666666667,0.626988216702738,0.12970711297071127,0.3782512279538248,0.32826104008157503
"go, like, place",get,0.034,0.219,0.02,0.5882352941176471,2.686005909213,1.0,0.012554,1.8967142857142858,0.6497929606625258,0.08583690987124463,0.47277246365895914,0.33977974751544454
"get, go, like",place,0.032,0.369,0.02,0.625,1.6937669376693767,1.0,0.008192,1.6826666666666668,0.4231404958677686,0.05249343832020997,0.40570522979397783,0.33960027100271
"go, like, place",would,0.034,0.207,0.02,0.5882352941176471,2.8417163967036094,1.0,0.012962000000000001,1.925857142857143,0.6709109730848862,0.09049773755656108,0.48075068615087907,0.3424268258027849
"go, place, would",like,0.034,0.209,0.02,0.5882352941176471,2.814522938361948,1.0,0.012894,1.9210000000000003,0.667391304347826,0.08968609865470852,0.4794377928162416,0.3419645370109766
"go, like, would",place,0.031,0.369,0.02,0.6451612903225806,1.7484045808200017,1.0,0.008561000000000001,1.7782727272727272,0.44174406604747163,0.05263157894736842,0.4376565615254844,0.3496809161640003
"like, place, would",go,0.04,0.2,0.02,0.5,2.5,1.0,0.012,1.6,0.6250000000000001,0.0909090909090909,0.37499999999999994,0.3
"go, good, like",would,0.032,0.207,0.02,0.625,3.0193236714975846,1.0,0.013376,2.114666666666667,0.690909090909091,0.091324200913242,0.5271122320302648,0.36080917874396135
"go, like, would",good,0.031,0.358,0.02,0.6451612903225806,1.8021265092809515,1.0,0.008902,1.8092727272727271,0.45933952528379773,0.05420054200542006,0.4472917294744247,0.3505136060551451
"go, good, would",like,0.029,0.209,0.02,0.689655172413793,3.2997855139415937,1.0,0.013939,2.548777777777777,0.7177651905252317,0.09174311926605505,0.6076550852260342,0.3926744761590496
"back, go",place,0.08,0.369,0.042,0.525,1.4227642276422765,1.0,0.012480000000000002,1.328421052631579,0.3229813664596274,0.10319410319410319,0.24722662440570528,0.3194105691056911
"back, go, place",good,0.042,0.358,0.021,0.5,1.3966480446927374,1.0,0.0059640000000000006,1.284,0.2964509394572025,0.05540897097625331,0.22118380062305298,0.27932960893854747
"back, go, good",place,0.036,0.369,0.021,0.5833333333333334,1.5808491418247517,1.0,0.007716000000000002,1.5144000000000002,0.3811499703615887,0.05468750000000001,0.3396724775488643,0.3201219512195122
"go, time",place,0.079,0.369,0.044,0.5569620253164557,1.5093821824294191,1.0,0.014848999999999998,1.4242571428571427,0.366424834665877,0.1089108910891089,0.2978795963810708,0.3381016088641899
"go, place, time",good,0.044,0.358,0.022,0.5,1.3966480446927374,1.0,0.006248,1.284,0.29707112970711297,0.05789473684210527,0.22118380062305298,0.2807262569832402
"go, good, place",time,0.043,0.273,0.022,0.5116279069767442,1.8740948973507112,1.0,0.010261,1.4886190476190477,0.48736582122162064,0.07482993197278912,0.3282364607658104,0.29610699378141236
"go, good, time",place,0.032,0.369,0.022,0.6875,1.8631436314363143,1.0,0.010191999999999998,2.0192,0.47858752817430494,0.058047493403693924,0.5047543581616482,0.373560298102981
"get, go",place,0.073,0.369,0.045,0.6164383561643836,1.670564650851988,1.0,0.018063,1.6451071428571429,0.43300970873786404,0.11335012594458438,0.3921368560449819,0.36919478783828935
"get, go",time,0.073,0.273,0.038,0.5205479452054794,1.906769030056701,1.0,0.018071,1.5163142857142855,0.5130017600635894,0.12337662337662335,0.3405061144504531,0.3298710421998093
"go, great, place",get,0.042,0.219,0.022,0.5238095238095237,2.3918243096325282,1.0,0.012801999999999997,1.6400999999999997,0.607420762953122,0.09205020920502091,0.3902810804219254,0.31213307240704496
"get, go, great",place,0.035,0.369,0.022,0.6285714285714284,1.70344560588463,1.0,0.009084999999999998,1.6988461538461532,0.42793217145548745,0.05759162303664921,0.4113651799864159,0.34409601238869525
"go, good, place",get,0.043,0.219,0.022,0.5116279069767442,2.336200488478284,1.0,0.012582999999999999,1.5991904761904763,0.5976536525125867,0.09166666666666666,0.3746836196885329,0.3060422639906552
"get, go, good",place,0.034,0.369,0.022,0.6470588235294117,1.753546947234178,1.0,0.009453999999999999,1.787833333333333,0.4448522492000753,0.05774278215223097,0.44066374568844957,0.35333970986768687
"food, go, place",get,0.042,0.219,0.021,0.5,2.2831050228310503,1.0,0.011802,1.562,0.5866388308977035,0.0875,0.3597951344430218,0.2979452054794521
"food, get, go",place,0.027,0.369,0.021,0.7777777777777778,2.1077988557663354,1.0,0.011037000000000002,2.8395,0.5401556305975629,0.056,0.6478253213593943,0.4173441734417344
"get, go, place",time,0.045,0.273,0.024,0.5333333333333333,1.9536019536019533,1.0,0.011715,1.5578571428571428,0.5111256544502618,0.0816326530612245,0.3580926180651077,0.31062271062271063
"go, place, time",get,0.044,0.219,0.024,0.5454545454545455,2.4906600249066004,1.0,0.014364000000000002,1.7182000000000004,0.6260460251046026,0.100418410041841,0.41799557676638355,0.32752179327521797
"get, go, time",place,0.038,0.369,0.024,0.6315789473684211,1.7115960633290546,1.0,0.009978,1.712714285714286,0.4321725571725572,0.06266318537859009,0.4161314538326801,0.3483097988874626
"get, place, time",go,0.047,0.2,0.024,0.5106382978723404,2.553191489361702,1.0,0.0146,1.634782608695652,0.6383350821965722,0.10762331838565023,0.38829787234042545,0.3153191489361702
"go, one",place,0.064,0.369,0.033,0.515625,1.3973577235772359,1.0,0.009384,1.302709677419355,0.3038073038073038,0.0825,0.23236925515055468,0.30252794715447157
"go, one, place",get,0.033,0.219,0.02,0.6060606060606061,2.7674000276740003,1.0,0.012773,1.9825384615384616,0.6604446742502585,0.08620689655172413,0.4955961665308657,0.34869240348692404
"get, go, one",place,0.03,0.369,0.02,0.6666666666666667,1.806684733514002,1.0,0.00893,1.8930000000000005,0.4603092783505155,0.052770448548812667,0.4717379820390915,0.3604336043360434
"get, one, place",go,0.04,0.2,0.02,0.5,2.5,1.0,0.012,1.6,0.6250000000000001,0.0909090909090909,0.37499999999999994,0.3
"go, would",place,0.061,0.369,0.034,0.5573770491803279,1.5105069083477722,1.0,0.011491000000000005,1.4255925925925927,0.3599260790578213,0.08585858585858586,0.2985373204125641,0.324758985294771
"go, would",get,0.061,0.219,0.032,0.5245901639344263,2.3953888764129054,1.0,0.018641,1.6427931034482761,0.6203740681576145,0.12903225806451613,0.3912806196343486,0.33535444269780673
"go, would",back,0.061,0.212,0.033,0.5409836065573771,2.5518094648932883,1.0,0.020068000000000003,1.7167142857142859,0.6476264239842514,0.13749999999999998,0.4174918864941334,0.34832199195793384
"go, place, would",get,0.034,0.219,0.021,0.6176470588235294,2.8203062046736505,1.0,0.013554,2.042615384615385,0.668145519077196,0.09051724137931035,0.5104315733976049,0.3567687348912168
"get, go, would",place,0.032,0.369,0.021,0.65625,1.7784552845528456,1.0,0.009192,1.8356363636363637,0.4521841794569067,0.05526315789473685,0.455229793977813,0.3565802845528455
"get, place, would",go,0.032,0.2,0.021,0.65625,3.28125,1.0,0.014600000000000002,2.3272727272727276,0.7182211727666273,0.0995260663507109,0.5703125,0.380625
try,good,0.125,0.358,0.07,0.56,1.564245810055866,1.0,0.02525000000000001,1.4590909090909092,0.4122448979591838,0.16949152542372883,0.3146417445482867,0.3777653631284916
try,place,0.125,0.369,0.068,0.544,1.4742547425474255,1.0,0.021875000000000006,1.3837719298245614,0.3676470588235295,0.15962441314553993,0.2773375594294771,0.3641409214092141
"place, try",good,0.068,0.358,0.043,0.6323529411764705,1.7663489976996383,1.0,0.018655999999999996,1.7462399999999993,0.465515520511029,0.11227154046997388,0.4273410298698917,0.3762323365100229
"good, try",place,0.07,0.369,0.043,0.6142857142857142,1.6647309330236157,1.0,0.017169999999999994,1.6359259259259256,0.42935733933483367,0.10858585858585858,0.3887253792166628,0.36540843979868365
"go, try",good,0.036,0.358,0.025,0.6944444444444445,1.9397889509621355,1.0,0.012112000000000003,2.10109090909091,0.5025726141078839,0.06775067750677509,0.5240567670474214,0.38213842333954073
"go, try",place,0.036,0.369,0.021,0.5833333333333334,1.5808491418247517,1.0,0.007716000000000002,1.5144000000000002,0.3811499703615887,0.05468750000000001,0.3396724775488643,0.3201219512195122
"go, try",time,0.036,0.273,0.021,0.5833333333333334,2.1367521367521367,1.0,0.011172000000000001,1.7448000000000001,0.5518672199170125,0.07291666666666667,0.42686840898670336,0.3301282051282052
"go, try",back,0.036,0.212,0.02,0.5555555555555556,2.620545073375262,1.0,0.012368,1.7730000000000001,0.64149377593361,0.08771929824561403,0.4359842075578117,0.3249475890985325
"love, try",place,0.026,0.369,0.022,0.8461538461538461,2.293099854075464,1.0,0.012405999999999999,4.1015,0.5789621056561508,0.058981233243967826,0.7561867609411191,0.4528872211799041
"food, try",good,0.053,0.358,0.041,0.7735849056603774,2.1608516917887637,1.0,0.022026000000000004,2.8355000000000006,0.5672856517371933,0.11081081081081082,0.6473285134896845,0.44405502266259095
"good, try",food,0.07,0.359,0.041,0.5857142857142856,1.6315161161957819,1.0,0.01587,1.5472413793103446,0.4162077104642014,0.1056701030927835,0.35368843325161564,0.3499602069239952
"food, try",place,0.053,0.369,0.032,0.6037735849056604,1.6362427775221149,1.0,0.012443000000000003,1.5925238095238095,0.4106058606124605,0.08205128205128205,0.37206590317854255,0.34524722605716623
"food, place, try",good,0.032,0.358,0.025,0.78125,2.1822625698324023,1.0,0.013544000000000002,2.934857142857143,0.5596694214876035,0.06849315068493152,0.6592679127725857,0.4255412011173184
"good, place, try",food,0.043,0.359,0.025,0.5813953488372093,1.6194856513571292,1.0,0.009563000000000004,1.531277777777778,0.39970741901776397,0.06631299734748011,0.34695062221093503,0.3255166159227829
"food, good, try",place,0.041,0.369,0.025,0.6097560975609756,1.6524555489457333,1.0,0.009871000000000001,1.6169375,0.4117205422314912,0.06493506493506494,0.38154690580186307,0.33875338753387535
"service, try",good,0.041,0.358,0.023,0.5609756097560975,1.5669709769723394,1.0,0.008322,1.4623333333333333,0.37729518973568477,0.06117021276595745,0.3161613859129245,0.3126107099059817
"restaurant, try",good,0.025,0.358,0.021,0.84,2.346368715083799,1.0,0.012050000000000002,4.012499999999999,0.5885225885225887,0.05801104972375691,0.7507788161993769,0.44932960893854745
"place, try",time,0.068,0.273,0.036,0.5294117647058822,1.93923723335488,1.0,0.017435999999999993,1.5448749999999996,0.51967095851216,0.11803278688524588,0.35269843838498244,0.33063994828700705
"time, try",place,0.052,0.369,0.036,0.6923076923076923,1.876172607879925,1.0,0.016811999999999997,2.05075,0.4926160337552742,0.0935064935064935,0.5123735218822382,0.3949343339587242
"time, try",good,0.052,0.358,0.031,0.5961538461538461,1.6652342071336486,1.0,0.012384000000000003,1.5897142857142856,0.42139648836259713,0.08179419525065963,0.37095614665708126,0.34137301246239793
"good, place, try",time,0.043,0.273,0.024,0.558139534883721,2.0444671607462306,1.0,0.012261000000000001,1.6453157894736845,0.5338296760710555,0.08219178082191782,0.39221394069287624,0.3230258113979045
"place, time, try",good,0.036,0.358,0.024,0.6666666666666667,1.8621973929236502,1.0,0.011112000000000002,1.9260000000000004,0.48029045643153534,0.06486486486486488,0.48078920041536877,0.3668528864059591
"good, time, try",place,0.031,0.369,0.024,0.7741935483870968,2.098085496984002,1.0,0.012561000000000001,2.794428571428571,0.5401186790505677,0.06382978723404255,0.6421450846071264,0.4196170993968004
"back, try",good,0.047,0.358,0.029,0.6170212765957447,1.723523118982527,1.0,0.012174,1.6763333333333335,0.4404964359373304,0.0771276595744681,0.4034599323921257,0.34901343159396175
"back, try",place,0.047,0.369,0.026,0.5531914893617021,1.499163927809491,1.0,0.008656999999999998,1.4122380952380953,0.34938251674872867,0.06666666666666667,0.291904103584314,0.31182609698437413
"back, try",time,0.047,0.273,0.024,0.5106382978723404,1.8704699555763382,1.0,0.011169,1.4856086956521737,0.48832633788037777,0.08108108108108109,0.32687523778863875,0.29927519289221416
"great, try",good,0.045,0.358,0.026,0.5777777777777777,1.6139044072004964,1.0,0.00989,1.5205263157894735,0.3983084977849376,0.06896551724137932,0.3423329871928002,0.3252017380509
"great, try",place,0.045,0.369,0.024,0.5333333333333333,1.4453477868112015,1.0,0.007395000000000002,1.352142857142857,0.32264397905759173,0.06153846153846155,0.26043317485472794,0.2991869918699187
"try, would",good,0.041,0.358,0.026,0.6341463414634145,1.7713584957078619,1.0,0.011321999999999999,1.7547999999999995,0.45407876794738106,0.06970509383378017,0.43013448826077033,0.35338601989371843
"try, would",place,0.041,0.369,0.025,0.6097560975609756,1.6524555489457333,1.0,0.009871000000000001,1.6169375,0.4117205422314912,0.06493506493506494,0.38154690580186307,0.33875338753387535
"try, would",back,0.041,0.212,0.022,0.5365853658536585,2.531063046479521,1.0,0.013307999999999999,1.7004210526315788,0.6307706891648497,0.09523809523809523,0.41191036275844983,0.3201794753796594
"like, try",would,0.045,0.207,0.023,0.5111111111111111,2.4691358024691357,1.0,0.013685000000000001,1.6220454545454546,0.6230366492146597,0.10043668122270742,0.38349446546167854,0.3111111111111111
"try, would",like,0.041,0.209,0.023,0.5609756097560975,2.6840938265841987,1.0,0.014431,1.801722222222222,0.654259418778619,0.1013215859030837,0.4449754864173167,0.33551172832302484
"get, try",good,0.04,0.358,0.027,0.6749999999999999,1.8854748603351954,1.0,0.01268,1.975384615384615,0.4891975308641976,0.07277628032345014,0.4937694704049843,0.3752094972067039
"get, try",time,0.04,0.273,0.024,0.6,2.1978021978021975,1.0,0.01308,1.8175,0.5677083333333334,0.08304498269896195,0.4497936726272352,0.34395604395604396
"get, try",place,0.04,0.369,0.023,0.575,1.5582655826558265,1.0,0.008239999999999999,1.484705882352941,0.37318840579710144,0.05958549222797928,0.32646592709984146,0.3186653116531165
"get, try",back,0.04,0.212,0.02,0.5,2.358490566037736,1.0,0.01152,1.576,0.6000000000000001,0.08620689655172413,0.3654822335025381,0.2971698113207547
"get, try",like,0.04,0.209,0.022,0.5499999999999999,2.631578947368421,1.0,0.01364,1.7577777777777777,0.6458333333333334,0.09691629955947136,0.43109987357774965,0.3276315789473684
"one, try",place,0.036,0.369,0.026,0.7222222222222222,1.9572417946401686,1.0,0.012716,2.2716,0.507341206511331,0.06860158311345647,0.5597816516992428,0.39634146341463417
"one, try",time,0.036,0.273,0.025,0.6944444444444445,2.543752543752544,1.0,0.015172000000000001,2.379272727272728,0.6295435684647304,0.08802816901408451,0.5797034999235826,0.39300976800976806
"one, try",good,0.036,0.358,0.022,0.6111111111111112,1.7070142768466794,1.0,0.009112,1.650857142857143,0.42964918898528864,0.05913978494623656,0.3942540671512635,0.3362818125387958
"place, time, try",one,0.036,0.224,0.02,0.5555555555555556,2.4801587301587302,1.0,0.011936,1.7460000000000002,0.6190871369294606,0.08333333333333333,0.42726231386025204,0.32242063492063494
"one, place, try",time,0.026,0.273,0.02,0.7692307692307693,2.817695125387433,1.0,0.012902,3.1503333333333337,0.6623203285420944,0.07168458781362007,0.6825732726695588,0.42124542124542125
"one, time, try",place,0.025,0.369,0.02,0.7999999999999999,2.168021680216802,1.0,0.010775,3.154999999999999,0.5525641025641026,0.053475935828877004,0.6830427892234547,0.42710027100271
"one, try","place, time",0.036,0.125,0.02,0.5555555555555556,4.444444444444445,1.0,0.0155,1.96875,0.803941908713693,0.14184397163120566,0.4920634920634921,0.3577777777777778
"make, try",time,0.031,0.273,0.023,0.7419354838709677,2.7177123951317497,1.0,0.014537,2.817125,0.6522636514560058,0.08185053380782917,0.6450281758885389,0.413092284060026
"make, try",place,0.031,0.369,0.021,0.6774193548387097,1.835824809861002,1.0,0.009561000000000002,1.9561000000000004,0.46985109833407057,0.0554089709762533,0.488778692295895,0.3671649619722004
"got, try",good,0.028,0.358,0.02,0.7142857142857143,1.9952114924181965,1.0,0.009976,2.2470000000000003,0.5131687242798354,0.054644808743169404,0.5549621717846017,0.3850758180367119
"really, try",place,0.038,0.369,0.022,0.5789473684210527,1.5689630580516332,1.0,0.007977999999999999,1.498625,0.37696087696087693,0.05714285714285715,0.3327216615230629,0.31928398231350735
"really, try",good,0.038,0.358,0.024,0.6315789473684211,1.7641870038224055,1.0,0.010396,1.7425714285714289,0.4502772002772003,0.06451612903225808,0.42613543203803916,0.3493090267568363
"like, try",place,0.045,0.369,0.027,0.6,1.6260162601626016,1.0,0.010395000000000001,1.5775,0.4031413612565446,0.06976744186046513,0.36608557844690964,0.3365853658536585
"like, try",good,0.045,0.358,0.034,0.7555555555555556,2.1104903786468037,1.0,0.017890000000000003,2.6263636363636373,0.5509701262704035,0.0921409214092141,0.6192454136379372,0.42526381129733093
"like, try",time,0.045,0.273,0.024,0.5333333333333333,1.9536019536019533,1.0,0.011715,1.5578571428571428,0.5111256544502618,0.0816326530612245,0.3580926180651077,0.31062271062271063
"like, place, try",good,0.027,0.358,0.021,0.7777777777777778,2.1725636250775917,1.0,0.011334000000000002,2.8890000000000002,0.5546909411246514,0.057692307692307696,0.6538594669435791,0.41821849782743636
"good, like, try",place,0.034,0.369,0.021,0.6176470588235294,1.6738402678144428,1.0,0.008454000000000001,1.6503076923076925,0.41674060928719314,0.0549738219895288,0.39405239116248725,0.33727881396461024
"place, special",good,0.032,0.358,0.02,0.625,1.7458100558659218,1.0,0.008544000000000001,1.712,0.4413223140495869,0.05405405405405406,0.4158878504672897,0.3404329608938548
"good, special",place,0.031,0.369,0.02,0.6451612903225806,1.7484045808200017,1.0,0.008561000000000001,1.7782727272727272,0.44174406604747163,0.05263157894736842,0.4376565615254844,0.3496809161640003
awesome,place,0.061,0.369,0.033,0.5409836065573771,1.4660802345728376,1.0,0.010491000000000004,1.3746785714285716,0.3385613321715559,0.08312342569269521,0.27255722116858494,0.3152072504331601
awesome,great,0.061,0.349,0.041,0.6721311475409837,1.9258772135844806,1.0,0.019711000000000003,1.9855500000000006,0.511987324346087,0.11111111111111112,0.49636120974037434,0.3948048287848185
"awesome, place",great,0.033,0.349,0.02,0.6060606060606061,1.7365633411478685,1.0,0.008483000000000001,1.6525384615384617,0.4386246122026888,0.05524861878453039,0.39487036261229813,0.33168359815924287
"food, never",place,0.052,0.369,0.028,0.5384615384615385,1.4592453616843863,1.0,0.008812,1.3671666666666669,0.33197709463532254,0.0712468193384224,0.2685602828233575,0.3071711486345633
"never, place",food,0.047,0.359,0.028,0.5957446808510638,1.6594559355182836,1.0,0.011127000000000001,1.5856315789473683,0.41699145555389006,0.07407407407407408,0.36933647558668303,0.3368695549102116
"good, never",food,0.03,0.359,0.024,0.8,2.2284122562674096,1.0,0.013230000000000002,3.205000000000001,0.568298969072165,0.06575342465753425,0.6879875195007801,0.43342618384401116
"never, time",food,0.043,0.359,0.024,0.558139534883721,1.554706225302844,1.0,0.008563000000000003,1.4506842105263162,0.3728230581678859,0.0634920634920635,0.31067010122265376,0.31249595128587165
"never, service",food,0.04,0.359,0.02,0.5,1.392757660167131,1.0,0.005640000000000001,1.282,0.29375000000000007,0.05277044854881267,0.2199687987519501,0.27785515320334264
"never, one",time,0.037,0.273,0.02,0.5405405405405406,1.98000198000198,1.0,0.009899,1.5822941176470589,0.5139667705088266,0.06896551724137932,0.3680062455853378,0.3069003069003069
"never, one",place,0.037,0.369,0.021,0.5675675675675677,1.5381234893430018,1.0,0.007347000000000003,1.4591875000000003,0.3632992137665036,0.05454545454545456,0.3146871118344971,0.31223906833662934
"never, one",food,0.037,0.359,0.02,0.5405405405405406,1.505683956937439,1.0,0.006717000000000001,1.3951176470588236,0.34875389408099694,0.053191489361702135,0.28321457182611637,0.2981254234736129
"ive, never",food,0.031,0.359,0.021,0.6774193548387097,1.8869619911941777,1.0,0.009871000000000001,1.9871000000000005,0.48508526217504555,0.05691056910569106,0.49675406371093567,0.3679575882828646
"never, place",get,0.047,0.219,0.024,0.5106382978723404,2.3316817254444766,1.0,0.013707,1.5959565217391303,0.5992917103882477,0.09917355371900825,0.3734165145612553,0.3101136694841154
"get, never",place,0.036,0.369,0.024,0.6666666666666667,1.806684733514002,1.0,0.010716000000000002,1.8930000000000005,0.46317427385892124,0.06299212598425198,0.4717379820390915,0.3658536585365854
"get, never",food,0.036,0.359,0.022,0.6111111111111112,1.7022593624264934,1.0,0.009076,1.6482857142857146,0.42795171633345913,0.05898123324396783,0.39330906569596125,0.33619622407923244
"get, never",time,0.036,0.273,0.02,0.5555555555555556,2.035002035002035,1.0,0.010172,1.63575,0.5275933609958506,0.06920415224913495,0.38865963625248356,0.3144078144078144
"like, never",get,0.034,0.219,0.02,0.5882352941176471,2.686005909213,1.0,0.012554,1.8967142857142858,0.6497929606625258,0.08583690987124463,0.47277246365895914,0.33977974751544454
"get, never",like,0.036,0.209,0.02,0.5555555555555556,2.658160552897395,1.0,0.012476000000000001,1.7797500000000002,0.6470954356846474,0.08888888888888889,0.4381233319286417,0.32562466772993093
"amazing, great",food,0.034,0.359,0.02,0.5882352941176471,1.6385384237260365,1.0,0.007794000000000001,1.5567142857142857,0.403416149068323,0.05361930294906166,0.35762136367807656,0.3219728002621662
"amazing, food",service,0.041,0.28,0.022,0.5365853658536585,1.9163763066202086,1.0,0.010519999999999996,1.5536842105263156,0.49862546212911163,0.07357859531772575,0.35636856368563674,0.3075783972125435
"amazing, service",food,0.03,0.359,0.022,0.7333333333333333,2.042711234911792,1.0,0.01123,2.4037499999999996,0.5262417994376758,0.05994550408719346,0.5839833593343733,0.3973073351903435
"menu, place",good,0.036,0.358,0.024,0.6666666666666667,1.8621973929236502,1.0,0.011112000000000002,1.9260000000000004,0.48029045643153534,0.06486486486486488,0.48078920041536877,0.3668528864059591
"good, menu",place,0.04,0.369,0.024,0.6,1.6260162601626016,1.0,0.00924,1.5775,0.4010416666666667,0.062337662337662345,0.36608557844690964,0.33252032520325203
"good, menu",food,0.04,0.359,0.02,0.5,1.392757660167131,1.0,0.005640000000000001,1.282,0.29375000000000007,0.05277044854881267,0.2199687987519501,0.27785515320334264
"good, menu",time,0.04,0.273,0.021,0.525,1.923076923076923,1.0,0.01008,1.5305263157894737,0.5,0.07191780821917809,0.3466299862448418,0.3009615384615385
"menu, time",good,0.031,0.358,0.021,0.6774193548387097,1.8922328347449993,1.0,0.009902000000000001,1.9902000000000004,0.486608678559143,0.05706521739130435,0.4975379358858407,0.36803928635790234
"food, menu",great,0.042,0.349,0.021,0.5,1.4326647564469914,1.0,0.006342000000000002,1.302,0.315240083507307,0.05675675675675677,0.2319508448540707,0.2800859598853868
"great, menu",food,0.029,0.359,0.021,0.7241379310344828,2.017097300931707,1.0,0.010589000000000001,2.3236250000000003,0.5192977293904174,0.05722070844686649,0.5696379579321104,0.39131687638075113
"like, menu",good,0.03,0.358,0.022,0.7333333333333333,2.0484171322160147,1.0,0.01126,2.4074999999999998,0.5276476101218369,0.060109289617486336,0.5846313603322948,0.39739292364990686
"good, menu",like,0.04,0.209,0.022,0.5499999999999999,2.631578947368421,1.0,0.01364,1.7577777777777777,0.6458333333333334,0.09691629955947136,0.43109987357774965,0.3276315789473684
"menu, place",like,0.036,0.209,0.02,0.5555555555555556,2.658160552897395,1.0,0.012476000000000001,1.7797500000000002,0.6470954356846474,0.08888888888888889,0.4381233319286417,0.32562466772993093
"like, menu",place,0.03,0.369,0.02,0.6666666666666667,1.806684733514002,1.0,0.00893,1.8930000000000005,0.4603092783505155,0.052770448548812667,0.4717379820390915,0.3604336043360434
see,place,0.083,0.369,0.043,0.5180722891566264,1.4039899435138927,1.0,0.012372999999999995,1.3093249999999996,0.3137886434531205,0.10513447432762835,0.23624768487579462,0.31730172723413974
see,good,0.083,0.358,0.043,0.5180722891566264,1.4471292993201856,1.0,0.013285999999999996,1.3321499999999997,0.336943014379549,0.10804020100502511,0.24933378373306295,0.3190920105001009
"place, see",good,0.043,0.358,0.024,0.558139534883721,1.559048980122126,1.0,0.008606000000000003,1.452947368421053,0.37469522814350414,0.06366047745358092,0.3117438238064191,0.31258932051448624
"good, see",place,0.043,0.369,0.024,0.558139534883721,1.5125732652675368,1.0,0.008133000000000001,1.4280526315789477,0.3541013584117033,0.06185567010309279,0.29974569712158644,0.31159009264511256
"place, see",time,0.043,0.273,0.024,0.558139534883721,2.0444671607462306,1.0,0.012261000000000001,1.6453157894736845,0.5338296760710555,0.08219178082191782,0.39221394069287624,0.3230258113979045
"see, time",place,0.037,0.369,0.024,0.6486486486486487,1.757855416392002,1.0,0.010347000000000002,1.7959230769230772,0.4476895119418485,0.06282722513089006,0.44318327836552884,0.3568446495275764
"one, see",place,0.032,0.369,0.02,0.625,1.6937669376693767,1.0,0.008192,1.6826666666666668,0.4231404958677686,0.05249343832020997,0.40570522979397783,0.33960027100271
"see, time",would,0.037,0.207,0.021,0.5675675675675677,2.741872307089699,1.0,0.013341000000000002,1.8338125000000005,0.6596944073579588,0.09417040358744395,0.45468797927814336,0.33450842146494325
"see, would",time,0.029,0.273,0.021,0.7241379310344828,2.652519893899204,1.0,0.013083000000000001,2.635375,0.6416065911431514,0.07473309608540925,0.620547360432576,0.4005305039787799
"one, see",would,0.032,0.207,0.02,0.625,3.0193236714975846,1.0,0.013376,2.114666666666667,0.690909090909091,0.091324200913242,0.5271122320302648,0.36080917874396135
"see, would",one,0.029,0.224,0.02,0.689655172413793,3.0788177339901472,1.0,0.013504,2.500444444444444,0.6953656024716787,0.08583690987124463,0.6000710984713828,0.38947044334975367
"get, see",time,0.031,0.273,0.02,0.6451612903225806,2.3632281696797826,1.0,0.011537,2.0488181818181816,0.5953044375644995,0.0704225352112676,0.5119137418467409,0.3592106817913269
"see, time",get,0.037,0.219,0.02,0.5405405405405406,2.4682216463038382,1.0,0.011897000000000001,1.699823529411765,0.617705088265836,0.0847457627118644,0.4117036370557498,0.3159323707268913
"food, see",good,0.032,0.358,0.02,0.625,1.7458100558659218,1.0,0.008544000000000001,1.712,0.4413223140495869,0.05405405405405406,0.4158878504672897,0.3404329608938548
dinner,food,0.058,0.359,0.03,0.5172413793103448,1.4407837863797905,1.0,0.009177999999999999,1.3277857142857141,0.32476999292285913,0.07751937984496124,0.24686642638119308,0.3004034194601863
dinner,good,0.058,0.358,0.032,0.5517241379310345,1.541128876902331,1.0,0.011236,1.432153846153846,0.372744161358811,0.08333333333333333,0.3017509936620475,0.32055480639568484
"place, really",good,0.088,0.358,0.049,0.5568181818181819,1.5553580497714579,1.0,0.017496000000000005,1.4486153846153849,0.391514500537057,0.12342569269521413,0.30968564146134253,0.34684484509903507
"good, really",place,0.087,0.369,0.049,0.5632183908045978,1.5263371024514845,1.0,0.016897000000000002,1.4446578947368425,0.37769631401300935,0.1203931203931204,0.3077945971546716,0.34800485935893843
"food, really",good,0.081,0.358,0.049,0.6049382716049383,1.6897717083936825,1.0,0.020002000000000002,1.6250625,0.44418289622704366,0.12564102564102564,0.38463905234414064,0.3709048899924133
"good, really",food,0.087,0.359,0.049,0.5632183908045978,1.5688534562802168,1.0,0.017767000000000005,1.4675526315789478,0.3971433042001029,0.12342569269521413,0.3185934333925083,0.34985432075048833
"place, really",food,0.088,0.359,0.044,0.5,1.392757660167131,1.0,0.012408000000000002,1.282,0.30921052631578955,0.10918114143920596,0.2199687987519501,0.3112813370473538
"food, really",place,0.081,0.369,0.044,0.5432098765432098,1.4721134865669643,1.0,0.014110999999999999,1.3813783783783784,0.348971213769908,0.1083743842364532,0.2760853827943104,0.331225534477567
"food, place, really",good,0.044,0.358,0.028,0.6363636363636365,1.7775520568816663,1.0,0.012248000000000002,1.7655000000000005,0.4575612671846982,0.07486631016042782,0.4335882186349478,0.3572879634332149
"good, place, really",food,0.049,0.359,0.028,0.5714285714285714,1.5917230401910067,1.0,0.010409000000000002,1.4956666666666667,0.3909043112513145,0.0736842105263158,0.33140182750167146,0.3247115001989654
"food, good, really",place,0.049,0.369,0.028,0.5714285714285714,1.5485869144405728,1.0,0.009919,1.4723333333333333,0.3725026288117771,0.0717948717948718,0.32080597690740315,0.3236546651180797
"great, really",place,0.072,0.369,0.042,0.5833333333333334,1.5808491418247517,1.0,0.015432000000000005,1.5144000000000002,0.39593596059113306,0.10526315789473684,0.3396724775488643,0.3485772357723578
"great, really",food,0.072,0.359,0.04,0.5555555555555556,1.5475085112968123,1.0,0.014152000000000005,1.44225,0.38125000000000014,0.10230179028132992,0.30663893222395566,0.333488084184463
"great, really",good,0.072,0.358,0.036,0.5,1.3966480446927374,1.0,0.010224,1.284,0.3060344827586207,0.0913705583756345,0.22118380062305298,0.30027932960893855
"food, place, really",great,0.044,0.349,0.025,0.5681818181818182,1.6280281323261268,1.0,0.009644000000000003,1.5075789473684214,0.40351464435146456,0.06793478260869566,0.3366848205557884,0.3199075280020839
"great, place, really",food,0.042,0.359,0.025,0.5952380952380952,1.6580448335322988,1.0,0.009922,1.5836470588235294,0.4142797494780794,0.06648936170212767,0.36854617041824533,0.33243798912322586
"food, great, really",place,0.04,0.369,0.025,0.625,1.6937669376693767,1.0,0.01024,1.6826666666666668,0.4266666666666667,0.06510416666666669,0.40570522979397783,0.34637533875338755
"food, great, really",good,0.04,0.358,0.024,0.6,1.675977653631285,1.0,0.009680000000000001,1.605,0.42013888888888895,0.06417112299465241,0.37694704049844235,0.3335195530726257
"good, great, really",food,0.036,0.359,0.024,0.6666666666666667,1.8570102135561748,1.0,0.011076000000000003,1.9230000000000005,0.47873443983402497,0.06469002695417791,0.47997919916796683,0.3667595171773445
"great, place, really",good,0.042,0.358,0.021,0.5,1.3966480446927374,1.0,0.0059640000000000006,1.284,0.2964509394572025,0.05540897097625331,0.22118380062305298,0.27932960893854747
"good, great, really",place,0.036,0.369,0.021,0.5833333333333334,1.5808491418247517,1.0,0.007716000000000002,1.5144000000000002,0.3811499703615887,0.05468750000000001,0.3396724775488643,0.3201219512195122
"like, really",good,0.063,0.358,0.04,0.6349206349206349,1.7735213265939522,1.0,0.017446000000000003,1.7585217391304346,0.46547491995731055,0.10498687664041995,0.4313405528358799,0.37332623924802694
"like, really",place,0.063,0.369,0.038,0.6031746031746031,1.6346195207983825,1.0,0.014752999999999999,1.59012,0.4143402797281357,0.09644670050761421,0.37111664528463256,0.3530778164924506
"like, really",food,0.063,0.359,0.035,0.5555555555555556,1.5475085112968123,1.0,0.012383000000000005,1.44225,0.3775880469583779,0.09043927648578812,0.30663893222395566,0.32652429588362736
"like, really",get,0.063,0.219,0.034,0.5396825396825398,2.464303834166848,1.0,0.020203000000000002,1.6966551724137935,0.6341578253499905,0.13709677419354838,0.41060504440786144,0.3474668406175256
"get, really",like,0.064,0.209,0.034,0.53125,2.5418660287081343,1.0,0.020624000000000003,1.6874666666666667,0.648064353946707,0.14225941422594143,0.40739570164348926,0.34696471291866027
"like, place, really",good,0.038,0.358,0.025,0.6578947368421053,1.837694795648339,1.0,0.011396000000000002,1.876615384615385,0.47384615384615386,0.06738544474393532,0.4671257583210363,0.36386356953837107
"good, place, really",like,0.049,0.209,0.025,0.5102040816326531,2.4411678547016895,1.0,0.014759000000000001,1.6149583333333335,0.6207781282860148,0.1072961373390558,0.38078897804380923,0.3149106532565179
"good, like, really",place,0.04,0.369,0.025,0.625,1.6937669376693767,1.0,0.01024,1.6826666666666668,0.4266666666666667,0.06510416666666669,0.40570522979397783,0.34637533875338755
"food, like, really",good,0.035,0.358,0.023,0.657142857142857,1.8355945730247403,1.0,0.010469999999999998,1.8724999999999994,0.4717278666366298,0.06216216216216216,0.46595460614152184,0.3606943335993615
"good, like, really",food,0.04,0.359,0.023,0.575,1.6016713091922006,1.0,0.00864,1.508235294117647,0.391304347826087,0.06117021276595745,0.3369734789391575,0.319533426183844
"food, place, really",like,0.044,0.209,0.022,0.5,2.3923444976076556,1.0,0.012804,1.582,0.6087866108786611,0.09523809523809523,0.3678887484197219,0.3026315789473684
"like, place, really",food,0.038,0.359,0.022,0.5789473684210527,1.6126667644040464,1.0,0.008357999999999999,1.522375,0.3949158949158949,0.05866666666666667,0.3431316200016422,0.3201143527342032
"food, like, really",place,0.035,0.369,0.022,0.6285714285714284,1.70344560588463,1.0,0.009084999999999998,1.6988461538461532,0.42793217145548745,0.05759162303664921,0.4113651799864159,0.34409601238869525
"food, like, really",great,0.035,0.349,0.022,0.6285714285714284,1.801064265247646,1.0,0.009784999999999999,1.752692307692307,0.4609043805934997,0.06077348066298342,0.42944919903445233,0.345804338927548
"great, like, really",food,0.027,0.359,0.022,0.8148148148148148,2.2696791499019913,1.0,0.012306999999999998,3.4613999999999994,0.5749322619826217,0.06043956043956044,0.7110995550933148,0.43804807593108425
"food, great, like",really,0.041,0.182,0.022,0.5365853658536585,2.9482712409541674,1.0,0.014537999999999999,1.765157894736842,0.6890700540335577,0.10945273631840795,0.4334784423638856,0.3287322433663897
"food, great, really",like,0.04,0.209,0.022,0.5499999999999999,2.631578947368421,1.0,0.01364,1.7577777777777777,0.6458333333333334,0.09691629955947136,0.43109987357774965,0.3276315789473684
"food, like, really",get,0.035,0.219,0.021,0.6,2.73972602739726,1.0,0.013335,1.9525,0.6580310880829014,0.09012875536480687,0.4878361075544174,0.34794520547945207
"food, get, really",like,0.032,0.209,0.021,0.65625,3.139952153110048,1.0,0.014312000000000002,2.301090909090909,0.7040535222353405,0.09545454545454546,0.5654235145385588,0.37836423444976075
"food, get, like",really,0.039,0.182,0.021,0.5384615384615385,2.958579881656805,1.0,0.013902000000000001,1.7723333333333338,0.6888657648283039,0.105,0.4357720519089713,0.326923076923077
"get, like, really",food,0.034,0.359,0.021,0.6176470588235294,1.7204653449123384,1.0,0.008794000000000001,1.6764615384615387,0.4335009366065267,0.05645161290322581,0.4035055519867854,0.33807144027527447
"like, place, really",get,0.038,0.219,0.021,0.5526315789473685,2.523431867339582,1.0,0.012678000000000002,1.745764705882353,0.6275616275616276,0.08898305084745763,0.4271851202911248,0.3242609949531363
"get, place, really",like,0.033,0.209,0.021,0.6363636363636364,3.044802087864289,1.0,0.014103000000000001,2.17525,0.6944895848722116,0.09502262443438915,0.5402827261234341,0.3684210526315789
"get, like, really",place,0.034,0.369,0.021,0.6176470588235294,1.6738402678144428,1.0,0.008454000000000001,1.6503076923076925,0.41674060928719314,0.0549738219895288,0.39405239116248725,0.33727881396461024
"get, like, really",good,0.034,0.358,0.02,0.5882352941176471,1.6431153466973383,1.0,0.007828,1.5591428571428572,0.405175983436853,0.053763440860215055,0.35862195345427894,0.3220506079526783
"good, like, really",get,0.04,0.219,0.02,0.5,2.2831050228310503,1.0,0.01124,1.562,0.5854166666666667,0.08368200836820083,0.3597951344430218,0.295662100456621
"get, good, really",like,0.03,0.209,0.02,0.6666666666666667,3.1897926634768745,1.0,0.013730000000000001,2.3730000000000007,0.7077319587628866,0.091324200913242,0.5785924989464813,0.3811802232854865
"back, really",place,0.054,0.369,0.031,0.5740740740740741,1.5557562983037239,1.0,0.011074,1.4814782608695651,0.3776171315556162,0.07908163265306122,0.32499853260550565,0.3290424570912376
"back, really",good,0.054,0.358,0.034,0.6296296296296297,1.7587419822056696,1.0,0.014668000000000004,1.7334,0.4560378062430048,0.08994708994708996,0.42309911157263186,0.36230084833436793
"go, really",back,0.057,0.212,0.03,0.5263157894736842,2.4826216484607744,1.0,0.017916,1.6635555555555555,0.6332979851537647,0.12552301255230125,0.39887790542345714,0.33391261171797415
"back, really",go,0.054,0.2,0.03,0.5555555555555556,2.7777777777777777,1.0,0.0192,1.8000000000000003,0.6765327695560254,0.13392857142857142,0.4444444444444444,0.3527777777777778
"back, really",food,0.054,0.359,0.029,0.5370370370370371,1.4959248942535852,1.0,0.009614000000000001,1.3845600000000002,0.35044105854049723,0.07552083333333334,0.2777488877332872,0.30890849066336534
"back, place, really",good,0.031,0.358,0.021,0.6774193548387097,1.8922328347449993,1.0,0.009902000000000001,1.9902000000000004,0.486608678559143,0.05706521739130435,0.4975379358858407,0.36803928635790234
"back, good, really",place,0.034,0.369,0.021,0.6176470588235294,1.6738402678144428,1.0,0.008454000000000001,1.6503076923076925,0.41674060928719314,0.0549738219895288,0.39405239116248725,0.33727881396461024
"really, time",place,0.065,0.369,0.035,0.5384615384615385,1.4592453616843863,1.0,0.011015000000000004,1.3671666666666669,0.3365928189457602,0.08771929824561404,0.2685602828233575,0.3166562434855118
"place, really, time",good,0.035,0.358,0.02,0.5714285714285714,1.596169193934557,1.0,0.007469999999999999,1.498,0.38704663212435225,0.05361930294906166,0.3324432576769025,0.3136472466081405
"good, really, time",place,0.032,0.369,0.02,0.625,1.6937669376693767,1.0,0.008192,1.6826666666666668,0.4231404958677686,0.05249343832020997,0.40570522979397783,0.33960027100271
"really, service",food,0.058,0.359,0.036,0.6206896551724137,1.7289405436557486,1.0,0.015177999999999997,1.6899090909090906,0.4475701816466147,0.09448818897637794,0.40825219215665165,0.3604841033522236
"really, service",place,0.058,0.369,0.029,0.5,1.3550135501355014,1.0,0.007598000000000001,1.262,0.27813163481953296,0.07286432160804021,0.2076069730586371,0.28929539295392953
"place, really, service",food,0.029,0.359,0.02,0.689655172413793,1.9210450485063875,1.0,0.009589,2.065444444444444,0.49376930998970137,0.05434782608695653,0.5158427026736241,0.37268273941023916
"food, really, service",place,0.036,0.369,0.02,0.5555555555555556,1.5055706112616682,1.0,0.0067160000000000015,1.41975,0.3483402489626557,0.05194805194805196,0.29565064271878855,0.3048780487804878
"food, really, service",great,0.036,0.349,0.022,0.6111111111111112,1.7510347023241009,1.0,0.009436,1.6740000000000004,0.4449264428517541,0.060606060606060615,0.4026284348864995,0.3370741801973894
"great, really, service",food,0.026,0.359,0.022,0.8461538461538461,2.3569745018212984,1.0,0.012666,4.1665,0.5910957625536681,0.06060606060606061,0.7599903996159846,0.45371759160059993
"food, great, really",service,0.04,0.28,0.022,0.5499999999999999,1.964285714285714,1.0,0.010799999999999997,1.5999999999999996,0.5113636363636364,0.0738255033557047,0.3749999999999999,0.3142857142857142
"food, really, service",good,0.036,0.358,0.021,0.5833333333333334,1.6294227188081938,1.0,0.008112000000000003,1.5408000000000002,0.40071132187314773,0.056300268096514755,0.3509865005192109,0.32099627560521415
"good, really, service",food,0.028,0.359,0.021,0.75,2.0891364902506964,1.0,0.010948000000000001,2.564,0.5363511659807957,0.05737704918032788,0.609984399375975,0.40424791086350975
"go, really",place,0.057,0.369,0.03,0.5263157894736842,1.426330052774212,1.0,0.008967,1.332111111111111,0.3169671261930011,0.07575757575757575,0.2493118692134456,0.30380830124090713
"go, really",good,0.057,0.358,0.03,0.5263157894736842,1.4701558365186709,1.0,0.009593999999999998,1.3553333333333333,0.3391304347826087,0.07792207792207792,0.26217412690605013,0.3050573360776242
"really, time",one,0.065,0.224,0.035,0.5384615384615385,2.403846153846154,1.0,0.020440000000000003,1.6813333333333338,0.6245989304812835,0.1377952755905512,0.40523394131641566,0.3473557692307693
"one, really",time,0.062,0.273,0.035,0.5645161290322581,2.0678246484698097,1.0,0.018074000000000003,1.6694074074074077,0.5505330490405118,0.11666666666666665,0.4009850468119094,0.34636062861869316
"one, really",place,0.062,0.369,0.036,0.5806451612903225,1.5735641227380015,1.0,0.013121999999999998,1.5046923076923076,0.3885927505330491,0.0911392405063291,0.33541229998466326,0.3391030684500393
"one, really",good,0.062,0.358,0.033,0.5322580645161291,1.4867543701567854,1.0,0.010804000000000001,1.3725517241379313,0.34903405052658787,0.08527131782945736,0.27143000703446907,0.3122184177329249
"one, really",get,0.062,0.219,0.031,0.5,2.2831050228310503,1.0,0.017422,1.562,0.5991471215351812,0.124,0.3597951344430218,0.3207762557077626
"place, really, time",one,0.035,0.224,0.023,0.657142857142857,2.9336734693877546,1.0,0.015159999999999998,2.2633333333333328,0.6830367199819779,0.09745762711864406,0.5581737849779086,0.3799107142857142
"one, place, really",time,0.036,0.273,0.023,0.638888888888889,2.3402523402523405,1.0,0.013172,2.0132307692307694,0.5940826267364244,0.08041958041958043,0.503285954455143,0.3615689865689866
"one, really, time",place,0.035,0.369,0.023,0.657142857142857,1.7808749516066587,1.0,0.010084999999999998,1.8404166666666661,0.4543816174814147,0.06036745406824147,0.4566447815259224,0.35973674022454505
"one, place, really",good,0.036,0.358,0.023,0.638888888888889,1.7846058348851648,1.0,0.010112000000000001,1.7778461538461543,0.4560707198268087,0.0619946091644205,0.43752163378331616,0.35156734947237744
"good, one, really",place,0.033,0.369,0.023,0.6969696969696969,1.8888067668555473,1.0,0.010823,2.0822999999999996,0.4866238028865608,0.06068601583113456,0.5197618018537193,0.379650160137965
"get, like, really",one,0.034,0.224,0.022,0.6470588235294117,2.8886554621848735,1.0,0.014383999999999997,2.198666666666666,0.6768304159608507,0.09322033898305083,0.5451788963007883,0.3726365546218487
"like, one, really",get,0.029,0.219,0.022,0.7586206896551724,3.464021413950559,1.0,0.015648999999999996,3.2355714285714283,0.7325624941484878,0.09734513274336282,0.690935582144907,0.4295386553298693
"get, one, really",like,0.031,0.209,0.022,0.7096774193548386,3.3955857385398978,1.0,0.015521,2.724555555555555,0.7280701754385966,0.10091743119266054,0.6329676603727417,0.40747028862478774
"get, like, one",really,0.04,0.182,0.022,0.5499999999999999,3.021978021978022,1.0,0.014719999999999999,1.8177777777777777,0.696969696969697,0.10999999999999999,0.44987775061124685,0.3354395604395604
"really, would",food,0.057,0.359,0.03,0.5263157894736842,1.4660606949127695,1.0,0.009537,1.353222222222222,0.33711558854718987,0.07772020725388601,0.2610230725018474,0.304940624541856
"really, would",time,0.057,0.273,0.029,0.5087719298245614,1.863633442580811,1.0,0.013439,1.4799642857142858,0.4914250191977182,0.09634551495016612,0.3243080190159029,0.3074995180258338
"really, would",good,0.057,0.358,0.033,0.5789473684210527,1.6171714201705383,1.0,0.012594000000000001,1.52475,0.404704521353514,0.08638743455497383,0.34415477947204465,0.3355630696853867
"really, would",place,0.057,0.369,0.033,0.5789473684210527,1.5689630580516332,1.0,0.011967000000000002,1.498625,0.3845560589993252,0.08396946564885496,0.3327216615230629,0.3341891313649979
"food, really, would",good,0.03,0.358,0.021,0.7000000000000001,1.9553072625698327,1.0,0.010260000000000002,2.1400000000000006,0.5036818851251842,0.05722070844686649,0.532710280373832,0.3793296089385475
"good, really, would",food,0.033,0.359,0.021,0.6363636363636364,1.7726006583945304,1.0,0.009153000000000001,1.76275,0.4507312749298272,0.05660377358490566,0.4327045809105091,0.34742972904532793
"place, really, would",good,0.033,0.358,0.022,0.6666666666666666,1.86219739292365,1.0,0.010185999999999999,1.926,0.47880041365046533,0.05962059620596206,0.4807892004153686,0.36405959031657353
"good, really, would",place,0.033,0.369,0.022,0.6666666666666666,1.8066847335140017,1.0,0.009822999999999998,1.8929999999999998,0.4617373319544984,0.057894736842105256,0.47173798203909134,0.36314363143631434
"get, really",place,0.064,0.369,0.033,0.515625,1.3973577235772359,1.0,0.009384,1.302709677419355,0.3038073038073038,0.0825,0.23236925515055468,0.30252794715447157
"get, really",food,0.064,0.359,0.032,0.5,1.392757660167131,1.0,0.009024,1.282,0.3012820512820513,0.08184143222506393,0.2199687987519501,0.2945682451253482
"great, well",place,0.064,0.369,0.033,0.515625,1.3973577235772359,1.0,0.009384,1.302709677419355,0.3038073038073038,0.0825,0.23236925515055468,0.30252794715447157
"place, well",good,0.071,0.358,0.036,0.5070422535211268,1.416319143913762,1.0,0.010582000000000001,1.3023428571428572,0.3164095203922976,0.09160305343511449,0.2321530428677987,0.3038004563695019
"good, well",place,0.064,0.369,0.036,0.5625,1.524390243902439,1.0,0.012383999999999996,1.4422857142857144,0.36752136752136744,0.0906801007556675,0.30665610142630745,0.33003048780487804
"food, well",good,0.054,0.358,0.034,0.6296296296296297,1.7587419822056696,1.0,0.014668000000000004,1.7334,0.4560378062430048,0.08994708994708996,0.42309911157263186,0.36230084833436793
"good, well",food,0.064,0.359,0.034,0.53125,1.4798050139275767,1.0,0.011024000000000003,1.3674666666666666,0.34640522875817004,0.08740359897172237,0.2687207488299532,0.31297876044568246
"food, well",place,0.054,0.369,0.028,0.5185185185185185,1.4051992371775568,1.0,0.008074000000000001,1.3105384615384614,0.3048172757475084,0.07088607594936709,0.2369548629453542,0.29719963866305327
"food, well",great,0.054,0.349,0.027,0.5,1.4326647564469914,1.0,0.008154000000000002,1.302,0.31923890063424953,0.07180851063829788,0.2319508448540707,0.28868194842406875
"really, well",place,0.045,0.369,0.029,0.6444444444444445,1.7464619090635352,1.0,0.012395000000000003,1.7746875000000002,0.4475537100559669,0.07532467532467534,0.4365205141750309,0.3615176151761518
"really, well",good,0.045,0.358,0.025,0.5555555555555556,1.5518311607697084,1.0,0.008890000000000002,1.4445000000000001,0.37235602094240844,0.06613756613756615,0.30771893388715826,0.3126939788950962
"like, well",place,0.044,0.369,0.03,0.6818181818181819,1.8477457501847747,1.0,0.013763999999999998,1.9831428571428575,0.4799163179916318,0.07832898172323759,0.4957498919464055,0.381559497413156
"like, well",good,0.044,0.358,0.027,0.6136363636363636,1.7140680548501779,1.0,0.011248000000000001,1.6616470588235295,0.43576631024329776,0.07200000000000001,0.39818748229963186,0.34452767902488574
"really, well",like,0.045,0.209,0.023,0.5111111111111111,2.445507708665603,1.0,0.013595000000000001,1.6179545454545454,0.6189392214887321,0.09956709956709955,0.3819356651215058,0.3105794790005316
"like, well",really,0.044,0.182,0.023,0.5227272727272727,2.872127872127872,1.0,0.014992,1.713904761904762,0.6818264507913409,0.11330049261083744,0.41653700822404977,0.32455044955044954
"like, well",great,0.044,0.349,0.023,0.5227272727272727,1.4977858817400365,1.0,0.0076440000000000015,1.364,0.34764416954702576,0.06216216216216217,0.2668621700879765,0.29431492576191715
"time, well",place,0.057,0.369,0.032,0.5614035087719298,1.5214187229591594,1.0,0.010967000000000001,1.43868,0.36343451749734895,0.08121827411167512,0.30491839741985705,0.32406218799030095
"time, well",good,0.057,0.358,0.03,0.5263157894736842,1.4701558365186709,1.0,0.009593999999999998,1.3553333333333333,0.3391304347826087,0.07792207792207792,0.26217412690605013,0.3050573360776242
"food, well",service,0.054,0.28,0.027,0.5,1.7857142857142856,1.0,0.011879999999999998,1.44,0.4651162790697674,0.08794788273615635,0.3055555555555555,0.2982142857142857
"service, well",food,0.053,0.359,0.027,0.5094339622641509,1.4190361065853787,1.0,0.007973000000000001,1.3066538461538462,0.3118229105557512,0.07012987012987014,0.23468636858681896,0.292321437956588
"well, would",time,0.042,0.273,0.022,0.5238095238095237,1.9187162044304897,1.0,0.010533999999999996,1.5266999999999997,0.49981021066616044,0.07508532423208192,0.34499246741337514,0.3021978021978021
"well, would",place,0.042,0.369,0.023,0.5476190476190476,1.4840624596722156,1.0,0.007501999999999998,1.3948421052631577,0.3404738131977852,0.05927835051546392,0.2830729756244811,0.3049748354626403
"one, well",time,0.04,0.273,0.023,0.575,2.106227106227106,1.0,0.012079999999999999,1.7105882352941175,0.5471014492753623,0.07931034482758621,0.41540577716643734,0.3296245421245421
"one, well",great,0.04,0.349,0.02,0.5,1.4326647564469914,1.0,0.00604,1.302,0.3145833333333334,0.054200542005420065,0.2319508448540707,0.2786532951289398
"one, well",place,0.04,0.369,0.025,0.625,1.6937669376693767,1.0,0.01024,1.6826666666666668,0.4266666666666667,0.06510416666666669,0.40570522979397783,0.34637533875338755
"go, well",great,0.041,0.349,0.023,0.5609756097560975,1.607379970647844,1.0,0.008691,1.4828333333333332,0.3940245726980097,0.06267029972752045,0.32561537596942786,0.31343909427632954
"go, well",place,0.041,0.369,0.021,0.5121951219512195,1.388062661114416,1.0,0.005871000000000001,1.29355,0.29152390883360646,0.053984575835475584,0.22693363225232888,0.2845528455284553
"nice, well",place,0.033,0.369,0.021,0.6363636363636364,1.7245627001724562,1.0,0.008823000000000001,1.73525,0.4344807209336682,0.05511811023622047,0.42371416222446334,0.3466371027346637
"back, well",good,0.039,0.358,0.022,0.5641025641025641,1.5757054863200115,1.0,0.008038,1.4728235294117646,0.3801910888279255,0.05866666666666667,0.32103203131240515,0.31277753903452227
"like, well",get,0.044,0.219,0.022,0.5,2.2831050228310503,1.0,0.012364,1.562,0.5878661087866109,0.09128630705394189,0.3597951344430218,0.3002283105022831
"get, well",like,0.041,0.209,0.022,0.5365853658536585,2.567394094993581,1.0,0.013430999999999998,1.706894736842105,0.6366006256517205,0.09649122807017543,0.41414079121827874,0.32092426187419765
"get, well",place,0.041,0.369,0.022,0.5365853658536585,1.4541608830722452,1.0,0.006870999999999999,1.3616315789473683,0.3256706796852782,0.05670103092783505,0.2655869506397123,0.29810298102981025
"get, well",good,0.041,0.358,0.021,0.5121951219512195,1.430712631148658,1.0,0.006322000000000001,1.3161,0.3139182680371419,0.055555555555555566,0.24017931768102732,0.28542716991415723
"get, well",time,0.041,0.273,0.024,0.5853658536585366,2.144197266148485,1.0,0.012806999999999999,1.7533529411764703,0.5564389989572471,0.08275862068965519,0.4296641728453047,0.33663897078531224
"also, well",one,0.039,0.224,0.02,0.5128205128205129,2.2893772893772897,1.0,0.011264,1.592842105263158,0.5860561914672217,0.0823045267489712,0.37219138250066097,0.3010531135531136
"one, well",also,0.04,0.155,0.02,0.5,3.2258064516129035,1.0,0.0138,1.69,0.71875,0.11428571428571428,0.40828402366863903,0.31451612903225806
"also, well",great,0.039,0.349,0.02,0.5128205128205129,1.4693997502020428,1.0,0.006389000000000001,1.336263157894737,0.33241415192507806,0.054347826086956534,0.25164441293473566,0.28506355153919627
"also, well",place,0.039,0.369,0.022,0.5641025641025641,1.5287332360503092,1.0,0.0076089999999999994,1.4475882352941176,0.35989972566455397,0.05699481865284974,0.30919582266650414,0.3118615801542631
"food, made",place,0.035,0.369,0.021,0.6,1.6260162601626016,1.0,0.008085,1.5775,0.39896373056994816,0.05483028720626632,0.36608557844690964,0.3284552845528455
"made, place",good,0.045,0.358,0.025,0.5555555555555556,1.5518311607697084,1.0,0.008890000000000002,1.4445000000000001,0.37235602094240844,0.06613756613756615,0.30771893388715826,0.3126939788950962
"good, made",place,0.034,0.369,0.025,0.7352941176470588,1.9926669854933843,1.0,0.012454000000000002,2.383777777777777,0.5156935817805384,0.06613756613756613,0.5804978092663372,0.40152239757691693
"like, made",time,0.029,0.273,0.02,0.689655172413793,2.5262094227611467,1.0,0.012083,2.342555555555555,0.6221936148300721,0.07092198581560283,0.5731157804866479,0.38145762283693313
"made, place",one,0.045,0.224,0.026,0.5777777777777777,2.579365079365079,1.0,0.015919999999999997,1.837894736842105,0.6411598872331856,0.10699588477366254,0.45589919816723934,0.34692460317460316
"made, one",place,0.035,0.369,0.026,0.7428571428571428,2.0131629887727445,1.0,0.013084999999999998,2.453888888888888,0.5215225189318453,0.06878306878306878,0.5924835861444417,0.40665892373209445
"made, time",one,0.041,0.224,0.021,0.5121951219512195,2.2865853658536586,1.0,0.011816,1.5908,0.586722280152937,0.0860655737704918,0.37138546643198395,0.30297256097560976
"made, one",time,0.035,0.273,0.021,0.6,2.1978021978021975,1.0,0.011445,1.8175,0.5647668393782384,0.07317073170731707,0.4497936726272352,0.3384615384615385
"made, one",would,0.035,0.207,0.02,0.5714285714285714,2.7605244996549345,1.0,0.012754999999999999,1.8503333333333334,0.6608808290155439,0.09009009009009009,0.4595568366060169,0.33402346445824704
"made, would",one,0.035,0.224,0.02,0.5714285714285714,2.5510204081632653,1.0,0.012159999999999999,1.8106666666666666,0.6300518134715025,0.08368200836820083,0.4477172312223858,0.33035714285714285
"made, time",place,0.041,0.369,0.021,0.5121951219512195,1.388062661114416,1.0,0.005871000000000001,1.29355,0.29152390883360646,0.053984575835475584,0.22693363225232888,0.2845528455284553
"made, time",would,0.041,0.207,0.021,0.5121951219512195,2.4743725698126546,1.0,0.012513000000000002,1.62565,0.6213317443765828,0.09251101321585903,0.3848614400393689,0.3068221986567692
"made, would",time,0.035,0.273,0.021,0.6,2.1978021978021975,1.0,0.011445,1.8175,0.5647668393782384,0.07317073170731707,0.4497936726272352,0.3384615384615385
"made, would",place,0.035,0.369,0.02,0.5714285714285714,1.5485869144405728,1.0,0.007084999999999999,1.4723333333333333,0.36709844559585486,0.052083333333333336,0.32080597690740315,0.3128145567169957
pretty,good,0.096,0.358,0.067,0.6979166666666667,1.9494878957169464,1.0,0.032632,2.1252413793103453,0.5387663452648263,0.17312661498708012,0.529465212876428,0.4425337523277468
pretty,place,0.096,0.369,0.055,0.5729166666666666,1.5526196928635951,1.0,0.019576000000000003,1.4774634146341463,0.39372485921158495,0.13414634146341464,0.3231642894875858,0.3609840785907859
"place, pretty",good,0.055,0.358,0.041,0.7454545454545455,2.082275266632809,1.0,0.021310000000000003,2.5221428571428572,0.5500064524454769,0.11021505376344086,0.6035117530444634,0.429989842559675
"good, pretty",place,0.067,0.369,0.041,0.6119402985074627,1.658374792703151,1.0,0.016277,1.6260384615384615,0.4255091103965702,0.10379746835443038,0.38500839700073325,0.3615257048092869
"food, pretty",good,0.046,0.358,0.033,0.7173913043478262,2.003886324993928,1.0,0.016532,2.2716923076923083,0.525125468521695,0.08894878706199462,0.5597995394825953,0.40478503764877344
"place, pretty",food,0.055,0.359,0.029,0.5272727272727273,1.468726259812611,1.0,0.009255000000000003,1.3559615384615387,0.3377120963327861,0.07532467532467534,0.262515955183662,0.30402633578121047
"food, pretty",place,0.046,0.369,0.029,0.6304347826086957,1.7084953458230236,1.0,0.012026000000000002,1.7074117647058824,0.4346851731367022,0.0751295336787565,0.4143181974781231,0.35451278425827737
"food, place, pretty",good,0.029,0.358,0.021,0.7241379310344828,2.0227316509343094,1.0,0.010618,2.3272500000000003,0.5207199254573096,0.05737704918032788,0.5703083037920292,0.39139857445578885
"good, place, pretty",food,0.041,0.359,0.021,0.5121951219512195,1.4267273591955976,1.0,0.006281000000000002,1.3140500000000002,0.3118824172004569,0.05540897097625331,0.23899395000190254,0.2853454718391195
"food, good, pretty",place,0.033,0.369,0.021,0.6363636363636364,1.7245627001724562,1.0,0.008823000000000001,1.73525,0.4344807209336682,0.05511811023622047,0.42371416222446334,0.3466371027346637
"like, pretty",good,0.037,0.358,0.03,0.8108108108108109,2.2648346670693043,1.0,0.016753999999999998,3.393428571428572,0.5799238490827275,0.0821917808219178,0.705312789424939,0.44730484674618753
"like, pretty",place,0.037,0.369,0.023,0.6216216216216216,1.6846114407090016,1.0,0.009347000000000001,1.667642857142857,0.42200550814935217,0.060052219321148834,0.4003512228551848,0.34197612246392733
"like, pretty",food,0.037,0.359,0.02,0.5405405405405406,1.505683956937439,1.0,0.006717000000000001,1.3951176470588236,0.34875389408099694,0.053191489361702135,0.28321457182611637,0.2981254234736129
"like, place, pretty",good,0.023,0.358,0.02,0.8695652173913044,2.4289531212047613,1.0,0.011766,4.922000000000003,0.6021494370522007,0.0554016620498615,0.7968305566842748,0.462715569589507
"good, like, pretty",place,0.03,0.369,0.02,0.6666666666666667,1.806684733514002,1.0,0.00893,1.8930000000000005,0.4603092783505155,0.052770448548812667,0.4717379820390915,0.3604336043360434
"like, pretty","good, place",0.037,0.158,0.02,0.5405405405405406,3.421142661648991,1.0,0.014154,1.8325882352941176,0.7348909657320872,0.11428571428571428,0.45432368235218595,0.3335614095107766
"great, pretty",good,0.036,0.358,0.025,0.6944444444444445,1.9397889509621355,1.0,0.012112000000000003,2.10109090909091,0.5025726141078839,0.06775067750677509,0.5240567670474214,0.38213842333954073
"great, pretty",place,0.036,0.369,0.024,0.6666666666666667,1.806684733514002,1.0,0.010716000000000002,1.8930000000000005,0.46317427385892124,0.06299212598425198,0.4717379820390915,0.3658536585365854
"great, pretty",food,0.036,0.359,0.022,0.6111111111111112,1.7022593624264934,1.0,0.009076,1.6482857142857146,0.42795171633345913,0.05898123324396783,0.39330906569596125,0.33619622407923244
"pretty, really",good,0.031,0.358,0.024,0.7741935483870968,2.162551811137142,1.0,0.012902,2.843142857142857,0.554781561747506,0.06575342465753425,0.6482765551200884,0.4206163272661741
"im, pretty",good,0.026,0.358,0.02,0.7692307692307693,2.1486892995272884,1.0,0.010692000000000002,2.7820000000000005,0.5488706365503081,0.05494505494505495,0.6405463695183322,0.4125483455092394
"back, pretty",good,0.031,0.358,0.025,0.8064516129032259,2.2526581366011897,1.0,0.013902000000000001,3.317000000000001,0.5738699690402477,0.06868131868131869,0.6985227615315045,0.4381420075689314
"pretty, time",good,0.028,0.358,0.02,0.7142857142857143,1.9952114924181965,1.0,0.009976,2.2470000000000003,0.5131687242798354,0.054644808743169404,0.5549621717846017,0.3850758180367119
"get, pretty",good,0.036,0.358,0.024,0.6666666666666667,1.8621973929236502,1.0,0.011112000000000002,1.9260000000000004,0.48029045643153534,0.06486486486486488,0.48078920041536877,0.3668528864059591
"get, pretty",place,0.036,0.369,0.022,0.6111111111111112,1.656127672387835,1.0,0.008716,1.6225714285714288,0.4109769898151641,0.057441253263707574,0.38369431237894003,0.3353658536585366
"like, pretty",get,0.037,0.219,0.02,0.5405405405405406,2.4682216463038382,1.0,0.011897000000000001,1.699823529411765,0.617705088265836,0.0847457627118644,0.4117036370557498,0.3159323707268913
"get, pretty",like,0.036,0.209,0.02,0.5555555555555556,2.658160552897395,1.0,0.012476000000000001,1.7797500000000002,0.6470954356846474,0.08888888888888889,0.4381233319286417,0.32562466772993093
"one, pretty",place,0.034,0.369,0.022,0.6470588235294117,1.753546947234178,1.0,0.009453999999999999,1.787833333333333,0.4448522492000753,0.05774278215223097,0.44066374568844957,0.35333970986768687
"one, pretty",good,0.034,0.358,0.021,0.6176470588235294,1.7252711140322052,1.0,0.008828,1.6790769230769231,0.43517696933846,0.05660377358490566,0.4044346710646876,0.3381531383503122
"pretty, would",good,0.029,0.358,0.025,0.8620689655172414,2.4080138701598925,1.0,0.014618,4.654500000000002,0.6021833161688981,0.06906077348066299,0.7851541518960147,0.4659506838759392
"pretty, service",good,0.027,0.358,0.02,0.7407407407407408,2.0691082143596113,1.0,0.010334000000000001,2.476285714285715,0.5310380267214799,0.05479452054794521,0.5961693781008424,0.3983033312642252
wasnt,place,0.063,0.369,0.035,0.5555555555555556,1.5055706112616682,1.0,0.011753000000000003,1.41975,0.35837780149413023,0.08816120906801007,0.29565064271878855,0.3252032520325203
wasnt,good,0.063,0.358,0.034,0.5396825396825398,1.5074931276048598,1.0,0.011446000000000005,1.3946896551724142,0.35928181304538903,0.08785529715762275,0.282994610097414,0.31732730336082293
"place, wasnt",good,0.035,0.358,0.022,0.6285714285714284,1.7557861133280126,1.0,0.009469999999999998,1.7284615384615378,0.44606688648139414,0.05929919137466307,0.421450823319982,0.34501197126895444
"good, wasnt",place,0.034,0.369,0.022,0.6470588235294117,1.753546947234178,1.0,0.009453999999999999,1.787833333333333,0.4448522492000753,0.05774278215223097,0.44066374568844957,0.35333970986768687
"food, wasnt",good,0.029,0.358,0.02,0.689655172413793,1.9264110961279135,1.0,0.009618,2.068666666666666,0.4952626158599382,0.05449591280653951,0.5165968417660328,0.3727605471007513
"good, wasnt",food,0.034,0.359,0.02,0.5882352941176471,1.6385384237260365,1.0,0.007794000000000001,1.5567142857142857,0.403416149068323,0.05361930294906166,0.35762136367807656,0.3219728002621662
bad,good,0.061,0.358,0.032,0.5245901639344263,1.4653356534481181,1.0,0.010162000000000001,1.3504137931034483,0.338192225772098,0.082687338501292,0.2594862366579848,0.30698781939738073
bad,food,0.061,0.359,0.031,0.5081967213114754,1.415589752956756,1.0,0.009101000000000001,1.3033666666666668,0.31265244426122507,0.07969151670951156,0.23275619549372142,0.2972738481209188
"bad, food",good,0.031,0.358,0.02,0.6451612903225806,1.8021265092809515,1.0,0.008902,1.8092727272727271,0.45933952528379773,0.05420054200542006,0.4472917294744247,0.3505136060551451
"bad, good",food,0.032,0.359,0.02,0.625,1.7409470752089138,1.0,0.008512,1.7093333333333334,0.43966942148760335,0.05390835579514825,0.41497659906396256,0.34035515320334264
high,place,0.038,0.369,0.023,0.6052631578947368,1.6402795606903438,1.0,0.008978,1.5985333333333334,0.40576697098436226,0.05989583333333334,0.37442655767787136,0.33379689060048495
rice,food,0.029,0.359,0.02,0.689655172413793,1.9210450485063875,1.0,0.009589,2.065444444444444,0.49376930998970137,0.05434782608695653,0.5158427026736241,0.37268273941023916
rice,place,0.029,0.369,0.02,0.689655172413793,1.86898420708345,1.0,0.009299,2.033222222222222,0.47883625128733265,0.052910052910052914,0.5081698453467401,0.3719278572096065
"get, great",place,0.09,0.369,0.049,0.5444444444444445,1.475459199036435,1.0,0.015790000000000005,1.3851219512195123,0.3541152724826195,0.11951219512195123,0.27804190878675833,0.3386178861788618
"get, place, time",great,0.047,0.349,0.024,0.5106382978723404,1.4631469853075656,1.0,0.007597000000000003,1.330304347826087,0.33215285064707956,0.06451612903225808,0.24829231624015421,0.289703103090898
"get, great, time",place,0.041,0.369,0.024,0.5853658536585366,1.5863573269879039,1.0,0.008871,1.5218235294117646,0.3854275286757039,0.062176165803108814,0.3428935874144795,0.3252032520325203
"get, good, great",place,0.037,0.369,0.023,0.6216216216216216,1.6846114407090016,1.0,0.009347000000000001,1.667642857142857,0.42200550814935217,0.060052219321148834,0.4003512228551848,0.34197612246392733
"food, get",place,0.083,0.369,0.046,0.5542168674698795,1.5019427302706763,1.0,0.015372999999999998,1.4154864864864865,0.36444454980797486,0.11330049261083742,0.2935291085101102,0.33943905704117283
"food, get",good,0.083,0.358,0.042,0.5060240963855421,1.4134751295685535,1.0,0.012286000000000002,1.299658536585366,0.3190008827958664,0.10526315789473684,0.23056712832638962,0.31167126606986606
"get, great, place",food,0.049,0.359,0.025,0.5102040816326531,1.4211812858848276,1.0,0.007409000000000002,1.3087083333333334,0.31162986330178766,0.06527415143603134,0.23588780285905317,0.2899209823205048
"food, get, place",great,0.046,0.349,0.025,0.5434782608695653,1.5572443004858605,1.0,0.008946000000000003,1.4260000000000004,0.3750943396226416,0.06756756756756759,0.29873772791023856,0.3075557493459574
"food, get, great",place,0.038,0.369,0.025,0.6578947368421053,1.7829125659677652,1.0,0.010978000000000002,1.8444615384615388,0.4564656964656965,0.06544502617801048,0.4578363499874886,0.3628227071744402
"food, get, place",time,0.046,0.273,0.023,0.5,1.8315018315018314,1.0,0.010441999999999998,1.454,0.4758909853249475,0.0777027027027027,0.312242090784044,0.29212454212454214
"food, get, time",place,0.039,0.369,0.023,0.5897435897435898,1.5982211104162325,1.0,0.008609,1.5380625,0.3894946387368231,0.059740259740259746,0.34983136250965097,0.3260371065249114
"food, get, time",good,0.039,0.358,0.025,0.6410256410256411,1.7905744162727406,1.0,0.011038000000000003,1.7884285714285717,0.45943808532778363,0.06720430107526883,0.4408499081396279,0.355429021630139
"food, get, good",time,0.042,0.273,0.025,0.5952380952380952,2.1803593232164658,1.0,0.013534,1.7961176470588234,0.5650939457202505,0.08620689655172414,0.4432435973013689,0.3434065934065934
"get, good, time",food,0.047,0.359,0.025,0.5319148936170213,1.481657085284182,1.0,0.008127000000000002,1.369409090909091,0.3411122770199371,0.06561679790026248,0.26975802436352775,0.30077638831268894
"food, get, place",good,0.046,0.358,0.024,0.5217391304347826,1.4573718727228564,1.0,0.0075320000000000005,1.3423636363636364,0.32896575821104124,0.06315789473684212,0.25504537450900716,0.294389118290017
"get, good, place",food,0.048,0.359,0.024,0.5,1.392757660167131,1.0,0.006768,1.282,0.296218487394958,0.06266318537859009,0.2199687987519501,0.28342618384401114
"food, get, good",place,0.042,0.369,0.024,0.5714285714285714,1.5485869144405728,1.0,0.008502,1.4723333333333333,0.36978079331941544,0.062015503875969,0.32080597690740315,0.31823461091753774
"get, service",food,0.068,0.359,0.035,0.5147058823529412,1.433721120760282,1.0,0.010588000000000004,1.320848484848485,0.3245861434702637,0.08928571428571429,0.2429108929063046,0.3060994592823202
"get, one",place,0.077,0.369,0.04,0.5194805194805195,1.4078062858550666,1.0,0.011587,1.3131621621621623,0.3138407367280607,0.09852216748768472,0.23847942865375524,0.31394080174567984
"get, one, place",time,0.04,0.273,0.022,0.5499999999999999,2.014652014652014,1.0,0.011079999999999998,1.6155555555555552,0.5246212121212122,0.07560137457044673,0.3810178817056395,0.3152930402930403
"get, one, time",place,0.036,0.369,0.022,0.6111111111111112,1.656127672387835,1.0,0.008716,1.6225714285714288,0.4109769898151641,0.057441253263707574,0.38369431237894003,0.3353658536585366
"get, one, place",food,0.04,0.359,0.022,0.5499999999999999,1.532033426183844,1.0,0.007639999999999999,1.4244444444444442,0.36174242424242425,0.0583554376657825,0.297971918876755,0.30564066852367683
"food, get, one",place,0.033,0.369,0.022,0.6666666666666666,1.8066847335140017,1.0,0.009822999999999998,1.8929999999999998,0.4617373319544984,0.057894736842105256,0.47173798203909134,0.36314363143631434
"food, get, time",one,0.039,0.224,0.02,0.5128205128205129,2.2893772893772897,1.0,0.011264,1.592842105263158,0.5860561914672217,0.0823045267489712,0.37219138250066097,0.3010531135531136
"food, get, one",time,0.033,0.273,0.02,0.6060606060606061,2.22000222000222,1.0,0.010990999999999999,1.8454615384615385,0.5683040330920371,0.06993006993006992,0.45813013213288317,0.33966033966033965
"get, one, time",food,0.036,0.359,0.02,0.5555555555555556,1.5475085112968123,1.0,0.007076000000000002,1.44225,0.3670124481327802,0.053333333333333344,0.30663893222395566,0.30563293098112043
"get, good, one",time,0.032,0.273,0.02,0.625,2.2893772893772892,1.0,0.011264,1.9386666666666665,0.5818181818181818,0.07017543859649122,0.484181568088033,0.3491300366300366
"get, one, time",good,0.036,0.358,0.02,0.5555555555555556,1.5518311607697084,1.0,0.007112000000000002,1.4445000000000001,0.36887966804979266,0.05347593582887702,0.30771893388715826,0.30571073867163256
"get, one, place",good,0.04,0.358,0.02,0.5,1.3966480446927374,1.0,0.005680000000000001,1.284,0.2958333333333334,0.05291005291005292,0.22118380062305298,0.2779329608938548
"get, good, one",place,0.032,0.369,0.02,0.625,1.6937669376693767,1.0,0.008192,1.6826666666666668,0.4231404958677686,0.05249343832020997,0.40570522979397783,0.33960027100271
"get, good",place,0.091,0.369,0.048,0.5274725274725275,1.4294648440989906,1.0,0.014421000000000003,1.3353720930232558,0.33051430143014304,0.11650485436893204,0.2511450514620087,0.32877691414276783
"get, good",time,0.091,0.273,0.047,0.5164835164835165,1.8918810127601338,1.0,0.022157,1.5035681818181819,0.518619947101093,0.14826498422712933,0.33491542845050415,0.3443223443223443
"get, good, place",time,0.048,0.273,0.028,0.5833333333333334,2.1367521367521367,1.0,0.014896,1.7448000000000001,0.5588235294117647,0.09556313993174062,0.42686840898670336,0.34294871794871795
"get, place, time",good,0.047,0.358,0.028,0.5957446808510638,1.6640912872934743,1.0,0.011174,1.5881052631578947,0.4187528106730625,0.07427055702917773,0.3703188175250215,0.33697848567692856
"get, good, time",place,0.047,0.369,0.028,0.5957446808510638,1.6144842299486823,1.0,0.010657,1.5608947368421051,0.3993779043621646,0.07216494845360825,0.3593418080048555,0.3358127198293259
little,good,0.128,0.358,0.064,0.5,1.3966480446927374,1.0,0.018176000000000005,1.284,0.32568807339449546,0.15165876777251186,0.22118380062305298,0.3393854748603352
"food, little",good,0.058,0.358,0.041,0.7068965517241379,1.9745713735311115,1.0,0.020236,2.1903529411764704,0.5239500802651339,0.10933333333333334,0.543452572779031,0.4107108456944712
"good, little",food,0.064,0.359,0.041,0.640625,1.7844707520891365,1.0,0.018024000000000002,1.7836521739130435,0.4696685428392746,0.10732984293193717,0.43935257410296413,0.3774155640668524
"food, little",place,0.058,0.369,0.029,0.5,1.3550135501355014,1.0,0.007598000000000001,1.262,0.27813163481953296,0.07286432160804021,0.2076069730586371,0.28929539295392953
"little, place",food,0.058,0.359,0.029,0.5,1.392757660167131,1.0,0.008178000000000001,1.282,0.2993630573248408,0.07474226804123713,0.2199687987519501,0.2903899721448468
"little, place",good,0.058,0.358,0.034,0.5862068965517242,1.637449431708727,1.0,0.013236000000000001,1.5515000000000003,0.41326339452978644,0.08900523560209425,0.35546245568804397,0.34058948179541515
"good, little",place,0.064,0.369,0.034,0.53125,1.4397018970189701,1.0,0.010384000000000001,1.3461333333333334,0.32629462041226753,0.08521303258145363,0.2571315372424723,0.3116954607046071
"food, little, place",good,0.029,0.358,0.021,0.7241379310344828,2.0227316509343094,1.0,0.010618,2.3272500000000003,0.5207199254573096,0.05737704918032788,0.5703083037920292,0.39139857445578885
"food, good, little",place,0.041,0.369,0.021,0.5121951219512195,1.388062661114416,1.0,0.005871000000000001,1.29355,0.29152390883360646,0.053984575835475584,0.22693363225232888,0.2845528455284553
"good, little, place",food,0.034,0.359,0.021,0.6176470588235294,1.7204653449123384,1.0,0.008794000000000001,1.6764615384615387,0.4335009366065267,0.05645161290322581,0.4035055519867854,0.33807144027527447
"great, little",place,0.047,0.369,0.024,0.5106382978723404,1.383843625670299,1.0,0.006657,1.2894347826086956,0.2910545645330535,0.06122448979591837,0.2244663991637724,0.28783947413942224
"great, little",good,0.047,0.358,0.026,0.5531914893617021,1.5452276239153693,1.0,0.009173999999999998,1.436857142857143,0.3702478004681572,0.06860158311345647,0.30403658779081333,0.31290859384286224
"get, little",great,0.042,0.349,0.023,0.5476190476190476,1.5691090189657524,1.0,0.008342,1.4390526315789471,0.3785967141690116,0.06250000000000001,0.3050983834393972,0.3067608132078046
"get, little",place,0.042,0.369,0.022,0.5238095238095237,1.4195380049038584,1.0,0.006501999999999997,1.3250999999999997,0.30850256215600674,0.05655526992287918,0.245339974341559,0.2917150600077429
"get, little",food,0.042,0.359,0.022,0.5238095238095237,1.4590794535084226,1.0,0.006921999999999998,1.3460999999999999,0.32843044220914774,0.05804749340369394,0.2571131416685238,0.2925454304284387
"get, little",time,0.042,0.273,0.022,0.5238095238095237,1.9187162044304897,1.0,0.010533999999999996,1.5266999999999997,0.49981021066616044,0.07508532423208192,0.34499246741337514,0.3021978021978021
"get, little",good,0.042,0.358,0.025,0.5952380952380952,1.6626762436818303,1.0,0.009964,1.5861176470588236,0.41603340292275576,0.06666666666666668,0.36952974336151906,0.3325352487363661
"also, little",place,0.035,0.369,0.024,0.6857142857142856,1.8583042973286874,1.0,0.011085,2.007727272727272,0.4786269430051813,0.06315789473684211,0.5019243830654289,0.37537746806039485
"also, little",food,0.035,0.359,0.021,0.6,1.6713091922005572,1.0,0.008435,1.6025,0.41623488773747835,0.05630026809651475,0.37597503900156004,0.32924791086350974
"also, little",good,0.035,0.358,0.02,0.5714285714285714,1.596169193934557,1.0,0.007469999999999999,1.498,0.38704663212435225,0.05361930294906166,0.3324432576769025,0.3136472466081405
"little, time",food,0.048,0.359,0.024,0.5,1.392757660167131,1.0,0.006768,1.282,0.296218487394958,0.06266318537859009,0.2199687987519501,0.28342618384401114
"little, time",place,0.048,0.369,0.026,0.5416666666666666,1.4679313459801264,1.0,0.008288,1.3767272727272726,0.3348416289592761,0.06649616368286446,0.2736397253037506,0.3060636856368564
"little, time",good,0.048,0.358,0.026,0.5416666666666666,1.5130353817504656,1.0,0.008815999999999997,1.4007272727272726,0.35617323852617966,0.06842105263157895,0.2860851505711318,0.3071461824953445
"little, time",would,0.048,0.207,0.025,0.5208333333333334,2.516103059581321,1.0,0.015064000000000001,1.6549565217391307,0.6329411764705882,0.10869565217391304,0.39575451870533845,0.32080314009661837
"little, would",time,0.046,0.273,0.025,0.5434782608695653,1.9907628603280778,1.0,0.012442,1.5924761904761908,0.5216771488469601,0.08503401360544219,0.37204712636804027,0.31752667622232844
"little, would",place,0.046,0.369,0.027,0.5869565217391305,1.5906680805938496,1.0,0.010026,1.527684210526316,0.3892382948986723,0.06958762886597938,0.3454144560049612,0.33006362672322376
"little, would",good,0.046,0.358,0.025,0.5434782608695653,1.5180957007529758,1.0,0.008532000000000001,1.4062857142857146,0.3577358490566038,0.06596306068601585,0.28890694839496156,0.3066553315521011
"little, service",food,0.042,0.359,0.023,0.5476190476190476,1.5254012468497147,1.0,0.007921999999999998,1.4169473684210525,0.35953526368339833,0.06084656084656086,0.2942574845850976,0.3058429499933678
"little, service",place,0.042,0.369,0.022,0.5238095238095237,1.4195380049038584,1.0,0.006501999999999997,1.3250999999999997,0.30850256215600674,0.05655526992287918,0.245339974341559,0.2917150600077429
"little, service",good,0.042,0.358,0.028,0.6666666666666666,1.86219739292365,1.0,0.012964,1.926,0.4832985386221294,0.07526881720430109,0.4807892004153686,0.37243947858473
"little, really",food,0.034,0.359,0.02,0.5882352941176471,1.6385384237260365,1.0,0.007794000000000001,1.5567142857142857,0.403416149068323,0.05361930294906166,0.35762136367807656,0.3219728002621662
"little, really",good,0.034,0.358,0.024,0.7058823529411764,1.9717384160368057,1.0,0.011828,2.1827999999999994,0.5101794340924776,0.06521739130434782,0.5418728238959134,0.3864607295432139
"little, really",like,0.034,0.209,0.021,0.6176470588235294,2.9552490852800455,1.0,0.013894,2.068769230769231,0.6849058463965295,0.0945945945945946,0.5166208076150814,0.35906276386152547
"back, little",good,0.036,0.358,0.021,0.5833333333333334,1.6294227188081938,1.0,0.008112000000000003,1.5408000000000002,0.40071132187314773,0.056300268096514755,0.3509865005192109,0.32099627560521415
"like, little",good,0.046,0.358,0.028,0.6086956521739131,1.7002671848433326,1.0,0.011532,1.640666666666667,0.4317160826594789,0.07446808510638299,0.39049167005282415,0.3434539713383532
"like, little",place,0.046,0.369,0.024,0.5217391304347826,1.4139271827500883,1.0,0.007026000000000001,1.3193636363636363,0.3068658280922432,0.06138107416879796,0.24205884379521805,0.29338989042064334
"little, nice",place,0.034,0.369,0.024,0.7058823529411764,1.9129603060736489,1.0,0.011454,2.1453999999999995,0.49404761904761907,0.0633245382585752,0.5338864547403747,0.38546150167384025
"little, nice",good,0.034,0.358,0.021,0.6176470588235294,1.7252711140322052,1.0,0.008828,1.6790769230769231,0.43517696933846,0.05660377358490566,0.4044346710646876,0.3381531383503122
"experience, food",place,0.038,0.369,0.02,0.5263157894736842,1.426330052774212,1.0,0.005978000000000001,1.332111111111111,0.31070686070686077,0.0516795865633075,0.2493118692134456,0.2902581657395521
"experience, get",time,0.032,0.273,0.02,0.625,2.2893772893772892,1.0,0.011264,1.9386666666666665,0.5818181818181818,0.07017543859649122,0.484181568088033,0.3491300366300366
"experience, would",good,0.039,0.358,0.02,0.5128205128205129,1.4324595330181924,1.0,0.006038000000000002,1.3177894736842108,0.3141519250780438,0.053050397877984094,0.2411534467609235,0.2843432173041112
"experience, place",would,0.042,0.207,0.021,0.5,2.4154589371980677,1.0,0.012306000000000001,1.586,0.6116910229645094,0.09210526315789475,0.36948297604035313,0.3007246376811594
"experience, would",place,0.039,0.369,0.021,0.5384615384615385,1.4592453616843863,1.0,0.006609000000000002,1.3671666666666669,0.32748624944254506,0.05426356589147288,0.2685602828233575,0.2976860537836148
"experience, one",would,0.036,0.207,0.02,0.5555555555555556,2.683843263553409,1.0,0.012548,1.7842500000000001,0.6508298755186722,0.08968609865470852,0.4395404231469806,0.32608695652173914
"experience, would",one,0.039,0.224,0.02,0.5128205128205129,2.2893772893772897,1.0,0.011264,1.592842105263158,0.5860561914672217,0.0823045267489712,0.37219138250066097,0.3010531135531136
"experience, one",place,0.036,0.369,0.02,0.5555555555555556,1.5055706112616682,1.0,0.0067160000000000015,1.41975,0.3483402489626557,0.05194805194805196,0.29565064271878855,0.3048780487804878
"experience, food",service,0.038,0.28,0.025,0.6578947368421053,2.3496240601503757,1.0,0.014360000000000001,2.1046153846153848,0.5970893970893971,0.08532423208191127,0.5248538011695907,0.3735902255639098
"experience, service",food,0.036,0.359,0.025,0.6944444444444445,1.9343856391210155,1.0,0.012076000000000003,2.0978181818181825,0.501078838174274,0.06756756756756759,0.5233142659039697,0.3820411637264005
"experience, place",time,0.042,0.273,0.021,0.5,1.8315018315018314,1.0,0.009533999999999999,1.454,0.4739039665970772,0.07142857142857144,0.312242090784044,0.28846153846153844
"experience, time",place,0.041,0.369,0.021,0.5121951219512195,1.388062661114416,1.0,0.005871000000000001,1.29355,0.29152390883360646,0.053984575835475584,0.22693363225232888,0.2845528455284553
find,place,0.076,0.369,0.039,0.5131578947368421,1.3906718014548567,1.0,0.010956,1.2961081081081083,0.30402930402930406,0.0960591133004926,0.22845942113604145,0.30942447582370564
"find, place",great,0.039,0.349,0.021,0.5384615384615385,1.542869737712145,1.0,0.0073890000000000015,1.4105000000000003,0.36613646499182406,0.0572207084468665,0.2910315490960654,0.2993167291161561
"find, great",place,0.036,0.369,0.021,0.5833333333333334,1.5808491418247517,1.0,0.007716000000000002,1.5144000000000002,0.3811499703615887,0.05468750000000001,0.3396724775488643,0.3201219512195122
"find, place",food,0.039,0.359,0.024,0.6153846153846154,1.7141632740518535,1.0,0.009999000000000001,1.6666,0.43353277835587933,0.06417112299465241,0.39997599903996167,0.34111849153631885
"find, food",place,0.032,0.369,0.024,0.75,2.032520325203252,1.0,0.012192,2.524,0.5247933884297521,0.0636604774535809,0.6038034865293186,0.40752032520325204
"find, place",one,0.039,0.224,0.021,0.5384615384615385,2.403846153846154,1.0,0.012264,1.6813333333333338,0.6077003121748179,0.08677685950413223,0.40523394131641566,0.3161057692307693
"find, one",place,0.029,0.369,0.021,0.7241379310344828,1.9624334174376228,1.0,0.010299,2.287375,0.5050757687214948,0.05570291777188329,0.5628176403082136,0.3905242500700869
review,food,0.062,0.359,0.031,0.5,1.392757660167131,1.0,0.008742,1.282,0.30063965884861404,0.07948717948717948,0.2199687987519501,0.2931754874651811
hard,good,0.044,0.358,0.022,0.5,1.3966480446927374,1.0,0.006248,1.284,0.29707112970711297,0.05789473684210527,0.22118380062305298,0.2807262569832402
coming,back,0.037,0.212,0.02,0.5405405405405406,2.5497195308516067,1.0,0.012156000000000002,1.715058823529412,0.631152647975078,0.08733624454148471,0.4169296199753053,0.317440081591025
keep,place,0.036,0.369,0.021,0.5833333333333334,1.5808491418247517,1.0,0.007716000000000002,1.5144000000000002,0.3811499703615887,0.05468750000000001,0.3396724775488643,0.3201219512195122
keep,good,0.036,0.358,0.02,0.5555555555555556,1.5518311607697084,1.0,0.007112000000000002,1.4445000000000001,0.36887966804979266,0.05347593582887702,0.30771893388715826,0.30571073867163256
water,food,0.032,0.359,0.02,0.625,1.7409470752089138,1.0,0.008512,1.7093333333333334,0.43966942148760335,0.05390835579514825,0.41497659906396256,0.34035515320334264
"much, place",good,0.052,0.358,0.03,0.576923076923077,1.6115169746454665,1.0,0.011384000000000002,1.5174545454545456,0.40028129395218015,0.07894736842105263,0.3410016774502757,0.3303609798023206
"good, much",place,0.052,0.369,0.03,0.576923076923077,1.563477173233271,1.0,0.010811999999999999,1.4914545454545456,0.380168776371308,0.07672634271099743,0.3295135925880776,0.32911194496560353
"much, time",place,0.043,0.369,0.024,0.558139534883721,1.5125732652675368,1.0,0.008133000000000001,1.4280526315789477,0.3541013584117033,0.06185567010309279,0.29974569712158644,0.31159009264511256
"like, much",time,0.044,0.273,0.026,0.5909090909090909,2.1645021645021645,1.0,0.013987999999999999,1.777111111111111,0.5627615062761506,0.08934707903780069,0.4372889833687633,0.3430735930735931
"much, time",like,0.043,0.209,0.026,0.6046511627906977,2.893067764548793,1.0,0.017013,2.0007647058823532,0.6837472871955631,0.1150442477876106,0.5001911034016406,0.3645265383331479
"much, time",would,0.043,0.207,0.024,0.558139534883721,2.6963262554769134,1.0,0.015099000000000001,1.7946842105263163,0.6573928944618601,0.10619469026548672,0.44279890905891683,0.3370407819346141
"much, would",time,0.037,0.273,0.024,0.6486486486486487,2.376002376002376,1.0,0.013899,2.069153846153846,0.6013759086188992,0.08391608391608392,0.5167106583887877,0.3682803682803683
"like, much",would,0.044,0.207,0.024,0.5454545454545455,2.6350461133069834,1.0,0.014892,1.7446000000000004,0.6490585774058578,0.10572687224669604,0.42680270549123017,0.33069828722002637
"much, would",like,0.037,0.209,0.024,0.6486486486486487,3.103582050950472,1.0,0.016267,2.2513076923076927,0.7038335064035999,0.10810810810810811,0.5558137151057506,0.3817405922669081
"much, time",one,0.043,0.224,0.025,0.5813953488372093,2.595514950166113,1.0,0.015368000000000001,1.853777777777778,0.6423406478578892,0.10330578512396695,0.4605610165427956,0.3465012458471761
"much, one",time,0.037,0.273,0.025,0.6756756756756758,2.475002475002475,1.0,0.014899,2.2415833333333337,0.6188577362409139,0.08771929824561404,0.5538867615896503,0.3836253836253837
"much, one",place,0.037,0.369,0.02,0.5405405405405406,1.4648795136600015,1.0,0.006347000000000002,1.3733529411764707,0.32954309449636565,0.051813471502590684,0.2718550563241531,0.2973705412729803
"food, much",place,0.035,0.369,0.021,0.6,1.6260162601626016,1.0,0.008085,1.5775,0.39896373056994816,0.05483028720626632,0.36608557844690964,0.3284552845528455
"food, much",good,0.035,0.358,0.02,0.5714285714285714,1.596169193934557,1.0,0.007469999999999999,1.498,0.38704663212435225,0.05361930294906166,0.3324432576769025,0.3136472466081405
"get, much",like,0.03,0.209,0.02,0.6666666666666667,3.1897926634768745,1.0,0.013730000000000001,2.3730000000000007,0.7077319587628866,0.091324200913242,0.5785924989464813,0.3811802232854865
"back, much",time,0.036,0.273,0.021,0.5833333333333334,2.1367521367521367,1.0,0.011172000000000001,1.7448000000000001,0.5518672199170125,0.07291666666666667,0.42686840898670336,0.3301282051282052
"back, much",good,0.036,0.358,0.02,0.5555555555555556,1.5518311607697084,1.0,0.007112000000000002,1.4445000000000001,0.36887966804979266,0.05347593582887702,0.30771893388715826,0.30571073867163256
"much, place",like,0.052,0.209,0.029,0.5576923076923077,2.668384247331616,1.0,0.018132000000000002,1.7883478260869567,0.6595373199476212,0.125,0.44082466206360016,0.34822414427677584
"like, much",place,0.044,0.369,0.029,0.6590909090909092,1.7861542251786158,1.0,0.012764000000000001,1.8509333333333338,0.4603953253498774,0.07552083333333334,0.4597320270854345,0.3688408474993841
"like, much",good,0.044,0.358,0.028,0.6363636363636365,1.7775520568816663,1.0,0.012248000000000002,1.7655000000000005,0.4575612671846982,0.07486631016042782,0.4335882186349478,0.3572879634332149
"good, much",like,0.052,0.209,0.028,0.5384615384615385,2.5763709974236297,1.0,0.017132,1.7138333333333338,0.6454189270644968,0.12017167381974249,0.4165126908489742,0.33621641516378364
"like, much, place",good,0.029,0.358,0.02,0.689655172413793,1.9264110961279135,1.0,0.009618,2.068666666666666,0.4952626158599382,0.05449591280653951,0.5165968417660328,0.3727605471007513
"good, much, place",like,0.03,0.209,0.02,0.6666666666666667,3.1897926634768745,1.0,0.013730000000000001,2.3730000000000007,0.7077319587628866,0.091324200913242,0.5785924989464813,0.3811802232854865
"good, like, much",place,0.028,0.369,0.02,0.7142857142857143,1.9357336430507164,1.0,0.009668,2.2085000000000004,0.49732510288065845,0.05305039787798409,0.5472039846049355,0.38424312814556716
sweet,place,0.044,0.369,0.025,0.5681818181818182,1.539788125153979,1.0,0.008764000000000001,1.461263157894737,0.3666945606694561,0.06443298969072166,0.3156605676415503,0.31796624784429667
sweet,good,0.044,0.358,0.022,0.5,1.3966480446927374,1.0,0.006248,1.284,0.29707112970711297,0.05789473684210527,0.22118380062305298,0.2807262569832402
drink,food,0.101,0.359,0.054,0.5346534653465346,1.4892854187925755,1.0,0.017741,1.3774680851063827,0.36544720471305564,0.1330049261083744,0.2740303671552802,0.3425356463222924
"drink, food",good,0.054,0.358,0.027,0.5,1.3966480446927374,1.0,0.007668000000000001,1.284,0.3002114164904863,0.07012987012987014,0.22118380062305298,0.2877094972067039
"drink, good",food,0.045,0.359,0.027,0.6,1.6713091922005572,1.0,0.010845,1.6025,0.42059336823734733,0.07161803713527852,0.37597503900156004,0.3376044568245125
"drink, great",food,0.042,0.359,0.023,0.5476190476190476,1.5254012468497147,1.0,0.007921999999999998,1.4169473684210525,0.35953526368339833,0.06084656084656086,0.2942574845850976,0.3058429499933678
"drink, food",place,0.054,0.369,0.028,0.5185185185185185,1.4051992371775568,1.0,0.008074000000000001,1.3105384615384614,0.3048172757475084,0.07088607594936709,0.2369548629453542,0.29719963866305327
"drink, place",food,0.045,0.359,0.028,0.6222222222222222,1.7332095326524297,1.0,0.011845000000000001,1.696764705882353,0.44296933433059094,0.07446808510638299,0.4106430923903623,0.3501083255957908
"drink, time",food,0.037,0.359,0.025,0.6756756756756758,1.882104946171799,1.0,0.011717000000000002,1.9764166666666674,0.48668743509865015,0.06738544474393532,0.49403381540667046,0.37265677934201613
"drink, one",food,0.035,0.359,0.022,0.6285714285714284,1.7508953442101072,1.0,0.009434999999999997,1.7257692307692303,0.4444182760244935,0.059139784946236555,0.42054825050144845,0.3449263828093911
"drink, one",place,0.035,0.369,0.02,0.5714285714285714,1.5485869144405728,1.0,0.007084999999999999,1.4723333333333333,0.36709844559585486,0.052083333333333336,0.32080597690740315,0.3128145567169957
"drink, would",food,0.032,0.359,0.023,0.71875,2.002089136490251,1.0,0.011512,2.2791111111111113,0.5170679123248293,0.0625,0.5612324492979719,0.391408426183844
"drink, food",service,0.054,0.28,0.029,0.5370370370370371,1.917989417989418,1.0,0.01388,1.5552000000000001,0.5059415324050448,0.09508196721311477,0.3569958847736626,0.3203042328042328
"drink, service",food,0.04,0.359,0.029,0.725,2.01949860724234,1.0,0.014640000000000002,2.3309090909090906,0.5258620689655173,0.0783783783783784,0.5709828393135725,0.4028899721448468
"drink, service",place,0.04,0.369,0.022,0.5499999999999999,1.4905149051490514,1.0,0.007239999999999998,1.402222222222222,0.3428030303030303,0.056847545219638244,0.28684627575277327,0.304810298102981
"drink, really",food,0.029,0.359,0.021,0.7241379310344828,2.017097300931707,1.0,0.010589000000000001,2.3236250000000003,0.5192977293904174,0.05722070844686649,0.5696379579321104,0.39131687638075113
"food, people",good,0.04,0.358,0.025,0.625,1.7458100558659218,1.0,0.010680000000000002,1.712,0.44500000000000006,0.0670241286863271,0.4158878504672897,0.3474162011173184
"good, people",food,0.043,0.359,0.025,0.5813953488372093,1.6194856513571292,1.0,0.009563000000000004,1.531277777777778,0.39970741901776397,0.06631299734748011,0.34695062221093503,0.3255166159227829
"food, people",place,0.04,0.369,0.022,0.5499999999999999,1.4905149051490514,1.0,0.007239999999999998,1.402222222222222,0.3428030303030303,0.056847545219638244,0.28684627575277327,0.304810298102981
"people, place",good,0.049,0.358,0.025,0.5102040816326531,1.4251510660129976,1.0,0.007458000000000003,1.31075,0.3136908517350159,0.06544502617801048,0.23707800877360294,0.290018241933645
"good, people",place,0.043,0.369,0.025,0.5813953488372093,1.5755971513203506,1.0,0.009133000000000002,1.5073888888888891,0.3817345872518287,0.06459948320413438,0.336601186746766,0.3245730131719922
"people, time",place,0.042,0.369,0.024,0.5714285714285714,1.5485869144405728,1.0,0.008502,1.4723333333333333,0.36978079331941544,0.062015503875969,0.32080597690740315,0.31823461091753774
"good, people",time,0.043,0.273,0.023,0.5348837209302326,1.959281029048471,1.0,0.011261,1.5630500000000003,0.5116078324474127,0.07849829351535836,0.36022520072934333,0.30956640258965845
"people, time",good,0.042,0.358,0.023,0.5476190476190476,1.5296621441872837,1.0,0.007963999999999999,1.419157894736842,0.3614414087319597,0.061007957559681705,0.29535677199228594,0.30593242883745675
"people, would",time,0.037,0.273,0.02,0.5405405405405406,1.98000198000198,1.0,0.009899,1.5822941176470589,0.5139667705088266,0.06896551724137932,0.3680062455853378,0.3069003069003069
"people, would",place,0.037,0.369,0.023,0.6216216216216216,1.6846114407090016,1.0,0.009347000000000001,1.667642857142857,0.42200550814935217,0.060052219321148834,0.4003512228551848,0.34197612246392733
"people, time",one,0.042,0.224,0.023,0.5476190476190476,2.4447278911564623,1.0,0.013591999999999998,1.7153684210526314,0.6168648452391758,0.09465020576131686,0.41703485517918504,0.3251488095238095
"one, people",time,0.036,0.273,0.023,0.638888888888889,2.3402523402523405,1.0,0.013172,2.0132307692307694,0.5940826267364244,0.08041958041958043,0.503285954455143,0.3615689865689866
"get, people",one,0.036,0.224,0.02,0.5555555555555556,2.4801587301587302,1.0,0.011936,1.7460000000000002,0.6190871369294606,0.08333333333333333,0.42726231386025204,0.32242063492063494
"one, people",get,0.036,0.219,0.02,0.5555555555555556,2.5367833587011672,1.0,0.012116000000000002,1.7572500000000002,0.6284232365145229,0.0851063829787234,0.43092900839379716,0.3234398782343988
"good, people",one,0.043,0.224,0.022,0.5116279069767442,2.2840531561461797,1.0,0.012367999999999999,1.5889523809523811,0.5874418162819417,0.08979591836734692,0.3706545192999281,0.30492109634551495
"one, people",good,0.036,0.358,0.022,0.6111111111111112,1.7070142768466794,1.0,0.009112,1.650857142857143,0.42964918898528864,0.05913978494623656,0.3942540671512635,0.3362818125387958
"one, people",place,0.036,0.369,0.022,0.6111111111111112,1.656127672387835,1.0,0.008716,1.6225714285714288,0.4109769898151641,0.057441253263707574,0.38369431237894003,0.3353658536585366
"get, people",good,0.036,0.358,0.023,0.638888888888889,1.7846058348851648,1.0,0.010112000000000001,1.7778461538461543,0.4560707198268087,0.0619946091644205,0.43752163378331616,0.35156734947237744
"good, people",get,0.043,0.219,0.023,0.5348837209302326,2.442391419772752,1.0,0.013583,1.6791500000000004,0.6171005406387715,0.09623430962343095,0.4044605901795552,0.3199532759902305
"get, people",place,0.036,0.369,0.02,0.5555555555555556,1.5055706112616682,1.0,0.0067160000000000015,1.41975,0.3483402489626557,0.05194805194805196,0.29565064271878855,0.3048780487804878
"great, people",place,0.035,0.369,0.023,0.657142857142857,1.7808749516066587,1.0,0.010084999999999998,1.8404166666666661,0.4543816174814147,0.06036745406824147,0.4566447815259224,0.35973674022454505
"like, people",good,0.032,0.358,0.02,0.625,1.7458100558659218,1.0,0.008544000000000001,1.712,0.4413223140495869,0.05405405405405406,0.4158878504672897,0.3404329608938548
"people, really",place,0.029,0.369,0.022,0.7586206896551724,2.055882627791795,1.0,0.011298999999999998,2.614142857142857,0.528929875479824,0.058510638297872335,0.6174654352696868,0.4091206429305672
sauce,good,0.068,0.358,0.039,0.5735294117647058,1.6020374630299046,1.0,0.014655999999999999,1.5053793103448274,0.4032133817541543,0.10077519379844961,0.3357155946490745,0.34123397962536967
"food, sauce",good,0.031,0.358,0.021,0.6774193548387097,1.8922328347449993,1.0,0.009902000000000001,1.9902000000000004,0.486608678559143,0.05706521739130435,0.4975379358858407,0.36803928635790234
"good, sauce",food,0.039,0.359,0.021,0.5384615384615385,1.499892864795372,1.0,0.006999000000000002,1.3888333333333336,0.34681135721718453,0.0557029177718833,0.2799711988479541,0.298478680094279
"place, sauce",good,0.031,0.358,0.021,0.6774193548387097,1.8922328347449993,1.0,0.009902000000000001,1.9902000000000004,0.486608678559143,0.05706521739130435,0.4975379358858407,0.36803928635790234
"good, sauce",place,0.039,0.369,0.021,0.5384615384615385,1.4592453616843863,1.0,0.006609000000000002,1.3671666666666669,0.32748624944254506,0.05426356589147288,0.2685602828233575,0.2976860537836148
many,place,0.068,0.369,0.038,0.5588235294117646,1.5144269089749718,1.0,0.012908,1.4302666666666664,0.3644680370454032,0.09523809523809523,0.300829682110562,0.33090227961103136
many,good,0.068,0.358,0.038,0.5588235294117646,1.560959579362471,1.0,0.013655999999999998,1.4551999999999996,0.38558843460582787,0.0979381443298969,0.3128092358438701,0.3324843904042063
"many, place",good,0.038,0.358,0.022,0.5789473684210527,1.6171714201705383,1.0,0.008395999999999999,1.52475,0.39671139671139666,0.05882352941176471,0.34415477947204465,0.32019994119376655
"good, many",place,0.038,0.369,0.022,0.5789473684210527,1.5689630580516332,1.0,0.007977999999999999,1.498625,0.37696087696087693,0.05714285714285715,0.3327216615230629,0.31928398231350735
"many, place",one,0.038,0.224,0.02,0.5263157894736842,2.3496240601503757,1.0,0.011488,1.6382222222222222,0.5970893970893971,0.08264462809917354,0.3895822029300054,0.30780075187969924
"many, one",place,0.03,0.369,0.02,0.6666666666666667,1.806684733514002,1.0,0.00893,1.8930000000000005,0.4603092783505155,0.052770448548812667,0.4717379820390915,0.3604336043360434
"many, place",time,0.038,0.273,0.021,0.5526315789473685,2.0242914979757085,1.0,0.010626,1.6250588235294119,0.525987525987526,0.07241379310344828,0.38463766017519735,0.31477732793522273
"many, time",place,0.027,0.369,0.021,0.7777777777777778,2.1077988557663354,1.0,0.011037000000000002,2.8395,0.5401556305975629,0.056,0.6478253213593943,0.4173441734417344
getting,time,0.046,0.273,0.023,0.5,1.8315018315018314,1.0,0.010441999999999998,1.454,0.4758909853249475,0.0777027027027027,0.312242090784044,0.29212454212454214
"come, food",place,0.061,0.369,0.036,0.5901639344262295,1.599360255897641,1.0,0.013491,1.53964,0.39909478168264106,0.0913705583756345,0.35049751890052216,0.3438624550179928
"come, place",food,0.058,0.359,0.036,0.6206896551724137,1.7289405436557486,1.0,0.015177999999999997,1.6899090909090906,0.4475701816466147,0.09448818897637794,0.40825219215665165,0.3604841033522236
"come, place",back,0.058,0.212,0.029,0.5,2.358490566037736,1.0,0.016704000000000004,1.576,0.6114649681528664,0.12033195020746888,0.3654822335025381,0.31839622641509435
"back, come",place,0.056,0.369,0.029,0.5178571428571429,1.4034068912117694,1.0,0.008336,1.308740740740741,0.30450029222676794,0.07323232323232325,0.2359067240208287,0.298223964382501
"back, come",food,0.056,0.359,0.03,0.5357142857142857,1.4922403501790689,1.0,0.009895999999999999,1.3806153846153846,0.3494350282485875,0.07792207792207792,0.27568531312681077,0.30963987266215676
"come, food, place",back,0.036,0.212,0.02,0.5555555555555556,2.620545073375262,1.0,0.012368,1.7730000000000001,0.64149377593361,0.08771929824561403,0.4359842075578117,0.3249475890985325
"back, come, food",place,0.03,0.369,0.02,0.6666666666666667,1.806684733514002,1.0,0.00893,1.8930000000000005,0.4603092783505155,0.052770448548812667,0.4717379820390915,0.3604336043360434
"back, come, place",food,0.029,0.359,0.02,0.689655172413793,1.9210450485063875,1.0,0.009589,2.065444444444444,0.49376930998970137,0.05434782608695653,0.5158427026736241,0.37268273941023916
"come, great",place,0.043,0.369,0.026,0.6046511627906977,1.6386210373731647,1.0,0.010133,1.596058823529412,0.4072421831042521,0.06735751295336788,0.37345667637194574,0.33755593369887194
"come, great",food,0.043,0.359,0.023,0.5348837209302326,1.489926799248559,1.0,0.007563000000000002,1.3781500000000002,0.3436009268093227,0.060686015831134574,0.27438958023437227,0.29947528664896034
"come, got",back,0.033,0.212,0.022,0.6666666666666666,3.144654088050314,1.0,0.015003999999999998,2.364,0.7052740434332988,0.09865470852017937,0.5769881556683587,0.3852201257861635
"come, got",place,0.033,0.369,0.02,0.6060606060606061,1.6424406668309108,1.0,0.007823,1.6017692307692308,0.4044984488107549,0.05235602094240838,0.3756903424098353,0.33013057403301305
"come, really",place,0.032,0.369,0.023,0.71875,1.9478319783197833,1.0,0.011191999999999999,2.2435555555555555,0.502694933524973,0.06084656084656084,0.5542789223454834,0.39054031165311653
"come, really",food,0.032,0.359,0.021,0.65625,1.8279944289693595,1.0,0.009512000000000001,1.8647272727272728,0.46792601338055884,0.05675675675675676,0.4637285491419657,0.35737291086350975
"come, food",get,0.061,0.219,0.031,0.5081967213114754,2.320532974025002,1.0,0.017641,1.5880333333333334,0.6060324985399704,0.12449799196787147,0.37029029617346404,0.32487461636350023
"come, get",food,0.05,0.359,0.031,0.62,1.7270194986072425,1.0,0.013049999999999999,1.686842105263158,0.4431239388794567,0.082010582010582,0.40717628705148207,0.35317548746518107
"come, get",time,0.05,0.273,0.027,0.5399999999999999,1.9780219780219777,1.0,0.013349999999999997,1.5804347826086953,0.5204678362573099,0.09121621621621621,0.3672627235213204,0.3194505494505494
"come, time",get,0.053,0.219,0.027,0.5094339622641509,2.3261824760920136,1.0,0.015393,1.5920384615384615,0.6020180687551332,0.11020408163265305,0.3718744715290025,0.3163608167485138
"come, get",back,0.05,0.212,0.027,0.5399999999999999,2.5471698113207544,1.0,0.016399999999999998,1.7130434782608694,0.6393762183235867,0.11489361702127658,0.41624365482233494,0.33367924528301884
"come, get",place,0.05,0.369,0.026,0.5199999999999999,1.409214092140921,1.0,0.007549999999999998,1.314583333333333,0.3056680161943319,0.06615776081424937,0.23930269413629146,0.295230352303523
"come, service",food,0.044,0.359,0.023,0.5227272727272727,1.4560648265383642,1.0,0.007204000000000002,1.343047619047619,0.327633254502456,0.06052631578947369,0.25542476244504325,0.2933970625474804
"come, service",back,0.044,0.212,0.023,0.5227272727272727,2.4656946826758146,1.0,0.013672,1.651047619047619,0.6217937056576315,0.09871244635193133,0.3943239501615136,0.3156089193825043
"come, like",get,0.036,0.219,0.021,0.5833333333333334,2.6636225266362255,1.0,0.013116000000000003,1.8744000000000003,0.6478956727919384,0.08974358974358974,0.4664959453691849,0.33961187214611877
"come, like",food,0.036,0.359,0.02,0.5555555555555556,1.5475085112968123,1.0,0.007076000000000002,1.44225,0.3670124481327802,0.053333333333333344,0.30663893222395566,0.30563293098112043
"come, like",good,0.036,0.358,0.021,0.5833333333333334,1.6294227188081938,1.0,0.008112000000000003,1.5408000000000002,0.40071132187314773,0.056300268096514755,0.3509865005192109,0.32099627560521415
"come, like",place,0.036,0.369,0.021,0.5833333333333334,1.5808491418247517,1.0,0.007716000000000002,1.5144000000000002,0.3811499703615887,0.05468750000000001,0.3396724775488643,0.3201219512195122
"come, time",food,0.053,0.359,0.028,0.5283018867924528,1.4715929994218742,1.0,0.008973000000000002,1.35892,0.338399456931664,0.07291666666666667,0.26412150825655667,0.3031481578809061
"come, food",good,0.061,0.358,0.032,0.5245901639344263,1.4653356534481181,1.0,0.010162000000000001,1.3504137931034483,0.338192225772098,0.082687338501292,0.2594862366579848,0.30698781939738073
"come, good",food,0.049,0.359,0.032,0.6530612244897959,1.8191120459325791,1.0,0.014409000000000002,1.8475882352941173,0.4734818611987382,0.0851063829787234,0.4587538603584959,0.3710988573702461
"come, good",place,0.049,0.369,0.028,0.5714285714285714,1.5485869144405728,1.0,0.009919,1.4723333333333333,0.3725026288117771,0.0717948717948718,0.32080597690740315,0.3236546651180797
"come, good",back,0.049,0.212,0.026,0.5306122448979591,2.5028879476318826,1.0,0.015612,1.6787826086956519,0.6314001455957292,0.11063829787234042,0.40433026002279077,0.32662687716596067
"come, get",good,0.05,0.358,0.026,0.5199999999999999,1.4525139664804467,1.0,0.0081,1.3374999999999997,0.3279352226720648,0.06806282722513089,0.2523364485981307,0.2963128491620111
"come, good",get,0.049,0.219,0.026,0.5306122448979591,2.4228869630043794,1.0,0.015268999999999998,1.6638695652173912,0.6175281080643856,0.10743801652892561,0.3989913507016122,0.32466685304258686
"come, food, place",good,0.036,0.358,0.021,0.5833333333333334,1.6294227188081938,1.0,0.008112000000000003,1.5408000000000002,0.40071132187314773,0.056300268096514755,0.3509865005192109,0.32099627560521415
"come, food, good",place,0.032,0.369,0.021,0.65625,1.7784552845528456,1.0,0.009192,1.8356363636363637,0.4521841794569067,0.05526315789473685,0.455229793977813,0.3565802845528455
"come, good, place",food,0.028,0.359,0.021,0.75,2.0891364902506964,1.0,0.010948000000000001,2.564,0.5363511659807957,0.05737704918032788,0.609984399375975,0.40424791086350975
"come, go",place,0.031,0.369,0.021,0.6774193548387097,1.835824809861002,1.0,0.009561000000000002,1.9561000000000004,0.46985109833407057,0.0554089709762533,0.488778692295895,0.3671649619722004
"come, go",food,0.031,0.359,0.021,0.6774193548387097,1.8869619911941777,1.0,0.009871000000000001,1.9871000000000005,0.48508526217504555,0.05691056910569106,0.49675406371093567,0.3679575882828646
"come, go",back,0.031,0.212,0.02,0.6451612903225806,3.0432136335970785,1.0,0.013428,2.220727272727273,0.6928792569659442,0.08968609865470852,0.5496970689372851,0.369750456482045
"come, place",one,0.058,0.224,0.03,0.5172413793103448,2.3091133004926103,1.0,0.017008,1.6074285714285712,0.6018400566171267,0.11904761904761904,0.3778883753999288,0.3255849753694581
"come, one",place,0.045,0.369,0.03,0.6666666666666666,1.8066847335140017,1.0,0.013395,1.8929999999999998,0.46753926701570686,0.078125,0.47173798203909134,0.37398373983739835
"come, one",time,0.045,0.273,0.024,0.5333333333333333,1.9536019536019533,1.0,0.011715,1.5578571428571428,0.5111256544502618,0.0816326530612245,0.3580926180651077,0.31062271062271063
"come, one",food,0.045,0.359,0.024,0.5333333333333333,1.4856081708449398,1.0,0.007845000000000001,1.3735714285714287,0.34227748691099485,0.06315789473684212,0.2719708788351534,0.3000928505106778
"come, one",back,0.045,0.212,0.023,0.5111111111111111,2.410901467505241,1.0,0.01346,1.6118181818181818,0.6127930798998407,0.09829059829059829,0.37958262831359274,0.3098008385744235
"come, would",back,0.042,0.212,0.024,0.5714285714285714,2.6954177897574123,1.0,0.015096,1.8386666666666667,0.6565762004175366,0.10434782608695652,0.4561276287164612,0.34231805929919135
"come, would",food,0.042,0.359,0.023,0.5476190476190476,1.5254012468497147,1.0,0.007921999999999998,1.4169473684210525,0.35953526368339833,0.06084656084656086,0.2942574845850976,0.3058429499933678
"come, would",good,0.042,0.358,0.022,0.5238095238095237,1.4631550944400105,1.0,0.006963999999999998,1.3481999999999998,0.3304232302144619,0.058201058201058205,0.25827028630766935,0.2926310188880021
"come, would",get,0.042,0.219,0.022,0.5238095238095237,2.3918243096325282,1.0,0.012801999999999997,1.6400999999999997,0.607420762953122,0.09205020920502091,0.3902810804219254,0.31213307240704496
"come, would",time,0.042,0.273,0.022,0.5238095238095237,1.9187162044304897,1.0,0.010533999999999996,1.5266999999999997,0.49981021066616044,0.07508532423208192,0.34499246741337514,0.3021978021978021
"come, would",place,0.042,0.369,0.022,0.5238095238095237,1.4195380049038584,1.0,0.006501999999999997,1.3250999999999997,0.30850256215600674,0.05655526992287918,0.245339974341559,0.2917150600077429
"also, come",place,0.033,0.369,0.022,0.6666666666666666,1.8066847335140017,1.0,0.009822999999999998,1.8929999999999998,0.4617373319544984,0.057894736842105256,0.47173798203909134,0.36314363143631434
"also, come",good,0.033,0.358,0.021,0.6363636363636364,1.7775520568816658,1.0,0.009186000000000001,1.7655,0.45235633032944306,0.05675675675675676,0.4335882186349476,0.34751142712036565
"come, little",food,0.03,0.359,0.021,0.7000000000000001,1.9498607242339836,1.0,0.010230000000000003,2.136666666666667,0.5022091310751107,0.05706521739130435,0.5319812792511701,0.3792479108635098
table,place,0.089,0.369,0.05,0.5617977528089888,1.5224871349837095,1.0,0.017159000000000008,1.4399743589743592,0.37670691547749735,0.12254901960784315,0.3055431898716146,0.3486495539112695
table,food,0.089,0.359,0.054,0.6067415730337079,1.6900879471691028,1.0,0.022049,1.6299714285714288,0.4482050656584136,0.1370558375634518,0.38649231362512937,0.37857970016587905
"food, table",place,0.054,0.369,0.029,0.5370370370370371,1.4553849242196126,1.0,0.009074000000000002,1.3629600000000002,0.3307574542538457,0.0736040609137056,0.26630275283207144,0.3078139114724481
"place, table",food,0.05,0.359,0.029,0.58,1.615598885793872,1.0,0.01105,1.526190476190476,0.4010889292196007,0.07631578947368423,0.344773790951638,0.3303899721448468
"great, table",place,0.033,0.369,0.02,0.6060606060606061,1.6424406668309108,1.0,0.007823,1.6017692307692308,0.4044984488107549,0.05235602094240838,0.3756903424098353,0.33013057403301305
"great, table",food,0.033,0.359,0.022,0.6666666666666666,1.8570102135561746,1.0,0.010152999999999999,1.9229999999999998,0.4772492244053774,0.059459459459459456,0.47997919916796666,0.3639740018570102
"come, table",food,0.028,0.359,0.022,0.7857142857142857,2.1886191802626342,1.0,0.011947999999999999,2.9913333333333334,0.5587355031799477,0.06027397260273972,0.6657009137508357,0.4234978113808197
"come, table",time,0.028,0.273,0.02,0.7142857142857143,2.6164311878597593,1.0,0.012355999999999999,2.5445,0.6355967078189301,0.07117437722419928,0.6069954804480252,0.39377289377289376
"food, table",u,0.054,0.119,0.027,0.5,4.201680672268908,1.0,0.020574000000000002,1.762,0.8054968287526428,0.18493150684931509,0.43246311010215666,0.3634453781512605
"table, u",food,0.038,0.359,0.027,0.7105263157894737,1.9791819381322386,1.0,0.013358,2.2143636363636365,0.5142835142835144,0.07297297297297299,0.548402988751129,0.39286761471924936
"table, time",u,0.044,0.119,0.023,0.5227272727272727,4.39266615737204,1.0,0.017764000000000002,1.845904761904762,0.8078952155721304,0.1642857142857143,0.4582602414611495,0.3580022918258212
"table, u",time,0.038,0.273,0.023,0.6052631578947368,2.2170811644495854,1.0,0.012625999999999998,1.8417333333333332,0.570640874988701,0.07986111111111112,0.4570332295663505,0.34475612107191056
"table, u",place,0.038,0.369,0.022,0.5789473684210527,1.5689630580516332,1.0,0.007977999999999999,1.498625,0.37696087696087693,0.05714285714285715,0.3327216615230629,0.31928398231350735
"table, u",good,0.038,0.358,0.02,0.5263157894736842,1.4701558365186709,1.0,0.006396000000000001,1.3553333333333333,0.3324324324324325,0.053191489361702135,0.26217412690605013,0.29109085563069687
"place, table",time,0.05,0.273,0.029,0.58,2.124542124542124,1.0,0.015349999999999999,1.7309523809523808,0.557168784029038,0.09863945578231294,0.4222833562585969,0.34311355311355307
"table, time",place,0.044,0.369,0.029,0.6590909090909092,1.7861542251786158,1.0,0.012764000000000001,1.8509333333333338,0.4603953253498774,0.07552083333333334,0.4597320270854345,0.3688408474993841
"food, table",time,0.054,0.273,0.028,0.5185185185185185,1.8993352326685657,1.0,0.013257999999999999,1.5099230769230767,0.5005285412262156,0.09364548494983278,0.3377146059401905,0.3105413105413105
"table, time",food,0.044,0.359,0.028,0.6363636363636365,1.7726006583945306,1.0,0.012204000000000003,1.7627500000000005,0.4559175134488943,0.07466666666666667,0.43270458091050934,0.3571790326664979
"place, table",would,0.05,0.207,0.027,0.5399999999999999,2.6086956521739126,1.0,0.016649999999999998,1.7239130434782606,0.6491228070175438,0.11739130434782608,0.41992433795712475,0.3352173913043478
"table, would",place,0.036,0.369,0.027,0.75,2.032520325203252,1.0,0.013716,2.524,0.5269709543568465,0.07142857142857144,0.6038034865293186,0.4115853658536585
"table, would",food,0.036,0.359,0.023,0.638888888888889,1.7796347879913341,1.0,0.010076000000000002,1.7750769230769234,0.45444705033375443,0.06182795698924732,0.43664413243196404,0.3514778706282885
"table, time",would,0.044,0.207,0.022,0.5,2.4154589371980677,1.0,0.012891999999999999,1.586,0.6129707112970711,0.09606986899563318,0.36948297604035313,0.3031400966183575
"table, would",time,0.036,0.273,0.022,0.6111111111111112,2.2385022385022384,1.0,0.012171999999999999,1.8694285714285717,0.5739343643907959,0.07665505226480836,0.46507718172092316,0.34584859584859584
"good, table",would,0.042,0.207,0.023,0.5476190476190476,2.645502645502645,1.0,0.014306,1.7529473684210526,0.6492693110647182,0.10176991150442477,0.42953221641746225,0.32936507936507936
"table, would",good,0.036,0.358,0.023,0.638888888888889,1.7846058348851648,1.0,0.010112000000000001,1.7778461538461543,0.4560707198268087,0.0619946091644205,0.43752163378331616,0.35156734947237744
"place, table",one,0.05,0.224,0.026,0.5199999999999999,2.321428571428571,1.0,0.014799999999999997,1.6166666666666665,0.5991902834008097,0.10483870967741934,0.3814432989690721,0.31803571428571425
"one, table",place,0.036,0.369,0.026,0.7222222222222222,1.9572417946401686,1.0,0.012716,2.2716,0.507341206511331,0.06860158311345647,0.5597816516992428,0.39634146341463417
"one, table",food,0.036,0.359,0.024,0.6666666666666667,1.8570102135561748,1.0,0.011076000000000003,1.9230000000000005,0.47873443983402497,0.06469002695417791,0.47997919916796683,0.3667595171773445
"one, table",would,0.036,0.207,0.022,0.6111111111111112,2.9522275899087496,1.0,0.014547999999999998,2.0391428571428576,0.6859675594115429,0.09954751131221719,0.509597870253608,0.3586956521739131
"table, would",one,0.036,0.224,0.022,0.6111111111111112,2.7281746031746033,1.0,0.013935999999999999,1.9954285714285718,0.6571105243304414,0.09243697478991596,0.49885452462772056,0.35466269841269843
"one, table",time,0.036,0.273,0.021,0.5833333333333334,2.1367521367521367,1.0,0.011172000000000001,1.7448000000000001,0.5518672199170125,0.07291666666666667,0.42686840898670336,0.3301282051282052
"service, table",food,0.036,0.359,0.025,0.6944444444444445,1.9343856391210155,1.0,0.012076000000000003,2.0978181818181825,0.501078838174274,0.06756756756756759,0.5233142659039697,0.3820411637264005
"service, table",place,0.036,0.369,0.02,0.5555555555555556,1.5055706112616682,1.0,0.0067160000000000015,1.41975,0.3483402489626557,0.05194805194805196,0.29565064271878855,0.3048780487804878
"get, table",food,0.031,0.359,0.021,0.6774193548387097,1.8869619911941777,1.0,0.009871000000000001,1.9871000000000005,0.48508526217504555,0.05691056910569106,0.49675406371093567,0.3679575882828646
"get, table",place,0.031,0.369,0.02,0.6451612903225806,1.7484045808200017,1.0,0.008561000000000001,1.7782727272727272,0.44174406604747163,0.05263157894736842,0.4376565615254844,0.3496809161640003
"place, table",good,0.05,0.358,0.028,0.5599999999999999,1.5642458100558658,1.0,0.010100000000000001,1.459090909090909,0.3796992481203008,0.0736842105263158,0.31464174454828653,0.31910614525139663
"good, table",place,0.042,0.369,0.028,0.6666666666666666,1.8066847335140017,1.0,0.012502,1.8929999999999998,0.46607515657620036,0.0731070496083551,0.47173798203909134,0.37127371273712734
"good, table",food,0.042,0.359,0.026,0.619047619047619,1.7243666268735904,1.0,0.010921999999999998,1.6826249999999996,0.4384936566564958,0.06933333333333334,0.405690513334819,0.3457355086881549
"good, table",time,0.042,0.273,0.024,0.5714285714285714,2.0931449502878072,1.0,0.012533999999999998,1.6963333333333332,0.5451461377870563,0.08247422680412372,0.4104932206720377,0.32967032967032966
"table, time",good,0.044,0.358,0.024,0.5454545454545455,1.5236160487557138,1.0,0.008248000000000002,1.4124000000000003,0.3594839609483962,0.0634920634920635,0.2919852732936846,0.3062468257998985
"came, table",food,0.026,0.359,0.021,0.8076923076923078,2.249839297193058,1.0,0.011666000000000003,3.3332000000000024,0.5703529871907697,0.057692307692307696,0.699987999519981,0.43309406470966366
fresh,place,0.085,0.369,0.047,0.5529411764705882,1.498485573091025,1.0,0.015634999999999996,1.4114473684210525,0.3635623764678525,0.11547911547911548,0.2915074112053695,0.34015622509166266
"food, fresh",place,0.038,0.369,0.023,0.6052631578947368,1.6402795606903438,1.0,0.008978,1.5985333333333334,0.40576697098436226,0.05989583333333334,0.37442655767787136,0.33379689060048495
"fresh, place",good,0.047,0.358,0.024,0.5106382978723404,1.4263639605372638,1.0,0.007174,1.3119130434782609,0.31365862189576776,0.06299212598425198,0.23775435805660497,0.2888387020087959
"fresh, good",place,0.033,0.369,0.024,0.7272727272727273,1.970928800197093,1.0,0.011823,2.3136666666666668,0.5094364012409515,0.06349206349206349,0.5677856216683476,0.3961566888396157
"place, right",food,0.04,0.359,0.02,0.5,1.392757660167131,1.0,0.005640000000000001,1.282,0.29375000000000007,0.05277044854881267,0.2199687987519501,0.27785515320334264
"food, right",place,0.038,0.369,0.02,0.5263157894736842,1.426330052774212,1.0,0.005978000000000001,1.332111111111111,0.31070686070686077,0.0516795865633075,0.2493118692134456,0.2902581657395521
"food, right",good,0.038,0.358,0.022,0.5789473684210527,1.6171714201705383,1.0,0.008395999999999999,1.52475,0.39671139671139666,0.05882352941176471,0.34415477947204465,0.32019994119376655
"good, right",food,0.035,0.359,0.022,0.6285714285714284,1.7508953442101072,1.0,0.009434999999999997,1.7257692307692303,0.4444182760244935,0.059139784946236555,0.42054825050144845,0.3449263828093911
"place, right",good,0.04,0.358,0.023,0.575,1.606145251396648,1.0,0.00868,1.5105882352941176,0.39311594202898553,0.061333333333333344,0.33800623052959494,0.31962290502793295
"good, right",place,0.035,0.369,0.023,0.657142857142857,1.7808749516066587,1.0,0.010084999999999998,1.8404166666666661,0.4543816174814147,0.06036745406824147,0.4566447815259224,0.35973674022454505
"place, right",like,0.04,0.209,0.02,0.5,2.3923444976076556,1.0,0.011640000000000001,1.582,0.6062500000000001,0.08733624454148471,0.3678887484197219,0.29784688995215314
"like, right",place,0.03,0.369,0.02,0.6666666666666667,1.806684733514002,1.0,0.00893,1.8930000000000005,0.4603092783505155,0.052770448548812667,0.4717379820390915,0.3604336043360434
take,place,0.076,0.369,0.042,0.5526315789473685,1.4976465554129228,1.0,0.013956000000000003,1.4104705882352944,0.35961657390228824,0.10421836228287841,0.2910167653682543,0.3332263585793753
"place, take",get,0.042,0.219,0.022,0.5238095238095237,2.3918243096325282,1.0,0.012801999999999997,1.6400999999999997,0.607420762953122,0.09205020920502091,0.3902810804219254,0.31213307240704496
"get, take",place,0.035,0.369,0.022,0.6285714285714284,1.70344560588463,1.0,0.009084999999999998,1.6988461538461532,0.42793217145548745,0.05759162303664921,0.4113651799864159,0.34409601238869525
"get, take",good,0.035,0.358,0.021,0.6,1.675977653631285,1.0,0.00847,1.605,0.4179620034542314,0.05645161290322581,0.37694704049844235,0.32932960893854746
"good, take",get,0.036,0.219,0.021,0.5833333333333334,2.6636225266362255,1.0,0.013116000000000003,1.8744000000000003,0.6478956727919384,0.08974358974358974,0.4664959453691849,0.33961187214611877
"place, take",time,0.042,0.273,0.021,0.5,1.8315018315018314,1.0,0.009533999999999999,1.454,0.4739039665970772,0.07142857142857144,0.312242090784044,0.28846153846153844
"take, time",place,0.035,0.369,0.021,0.6,1.6260162601626016,1.0,0.008085,1.5775,0.39896373056994816,0.05483028720626632,0.36608557844690964,0.3284552845528455
"good, take",one,0.036,0.224,0.022,0.6111111111111112,2.7281746031746033,1.0,0.013935999999999999,1.9954285714285718,0.6571105243304414,0.09243697478991596,0.49885452462772056,0.35466269841269843
"one, take",good,0.034,0.358,0.022,0.6470588235294117,1.8074268813670717,1.0,0.009827999999999998,1.8189999999999997,0.4624505928853755,0.059459459459459456,0.4502473886750961,0.35425566874794606
"place, take",one,0.042,0.224,0.021,0.5,2.232142857142857,1.0,0.011592,1.552,0.5762004175365344,0.08571428571428572,0.3556701030927835,0.296875
"one, take",place,0.034,0.369,0.021,0.6176470588235294,1.6738402678144428,1.0,0.008454000000000001,1.6503076923076925,0.41674060928719314,0.0549738219895288,0.39405239116248725,0.33727881396461024
"food, take",good,0.03,0.358,0.024,0.8,2.23463687150838,1.0,0.013260000000000001,3.210000000000001,0.5695876288659795,0.06593406593406594,0.6884735202492213,0.43351955307262574
"good, take",food,0.036,0.359,0.024,0.6666666666666667,1.8570102135561748,1.0,0.011076000000000003,1.9230000000000005,0.47873443983402497,0.06469002695417791,0.47997919916796683,0.3667595171773445
"place, take",good,0.042,0.358,0.023,0.5476190476190476,1.5296621441872837,1.0,0.007963999999999999,1.419157894736842,0.3614414087319597,0.061007957559681705,0.29535677199228594,0.30593242883745675
"good, take",place,0.036,0.369,0.023,0.638888888888889,1.7314062029509185,1.0,0.009716,1.7473846153846158,0.43821035540321135,0.06020942408376964,0.4277161472090158,0.350609756097561
small,place,0.056,0.369,0.034,0.6071428571428572,1.645373596593109,1.0,0.013336,1.6061818181818184,0.4155034895314058,0.08695652173913043,0.3774054788317864,0.3496418892760357
small,good,0.056,0.358,0.028,0.5,1.3966480446927374,1.0,0.007952,1.284,0.3008474576271187,0.07253886010362695,0.22118380062305298,0.28910614525139666
found,place,0.056,0.369,0.028,0.5,1.3550135501355014,1.0,0.007335999999999999,1.262,0.27754237288135586,0.07052896725440806,0.2076069730586371,0.287940379403794
pizza,good,0.055,0.358,0.028,0.5090909090909091,1.4220416455053329,1.0,0.008310000000000001,1.307777777777778,0.3140589569160998,0.07272727272727274,0.23534409515717938,0.29365159979685124
perfect,great,0.048,0.349,0.026,0.5416666666666666,1.5520534861509074,1.0,0.009248,1.4203636363636363,0.37362637362637363,0.07008086253369274,0.2959549411162314,0.3080826170009551
old,good,0.037,0.358,0.02,0.5405405405405406,1.5098897780462028,1.0,0.006754000000000001,1.397294117647059,0.3506749740394601,0.053333333333333344,0.28433106003199465,0.29820323116412506
"great, service",food,0.112,0.359,0.062,0.5535714285714286,1.541981695185038,1.0,0.021792,1.4358400000000002,0.39581517000871835,0.15158924205378974,0.30354357031424123,0.36313668921607645
"good, great, service",food,0.044,0.359,0.028,0.6363636363636365,1.7726006583945306,1.0,0.012204000000000003,1.7627500000000005,0.4559175134488943,0.07466666666666667,0.43270458091050934,0.3571790326664979
"place, service",food,0.104,0.359,0.064,0.6153846153846154,1.7141632740518535,1.0,0.026664000000000007,1.6666,0.46498325892857156,0.16040100250626568,0.39997599903996167,0.3968287979430041
"great, place, service",food,0.047,0.359,0.032,0.6808510638297872,1.8965210691637528,1.0,0.015127000000000002,2.0084666666666666,0.4960322665267577,0.08556149732620322,0.5021077438842234,0.3849937770402418
"food, place, service",great,0.064,0.349,0.032,0.5,1.4326647564469914,1.0,0.009664000000000002,1.302,0.3226495726495727,0.08398950131233596,0.2319508448540707,0.29584527220630374
"food, great, service",place,0.062,0.369,0.032,0.5161290322580645,1.3987236646560013,1.0,0.009122000000000002,1.3040666666666667,0.3039045842217485,0.08020050125313283,0.23316803844384232,0.3014249497333683
"good, place, service",food,0.048,0.359,0.028,0.5833333333333334,1.624883936861653,1.0,0.010768,1.5384000000000002,0.40396158463385357,0.07387862796833775,0.34997399895995845,0.3306638811513464
"good, service",food,0.115,0.359,0.066,0.5739130434782609,1.598643575148359,1.0,0.024715,1.5043877551020408,0.4231296010957028,0.16176470588235295,0.33527775893644446,0.3788785273101611
"food, order",good,0.054,0.358,0.029,0.5370370370370371,1.5001034554107182,1.0,0.009668000000000003,1.3867200000000002,0.35240941896916245,0.07571801566579636,0.2788738894657899,0.30902131181460796
"good, order",food,0.055,0.359,0.029,0.5272727272727273,1.468726259812611,1.0,0.009255000000000003,1.3559615384615387,0.3377120963327861,0.07532467532467534,0.262515955183662,0.30402633578121047
"order, place",food,0.054,0.359,0.03,0.5555555555555556,1.5475085112968123,1.0,0.010613999999999998,1.44225,0.3739957716701902,0.07832898172323759,0.30663893222395566,0.3195605075827917
"food, order",place,0.054,0.369,0.03,0.5555555555555556,1.5055706112616682,1.0,0.010074,1.41975,0.35496828752642706,0.07633587786259541,0.29565064271878855,0.31842818428184283
"order, service",food,0.04,0.359,0.025,0.625,1.7409470752089138,1.0,0.010640000000000002,1.7093333333333334,0.4433333333333334,0.06684491978609627,0.41497659906396256,0.3473189415041783
"order, service",time,0.04,0.273,0.023,0.575,2.106227106227106,1.0,0.012079999999999999,1.7105882352941175,0.5471014492753623,0.07931034482758621,0.41540577716643734,0.3296245421245421
"order, service",good,0.04,0.358,0.022,0.5499999999999999,1.536312849162011,1.0,0.007679999999999999,1.4266666666666665,0.36363636363636365,0.05851063829787235,0.2990654205607476,0.3057262569832402
"order, service",get,0.04,0.219,0.02,0.5,2.2831050228310503,1.0,0.01124,1.562,0.5854166666666667,0.08368200836820083,0.3597951344430218,0.295662100456621
"order, would",food,0.038,0.359,0.022,0.5789473684210527,1.6126667644040464,1.0,0.008357999999999999,1.522375,0.3949158949158949,0.05866666666666667,0.3431316200016422,0.3201143527342032
"order, would",time,0.038,0.273,0.022,0.5789473684210527,2.1206863312126467,1.0,0.011625999999999997,1.726625,0.5493290493290492,0.07612456747404844,0.4208354448707739,0.3297667245035666
"order, would",get,0.038,0.219,0.02,0.5263157894736842,2.403268445085316,1.0,0.011678000000000001,1.6487777777777777,0.606964656964657,0.08438818565400844,0.39349012736707323,0.3088199951934631
"food, order",time,0.054,0.273,0.028,0.5185185185185185,1.8993352326685657,1.0,0.013257999999999999,1.5099230769230767,0.5005285412262156,0.09364548494983278,0.3377146059401905,0.3105413105413105
"order, time",food,0.051,0.359,0.028,0.5490196078431373,1.5293025288109674,1.0,0.009691000000000002,1.4213478260869568,0.3647072105976216,0.07329842931937174,0.2964424459331315,0.31350701840624834
"good, order",time,0.055,0.273,0.03,0.5454545454545454,1.9980019980019976,1.0,0.014984999999999998,1.5993999999999997,0.5285714285714286,0.1006711409395973,0.3747655370764036,0.3276723276723276
"order, time",good,0.051,0.358,0.03,0.5882352941176471,1.6431153466973383,1.0,0.011742000000000002,1.5591428571428572,0.4124341412012646,0.07915567282321899,0.35862195345427894,0.33601708839960565
"order, time",place,0.051,0.369,0.026,0.5098039215686274,1.3815824432754131,1.0,0.007181,1.28724,0.2910350976736646,0.06598984771573604,0.22314409123395787,0.2901323130878367
"one, order",time,0.036,0.273,0.022,0.6111111111111112,2.2385022385022384,1.0,0.012171999999999999,1.8694285714285717,0.5739343643907959,0.07665505226480836,0.46507718172092316,0.34584859584859584
"one, order",good,0.036,0.358,0.023,0.638888888888889,1.7846058348851648,1.0,0.010112000000000001,1.7778461538461543,0.4560707198268087,0.0619946091644205,0.43752163378331616,0.35156734947237744
"one, order",place,0.036,0.369,0.021,0.5833333333333334,1.5808491418247517,1.0,0.007716000000000002,1.5144000000000002,0.3811499703615887,0.05468750000000001,0.3396724775488643,0.3201219512195122
"order, place",good,0.054,0.358,0.032,0.5925925925925926,1.6552865714876888,1.0,0.012668000000000002,1.5758181818181818,0.41847251585623685,0.08421052631578947,0.36540902272989495,0.3409890337264639
"good, order",place,0.055,0.369,0.032,0.5818181818181818,1.5767430401576743,1.0,0.011705,1.5089130434782607,0.3870701058201058,0.08163265306122448,0.3372712865581328,0.33426952451342695
"good, order",get,0.055,0.219,0.029,0.5272727272727273,2.4076380240763804,1.0,0.016955,1.6521153846153849,0.6186827221309981,0.1183673469387755,0.39471539983703885,0.32984640929846415
"get, order",good,0.05,0.358,0.029,0.58,1.6201117318435754,1.0,0.011100000000000002,1.5285714285714285,0.40290381125226865,0.07651715039577837,0.3457943925233644,0.3305027932960894
"get, order",place,0.05,0.369,0.026,0.5199999999999999,1.409214092140921,1.0,0.007549999999999998,1.314583333333333,0.3056680161943319,0.06615776081424937,0.23930269413629146,0.295230352303523
"get, order",time,0.05,0.273,0.025,0.5,1.8315018315018314,1.0,0.011349999999999999,1.454,0.4778947368421052,0.08389261744966443,0.312242090784044,0.2957875457875458
"get, order",food,0.05,0.359,0.025,0.5,1.392757660167131,1.0,0.007050000000000001,1.282,0.2968421052631579,0.06510416666666669,0.2199687987519501,0.2848189415041783
"back, order",good,0.037,0.358,0.025,0.6756756756756758,1.8873622225577535,1.0,0.011754000000000002,1.9795000000000007,0.4882242990654207,0.06756756756756759,0.4948219247284669,0.37275403895515635
"back, order",food,0.037,0.359,0.023,0.6216216216216216,1.7315365504780547,1.0,0.009717,1.6940714285714285,0.4387105512664229,0.06166219839142092,0.40970611797444867,0.3428442369946548
"back, order",time,0.037,0.273,0.021,0.5675675675675677,2.079002079002079,1.0,0.010899,1.6811875000000003,0.5389408099688473,0.0726643598615917,0.40518234878620035,0.3222453222453223
"back, order",get,0.037,0.219,0.02,0.5405405405405406,2.4682216463038382,1.0,0.011897000000000001,1.699823529411765,0.617705088265836,0.0847457627118644,0.4117036370557498,0.3159323707268913
"order, try",time,0.027,0.273,0.021,0.7777777777777778,2.849002849002849,1.0,0.013629,3.2715,0.6670092497430627,0.07526881720430108,0.6943298181262418,0.4273504273504274
"also, order",good,0.027,0.358,0.021,0.7777777777777778,2.1725636250775917,1.0,0.011334000000000002,2.8890000000000002,0.5546909411246514,0.057692307692307696,0.6538594669435791,0.41821849782743636
"like, order",get,0.032,0.219,0.021,0.65625,2.9965753424657535,1.0,0.013992000000000001,2.2720000000000002,0.6883116883116883,0.09130434782608696,0.5598591549295775,0.3760702054794521
long,time,0.07,0.273,0.035,0.5,1.8315018315018314,1.0,0.01589,1.454,0.4881720430107527,0.11363636363636363,0.312242090784044,0.3141025641025641
youre,place,0.045,0.369,0.028,0.6222222222222222,1.6862390846130684,1.0,0.011395000000000002,1.670294117647059,0.42614061331338826,0.07253886010362695,0.40130304631097025,0.34905149051490514
wine,food,0.041,0.359,0.022,0.5365853658536585,1.4946667572525305,1.0,0.007280999999999999,1.3832105263157892,0.34510380130818086,0.058201058201058205,0.2770442525018073,0.2989333514505061
wine,good,0.041,0.358,0.024,0.5853658536585366,1.6351001498841804,1.0,0.009322,1.5483529411764705,0.4050225929787974,0.06400000000000002,0.35415242002887315,0.326202479901894
"delicious, food",place,0.06,0.369,0.031,0.5166666666666667,1.4001806684733515,1.0,0.00886,1.3055172413793106,0.30404941660947155,0.0778894472361809,0.2340200739566826,0.3003387533875339
"delicious, place",food,0.059,0.359,0.031,0.5254237288135594,1.4635758462773243,1.0,0.009819000000000001,1.3506785714285716,0.33660141921771625,0.08010335917312661,0.25963140220524084,0.30588735187196076
"delicious, service",food,0.048,0.359,0.026,0.5416666666666666,1.5088207985143918,1.0,0.008767999999999998,1.3985454545454545,0.3542340012928248,0.06824146981627296,0.2849713988559542,0.3070450324976787
"delicious, great",food,0.047,0.359,0.026,0.5531914893617021,1.5409233686955492,1.0,0.009127,1.4346190476190477,0.36835095649366373,0.06842105263157895,0.3029508414379129,0.3128074438451965
"delicious, great",place,0.047,0.369,0.025,0.5319148936170213,1.441503776739895,1.0,0.007657000000000001,1.3480454545454545,0.3213850996852047,0.0639386189258312,0.25818525137404325,0.2998327855618982
"back, delicious",food,0.038,0.359,0.022,0.5789473684210527,1.6126667644040464,1.0,0.008357999999999999,1.522375,0.3949158949158949,0.05866666666666667,0.3431316200016422,0.3201143527342032
"delicious, good",food,0.051,0.359,0.028,0.5490196078431373,1.5293025288109674,1.0,0.009691000000000002,1.4213478260869568,0.3647072105976216,0.07329842931937174,0.2964424459331315,0.31350701840624834
"always, place",great,0.045,0.349,0.023,0.5111111111111111,1.4645017510347023,1.0,0.007295000000000003,1.331590909090909,0.33211928067379937,0.0619946091644205,0.2490186038573135,0.28850684495383633
"always, great",place,0.046,0.369,0.023,0.5,1.3550135501355014,1.0,0.006026,1.262,0.2746331236897275,0.058673469387755105,0.2076069730586371,0.28116531165311653
"always, food",place,0.044,0.369,0.022,0.5,1.3550135501355014,1.0,0.005763999999999998,1.262,0.27405857740585765,0.05626598465473146,0.2076069730586371,0.279810298102981
"always, food",service,0.044,0.28,0.022,0.5,1.7857142857142856,1.0,0.009679999999999998,1.44,0.4602510460251045,0.0728476821192053,0.3055555555555555,0.28928571428571426
"always, service",food,0.039,0.359,0.022,0.5641025641025641,1.5713163345475323,1.0,0.007999,1.4705294117647059,0.37834641944943714,0.05851063829787235,0.31997279891195646,0.3126919505749589
"always, service",great,0.039,0.349,0.021,0.5384615384615385,1.542869737712145,1.0,0.0073890000000000015,1.4105000000000003,0.36613646499182406,0.0572207084468665,0.2910315490960654,0.2993167291161561
"always, get",time,0.039,0.273,0.022,0.5641025641025641,2.0663097586174506,1.0,0.011352999999999999,1.6678235294117647,0.5369879859994324,0.07586206896551724,0.40041618170916654,0.3223443223443223
"always, time",get,0.041,0.219,0.022,0.5365853658536585,2.4501614879162488,1.0,0.013020999999999998,1.6853157894736839,0.6171675040288178,0.09243697478991596,0.40663939289841033,0.31852099342911233
"always, get",place,0.039,0.369,0.022,0.5641025641025641,1.5287332360503092,1.0,0.0076089999999999994,1.4475882352941176,0.35989972566455397,0.05699481865284974,0.30919582266650414,0.3118615801542631
"always, food",good,0.044,0.358,0.023,0.5227272727272727,1.4601320467242256,1.0,0.007248000000000001,1.3451428571428572,0.32963434600691294,0.060686015831134574,0.25658453695836875,0.2934865413915693
"always, good",food,0.041,0.359,0.023,0.5609756097560975,1.562606155309464,1.0,0.008281,1.4600555555555554,0.37543636940653763,0.061007957559681705,0.3150945550017122,0.3125212310618928
thing,place,0.105,0.369,0.063,0.6,1.6260162601626016,1.0,0.024255000000000006,1.5775,0.4301675977653632,0.15328467153284672,0.36608557844690964,0.3853658536585366
"great, thing",place,0.045,0.369,0.026,0.5777777777777777,1.5657934357121348,1.0,0.009395,1.4944736842105262,0.37837293596455907,0.06701030927835051,0.33086811058284904,0.32411924119241187
"food, thing",place,0.039,0.369,0.027,0.6923076923076923,1.876172607879925,1.0,0.012609,2.05075,0.485952133194589,0.07086614173228348,0.5123735218822382,0.38273921200750466
"food, thing",great,0.039,0.349,0.02,0.5128205128205129,1.4693997502020428,1.0,0.006389000000000001,1.336263157894737,0.33241415192507806,0.054347826086956534,0.25164441293473566,0.28506355153919627
"food, thing",good,0.039,0.358,0.022,0.5641025641025641,1.5757054863200115,1.0,0.008038,1.4728235294117646,0.3801910888279255,0.05866666666666667,0.32103203131240515,0.31277753903452227
"back, thing",place,0.034,0.369,0.023,0.676470588235294,1.8332536266539134,1.0,0.010454,1.9503636363636359,0.4705193986857503,0.060526315789473685,0.4872751002144121,0.36940060577076356
"thing, would",back,0.04,0.212,0.021,0.525,2.476415094339623,1.0,0.012520000000000002,1.6589473684210527,0.621031746031746,0.09090909090909091,0.3972081218274112,0.3120283018867925
"back, thing",would,0.034,0.207,0.021,0.6176470588235294,2.98380221653879,1.0,0.013962000000000002,2.0740000000000003,0.6882579118603964,0.09545454545454546,0.5178399228543877,0.35954816709292414
"like, thing",back,0.039,0.212,0.02,0.5128205128205129,2.418964683115627,1.0,0.011732000000000001,1.6174736842105266,0.6104058272632674,0.08658008658008658,0.3817519198229859,0.30358006773101115
"back, thing",like,0.034,0.209,0.02,0.5882352941176471,2.814522938361948,1.0,0.012894,1.9210000000000003,0.667391304347826,0.08968609865470852,0.4794377928162416,0.3419645370109766
"good, thing",place,0.048,0.369,0.031,0.6458333333333334,1.7502258355916893,1.0,0.013288000000000001,1.7816470588235296,0.45025752236378425,0.08031088082901554,0.43872160591653464,0.36492208672086723
"thing, time",place,0.044,0.369,0.03,0.6818181818181819,1.8477457501847747,1.0,0.013763999999999998,1.9831428571428575,0.4799163179916318,0.07832898172323759,0.4957498919464055,0.381559497413156
"good, thing",time,0.048,0.273,0.024,0.5,1.8315018315018314,1.0,0.010896,1.454,0.476890756302521,0.08080808080808081,0.312242090784044,0.29395604395604397
"thing, time",good,0.044,0.358,0.024,0.5454545454545455,1.5236160487557138,1.0,0.008248000000000002,1.4124000000000003,0.3594839609483962,0.0634920634920635,0.2919852732936846,0.3062468257998985
"one, thing",place,0.042,0.369,0.026,0.619047619047619,1.6776358239772873,1.0,0.010501999999999997,1.6563749999999997,0.421631604303838,0.06753246753246754,0.39627197947324716,0.34475416182733254
"thing, time",one,0.044,0.224,0.025,0.5681818181818182,2.5365259740259742,1.0,0.015144000000000001,1.7970526315789477,0.6336401673640167,0.10288065843621398,0.44353327085285854,0.33989448051948057
"one, thing",time,0.042,0.273,0.025,0.5952380952380952,2.1803593232164658,1.0,0.013534,1.7961176470588234,0.5650939457202505,0.08620689655172414,0.4432435973013689,0.3434065934065934
"one, thing",good,0.042,0.358,0.022,0.5238095238095237,1.4631550944400105,1.0,0.006963999999999998,1.3481999999999998,0.3304232302144619,0.058201058201058205,0.25827028630766935,0.2926310188880021
"thing, would",place,0.04,0.369,0.03,0.75,2.032520325203252,1.0,0.015239999999999998,2.524,0.5291666666666667,0.07915567282321899,0.6038034865293186,0.41565040650406504
"one, thing",would,0.042,0.207,0.023,0.5476190476190476,2.645502645502645,1.0,0.014306,1.7529473684210526,0.6492693110647182,0.10176991150442477,0.42953221641746225,0.32936507936507936
"thing, would",one,0.04,0.224,0.023,0.575,2.5669642857142856,1.0,0.014039999999999999,1.8258823529411763,0.6358695652173912,0.0954356846473029,0.4523195876288659,0.3388392857142857
"thing, time",would,0.044,0.207,0.023,0.5227272727272727,2.525252525252525,1.0,0.013892,1.6615238095238096,0.6317991631799164,0.10087719298245613,0.3981428407657916,0.31691919191919193
"thing, would",time,0.04,0.273,0.023,0.575,2.106227106227106,1.0,0.012079999999999999,1.7105882352941175,0.5471014492753623,0.07931034482758621,0.41540577716643734,0.3296245421245421
"thing, would",good,0.04,0.358,0.02,0.5,1.3966480446927374,1.0,0.005680000000000001,1.284,0.2958333333333334,0.05291005291005292,0.22118380062305298,0.2779329608938548
"restaurant, thing",food,0.029,0.359,0.02,0.689655172413793,1.9210450485063875,1.0,0.009589,2.065444444444444,0.49376930998970137,0.05434782608695653,0.5158427026736241,0.37268273941023916
"food, thing",restaurant,0.039,0.136,0.02,0.5128205128205129,3.7707390648567123,1.0,0.014696,1.7734736842105265,0.7646201873048908,0.1290322580645161,0.43613485280151953,0.32993966817496234
"make, thing",place,0.025,0.369,0.022,0.8799999999999999,2.384823848238482,1.0,0.012774999999999998,5.258333333333328,0.5955710955710956,0.059139784946236555,0.8098256735340728,0.46981029810298097
"like, thing",place,0.039,0.369,0.027,0.6923076923076923,1.876172607879925,1.0,0.012609,2.05075,0.485952133194589,0.07086614173228348,0.5123735218822382,0.38273921200750466
"like, thing",one,0.039,0.224,0.022,0.5641025641025641,2.5183150183150182,1.0,0.013263999999999998,1.7802352941176471,0.6273767855453599,0.09128630705394189,0.43827650013217023,0.3311584249084249
"one, thing",like,0.042,0.209,0.022,0.5238095238095237,2.506265664160401,1.0,0.013222,1.6610999999999998,0.6273486430062631,0.09606986899563318,0.39798928420925883,0.3145363408521303
"like, thing",good,0.039,0.358,0.02,0.5128205128205129,1.4324595330181924,1.0,0.006038000000000002,1.3177894736842108,0.3141519250780438,0.053050397877984094,0.2411534467609235,0.2843432173041112
"like, thing",would,0.039,0.207,0.021,0.5384615384615385,2.601263470828689,1.0,0.012927000000000001,1.718166666666667,0.6405529953917051,0.09333333333333334,0.41798428557571066,0.3199554069119287
"thing, would",like,0.04,0.209,0.021,0.525,2.5119617224880386,1.0,0.012640000000000002,1.665263157894737,0.6269841269841271,0.09210526315789475,0.39949431099873584,0.31273923444976076
"get, thing",place,0.035,0.369,0.022,0.6285714285714284,1.70344560588463,1.0,0.009084999999999998,1.6988461538461532,0.42793217145548745,0.05759162303664921,0.4113651799864159,0.34409601238869525
"get, thing",good,0.035,0.358,0.02,0.5714285714285714,1.596169193934557,1.0,0.007469999999999999,1.498,0.38704663212435225,0.05361930294906166,0.3324432576769025,0.3136472466081405
"go, thing",place,0.033,0.369,0.024,0.7272727272727273,1.970928800197093,1.0,0.011823,2.3136666666666668,0.5094364012409515,0.06349206349206349,0.5677856216683476,0.3961566888396157
"really, thing",one,0.032,0.224,0.022,0.6875,3.0691964285714284,1.0,0.014831999999999998,2.4832,0.6964688204357625,0.094017094017094,0.5972938144329897,0.39285714285714285
"one, thing",really,0.042,0.182,0.022,0.5238095238095237,2.878074306645735,1.0,0.014355999999999997,1.7177999999999998,0.6811539191497438,0.1089108910891089,0.41786005355687494,0.3223443223443223
"really, thing",place,0.032,0.369,0.022,0.6875,1.8631436314363143,1.0,0.010191999999999998,2.0192,0.47858752817430494,0.058047493403693924,0.5047543581616482,0.373560298102981
"really, thing",like,0.032,0.209,0.02,0.625,2.9904306220095696,1.0,0.013312000000000001,2.1093333333333333,0.6876033057851241,0.09049773755656108,0.5259165613147915,0.36034688995215314
"like, thing",really,0.039,0.182,0.02,0.5128205128205129,2.8176951253874334,1.0,0.012902,1.6790526315789478,0.6712799167533818,0.09950248756218905,0.404426054792803,0.3113553113553114
still,place,0.086,0.369,0.047,0.5465116279069768,1.4810613222411297,1.0,0.015266000000000002,1.3914358974358978,0.3553703617486848,0.11519607843137256,0.2813179523089966,0.336941450809857
still,good,0.086,0.358,0.05,0.5813953488372093,1.624009354293881,1.0,0.019212000000000007,1.5336666666666667,0.42039387308533926,0.1269035532994924,0.3479678330797653,0.36053007665324155
"place, still",good,0.047,0.358,0.025,0.5319148936170213,1.4857957922263165,1.0,0.008174,1.3715454545454546,0.3430849947534103,0.06578947368421054,0.27089547292370914,0.30087364792582905
"good, still",place,0.05,0.369,0.025,0.5,1.3550135501355014,1.0,0.00655,1.262,0.27578947368421053,0.0634517766497462,0.2076069730586371,0.28387533875338755
"place, still",food,0.047,0.359,0.024,0.5106382978723404,1.4223908018728144,1.0,0.007127000000000001,1.3098695652173913,0.3116037075900665,0.06282722513089006,0.23656520728914257,0.28874533278018133
"food, still",place,0.039,0.369,0.024,0.6153846153846154,1.6677089847821556,1.0,0.009609000000000001,1.6406,0.41662330905306977,0.06250000000000001,0.3904669023527978,0.34021263289555975
"food, still",good,0.039,0.358,0.026,0.6666666666666666,1.86219739292365,1.0,0.012038,1.926,0.48178980228928203,0.07008086253369274,0.4807892004153686,0.3696461824953445
"good, still",food,0.05,0.359,0.026,0.5199999999999999,1.448467966573816,1.0,0.008049999999999998,1.3354166666666665,0.32591093117408904,0.06788511749347259,0.25117004680187194,0.29621169916434537
"place, still",would,0.047,0.207,0.024,0.5106382978723404,2.466851680542707,1.0,0.014271,1.6204782608695651,0.6239506820566632,0.10434782608695652,0.38289823186928174,0.3132901634289238
"still, would",place,0.037,0.369,0.024,0.6486486486486487,1.757855416392002,1.0,0.010347000000000002,1.7959230769230772,0.4476895119418485,0.06282722513089006,0.44318327836552884,0.3568446495275764
"still, would",good,0.037,0.358,0.024,0.6486486486486487,1.8118677336554434,1.0,0.010754000000000001,1.8272307692307694,0.46529941156109383,0.06469002695417791,0.4527237517891724,0.35784387739695006
"food, still",would,0.039,0.207,0.02,0.5128205128205129,2.477393781741608,1.0,0.011927,1.6277368421052634,0.6205515088449531,0.08849557522123894,0.3856500792188057,0.3047194351542178
"still, would",food,0.037,0.359,0.02,0.5405405405405406,1.505683956937439,1.0,0.006717000000000001,1.3951176470588236,0.34875389408099694,0.053191489361702135,0.28321457182611637,0.2981254234736129
"place, still",time,0.047,0.273,0.024,0.5106382978723404,1.8704699555763382,1.0,0.011169,1.4856086956521737,0.48832633788037777,0.08108108108108109,0.32687523778863875,0.29927519289221416
"still, time",place,0.037,0.369,0.024,0.6486486486486487,1.757855416392002,1.0,0.010347000000000002,1.7959230769230772,0.4476895119418485,0.06282722513089006,0.44318327836552884,0.3568446495275764
"still, time",good,0.037,0.358,0.022,0.5945945945945946,1.6608787558508231,1.0,0.008754,1.5836000000000001,0.4131973945058058,0.05898123324396783,0.3685274059105835,0.32802355428053753
"like, still",time,0.038,0.273,0.02,0.5263157894736842,1.9278966647387699,1.0,0.009626,1.5347777777777776,0.5003118503118502,0.06872852233676977,0.3484398754796206,0.2997879313668787
"still, time",like,0.037,0.209,0.02,0.5405405405405406,2.58631837579206,1.0,0.012267,1.7215882352941179,0.6369158878504673,0.08849557522123894,0.4191410120613661,0.3181171602224234
"good, still",one,0.05,0.224,0.025,0.5,2.232142857142857,1.0,0.0138,1.552,0.5810526315789474,0.10040160642570281,0.3556701030927835,0.30580357142857145
"one, still",good,0.036,0.358,0.025,0.6944444444444445,1.9397889509621355,1.0,0.012112000000000003,2.10109090909091,0.5025726141078839,0.06775067750677509,0.5240567670474214,0.38213842333954073
"place, still",one,0.047,0.224,0.024,0.5106382978723404,2.2796352583586623,1.0,0.013472,1.5857391304347825,0.5890171388597412,0.097165991902834,0.3693792498354902,0.30889057750759874
"one, still",place,0.036,0.369,0.024,0.6666666666666667,1.806684733514002,1.0,0.010716000000000002,1.8930000000000005,0.46317427385892124,0.06299212598425198,0.4717379820390915,0.3658536585365854
"get, still",place,0.034,0.369,0.023,0.676470588235294,1.8332536266539134,1.0,0.010454,1.9503636363636359,0.4705193986857503,0.060526315789473685,0.4872751002144121,0.36940060577076356
"get, still",time,0.034,0.273,0.022,0.6470588235294117,2.3701788407670756,1.0,0.012717999999999997,2.0598333333333327,0.5984377940899679,0.07719298245614034,0.5145238287887368,0.3638224520577461
"still, time",get,0.037,0.219,0.022,0.5945945945945946,2.715043810934222,1.0,0.013897,1.926466666666667,0.6559520438025112,0.094017094017094,0.4809149738727204,0.3475256077995804
"get, still",good,0.034,0.358,0.021,0.6176470588235294,1.7252711140322052,1.0,0.008828,1.6790769230769231,0.43517696933846,0.05660377358490566,0.4044346710646876,0.3381531383503122
"like, still",good,0.038,0.358,0.027,0.7105263157894737,1.9847103793002059,1.0,0.013396,2.2178181818181817,0.5157465157465158,0.07317073170731708,0.5491064108870306,0.39297265510144075
"good, still",like,0.05,0.209,0.027,0.5399999999999999,2.5837320574162677,1.0,0.01655,1.719565217391304,0.645224171539961,0.11637931034482758,0.41845764854614403,0.33459330143540666
"like, still",place,0.038,0.369,0.021,0.5526315789473685,1.4976465554129228,1.0,0.0069780000000000016,1.4104705882352944,0.3454113454113455,0.05440414507772022,0.2910167653682543,0.30477107402652975
"first, still",good,0.025,0.358,0.02,0.7999999999999999,2.2346368715083798,1.0,0.01105,3.209999999999999,0.5666666666666668,0.05509641873278237,0.688473520249221,0.42793296089385474
"place, say",good,0.04,0.358,0.021,0.525,1.4664804469273744,1.0,0.006680000000000002,1.3515789473684212,0.33134920634920645,0.0557029177718833,0.26012461059190034,0.2918296089385475
"good, say",place,0.041,0.369,0.021,0.5121951219512195,1.388062661114416,1.0,0.005871000000000001,1.29355,0.29152390883360646,0.053984575835475584,0.22693363225232888,0.2845528455284553
"food, say",service,0.033,0.28,0.02,0.6060606060606061,2.1645021645021645,1.0,0.010759999999999999,1.8276923076923077,0.5563598759048604,0.068259385665529,0.45286195286195285,0.33874458874458874
"say, service",food,0.034,0.359,0.02,0.5882352941176471,1.6385384237260365,1.0,0.007794000000000001,1.5567142857142857,0.403416149068323,0.05361930294906166,0.35762136367807656,0.3219728002621662
"say, thing",place,0.029,0.369,0.02,0.689655172413793,1.86898420708345,1.0,0.009299,2.033222222222222,0.47883625128733265,0.052910052910052914,0.5081698453467401,0.3719278572096065
"place, say",thing,0.04,0.105,0.02,0.5,4.761904761904762,1.0,0.0158,1.79,0.8229166666666669,0.16000000000000003,0.44134078212290506,0.34523809523809523
"like, say",would,0.038,0.207,0.02,0.5263157894736842,2.5425883549453343,1.0,0.012134,1.674111111111111,0.6306652806652807,0.08888888888888889,0.402668082564545,0.31146707348080344
"say, would",like,0.036,0.209,0.02,0.5555555555555556,2.658160552897395,1.0,0.012476000000000001,1.7797500000000002,0.6470954356846474,0.08888888888888889,0.4381233319286417,0.32562466772993093
"place, say",like,0.04,0.209,0.023,0.575,2.751196172248804,1.0,0.01464,1.8611764705882352,0.6630434782608696,0.10176991150442477,0.46270543615676357,0.34252392344497606
"like, say",place,0.038,0.369,0.023,0.6052631578947368,1.6402795606903438,1.0,0.008978,1.5985333333333334,0.40576697098436226,0.05989583333333334,0.37442655767787136,0.33379689060048495
"like, say",good,0.038,0.358,0.02,0.5263157894736842,1.4701558365186709,1.0,0.006396000000000001,1.3553333333333333,0.3324324324324325,0.053191489361702135,0.26217412690605013,0.29109085563069687
"get, say",good,0.035,0.358,0.022,0.6285714285714284,1.7557861133280126,1.0,0.009469999999999998,1.7284615384615378,0.44606688648139414,0.05929919137466307,0.421450823319982,0.34501197126895444
"good, say",get,0.041,0.219,0.022,0.5365853658536585,2.4501614879162488,1.0,0.013020999999999998,1.6853157894736839,0.6171675040288178,0.09243697478991596,0.40663939289841033,0.31852099342911233
"like, say",get,0.038,0.219,0.02,0.5263157894736842,2.403268445085316,1.0,0.011678000000000001,1.6487777777777777,0.606964656964657,0.08438818565400844,0.39349012736707323,0.3088199951934631
"get, say",like,0.035,0.209,0.02,0.5714285714285714,2.734107997265892,1.0,0.012685,1.8456666666666666,0.6572538860103626,0.08928571428571429,0.458190355788333,0.33356117566643884
"place, say",get,0.04,0.219,0.02,0.5,2.2831050228310503,1.0,0.01124,1.562,0.5854166666666667,0.08368200836820083,0.3597951344430218,0.295662100456621
"get, say",place,0.035,0.369,0.02,0.5714285714285714,1.5485869144405728,1.0,0.007084999999999999,1.4723333333333333,0.36709844559585486,0.052083333333333336,0.32080597690740315,0.3128145567169957
"get, say",would,0.035,0.207,0.02,0.5714285714285714,2.7605244996549345,1.0,0.012754999999999999,1.8503333333333334,0.6608808290155439,0.09009009009009009,0.4595568366060169,0.33402346445824704
"say, would",get,0.036,0.219,0.02,0.5555555555555556,2.5367833587011672,1.0,0.012116000000000002,1.7572500000000002,0.6284232365145229,0.0851063829787234,0.43092900839379716,0.3234398782343988
"go, say",place,0.028,0.369,0.02,0.7142857142857143,1.9357336430507164,1.0,0.009668,2.2085000000000004,0.49732510288065845,0.05305039787798409,0.5472039846049355,0.38424312814556716
"place, say",go,0.04,0.2,0.02,0.5,2.5,1.0,0.012,1.6,0.6250000000000001,0.0909090909090909,0.37499999999999994,0.3
meal,food,0.065,0.359,0.037,0.5692307692307692,1.5856010284979645,1.0,0.013664999999999997,1.4880357142857141,0.3949992773522184,0.09560723514211886,0.32797311892475695,0.33614741804156845
meal,place,0.065,0.369,0.036,0.5538461538461538,1.5009380863039397,1.0,0.012014999999999998,1.414310344827586,0.35695187165775394,0.09045226130653265,0.2929416067292453,0.3257035647279549
meal,service,0.065,0.28,0.033,0.5076923076923077,1.813186813186813,1.0,0.0148,1.4625,0.47966293955598766,0.10576923076923075,0.31623931623931617,0.3127747252747253
meal,good,0.065,0.358,0.039,0.6,1.675977653631285,1.0,0.01573,1.605,0.4313725490196078,0.1015625,0.37694704049844235,0.35446927374301673
"food, meal",good,0.037,0.358,0.02,0.5405405405405406,1.5098897780462028,1.0,0.006754000000000001,1.397294117647059,0.3506749740394601,0.053333333333333344,0.28433106003199465,0.29820323116412506
"good, meal",food,0.039,0.359,0.02,0.5128205128205129,1.4284693950432115,1.0,0.005999000000000001,1.3157368421052633,0.31212278876170657,0.05291005291005292,0.23996959878395147,0.2842654096135991
"meal, place",food,0.036,0.359,0.023,0.638888888888889,1.7796347879913341,1.0,0.010076000000000002,1.7750769230769234,0.45444705033375443,0.06182795698924732,0.43664413243196404,0.3514778706282885
"food, meal",place,0.037,0.369,0.023,0.6216216216216216,1.6846114407090016,1.0,0.009347000000000001,1.667642857142857,0.42200550814935217,0.060052219321148834,0.4003512228551848,0.34197612246392733
"meal, place",good,0.036,0.358,0.023,0.638888888888889,1.7846058348851648,1.0,0.010112000000000001,1.7778461538461543,0.4560707198268087,0.0619946091644205,0.43752163378331616,0.35156734947237744
"good, meal",place,0.039,0.369,0.023,0.5897435897435898,1.5982211104162325,1.0,0.008609,1.5380625,0.3894946387368231,0.059740259740259746,0.34983136250965097,0.3260371065249114
"food, meal",service,0.037,0.28,0.021,0.5675675675675677,2.027027027027027,1.0,0.01064,1.6650000000000003,0.5261336102457598,0.07094594594594596,0.3993993993993995,0.3212837837837838
"meal, service",food,0.033,0.359,0.021,0.6363636363636364,1.7726006583945304,1.0,0.009153000000000001,1.76275,0.4507312749298272,0.05660377358490566,0.4327045809105091,0.34742972904532793
"food, nice",good,0.048,0.358,0.031,0.6458333333333334,1.804003724394786,1.0,0.013815999999999998,1.8127058823529414,0.4681485497424776,0.08266666666666667,0.44833852544132924,0.36621275605214154
"food, nice",place,0.048,0.369,0.031,0.6458333333333334,1.7502258355916893,1.0,0.013288000000000001,1.7816470588235296,0.45025752236378425,0.08031088082901554,0.43872160591653464,0.36492208672086723
"food, nice, place",good,0.031,0.358,0.022,0.7096774193548386,1.9823391602090465,1.0,0.010901999999999998,2.2113333333333327,0.5113988179003659,0.05994550408719346,0.5477841422972565,0.38556496666065954
"food, good, nice",place,0.031,0.369,0.022,0.7096774193548386,1.9232450389020017,1.0,0.010561,2.173444444444444,0.4954029458673422,0.0582010582010582,0.5399008230663053,0.38464900778040034
"good, nice, place",food,0.043,0.359,0.022,0.5116279069767442,1.4251473731942736,1.0,0.006563000000000001,1.3125238095238096,0.3117222380545266,0.05789473684210527,0.23810905924609083,0.28645462201204897
"go, nice",good,0.039,0.358,0.02,0.5128205128205129,1.4324595330181924,1.0,0.006038000000000002,1.3177894736842108,0.3141519250780438,0.053050397877984094,0.2411534467609235,0.2843432173041112
"go, nice",place,0.039,0.369,0.025,0.6410256410256411,1.7371968591480789,1.0,0.010609000000000002,1.7577857142857145,0.44158168574401674,0.06527415143603134,0.4311024421959447,0.3543881592662081
"go, nice",back,0.039,0.212,0.02,0.5128205128205129,2.418964683115627,1.0,0.011732000000000001,1.6174736842105266,0.6104058272632674,0.08658008658008658,0.3817519198229859,0.30358006773101115
"nice, place",good,0.069,0.358,0.043,0.6231884057971013,1.7407497368634115,1.0,0.018297999999999995,1.7037692307692303,0.45707291484525253,0.11197916666666666,0.41306605264346,0.37165006882033835
"good, nice",place,0.07,0.369,0.043,0.6142857142857142,1.6647309330236157,1.0,0.017169999999999994,1.6359259259259256,0.42935733933483367,0.10858585858585858,0.3887253792166628,0.36540843979868365
"nice, would",place,0.042,0.369,0.024,0.5714285714285714,1.5485869144405728,1.0,0.008502,1.4723333333333333,0.36978079331941544,0.062015503875969,0.32080597690740315,0.31823461091753774
"nice, would",good,0.042,0.358,0.024,0.5714285714285714,1.596169193934557,1.0,0.008964,1.498,0.38987473903966596,0.06382978723404256,0.3324432576769025,0.3192338387869114
"like, nice",place,0.04,0.369,0.024,0.6,1.6260162601626016,1.0,0.00924,1.5775,0.4010416666666667,0.062337662337662345,0.36608557844690964,0.33252032520325203
"like, nice",good,0.04,0.358,0.024,0.6,1.675977653631285,1.0,0.009680000000000001,1.605,0.42013888888888895,0.06417112299465241,0.37694704049844235,0.3335195530726257
"great, nice",place,0.051,0.369,0.03,0.5882352941176471,1.5941335883947076,1.0,0.011181,1.5324285714285715,0.3927291886195996,0.07692307692307691,0.3474410366365247,0.3347680535628886
"great, nice",good,0.051,0.358,0.027,0.5294117647058824,1.4788038120276044,1.0,0.008742000000000003,1.36425,0.3411778480271632,0.07068062827225131,0.26699651823346165,0.3024153795596451
"nice, really",good,0.043,0.358,0.03,0.6976744186046512,1.948811225152657,1.0,0.014606000000000001,2.1235384615384616,0.5087425983977708,0.08086253369272237,0.5290878794464972,0.3907366506431077
"nice, really",place,0.043,0.369,0.027,0.627906976744186,1.7016449234259785,1.0,0.011133,1.6958125,0.4308603274120516,0.07012987012987014,0.4103121659971253,0.35053885422575154
"nice, place, really",good,0.027,0.358,0.022,0.8148148148148148,2.276019035795572,1.0,0.012334,3.466799999999999,0.5761935905820799,0.06060606060606061,0.7115495557863158,0.4381336643906476
"good, nice, place",really,0.043,0.182,0.022,0.5116279069767442,2.811142346026067,1.0,0.014173999999999999,1.6749523809523812,0.6732212406193598,0.10837438423645321,0.4029681014385626,0.31625351392793255
"good, nice, really",place,0.03,0.369,0.022,0.7333333333333333,1.9873532068654018,1.0,0.010929999999999999,2.3662499999999995,0.5121836925960638,0.05835543766578249,0.577390385631273,0.39647696476964767
"nice, really","good, place",0.043,0.158,0.022,0.5116279069767442,3.2381513099793935,1.0,0.015205999999999999,1.7240952380952381,0.7222380545264558,0.12290502793296088,0.4199856377396012,0.32543420665292905
"back, nice",place,0.041,0.369,0.024,0.5853658536585366,1.5863573269879039,1.0,0.008871,1.5218235294117646,0.3854275286757039,0.062176165803108814,0.3428935874144795,0.3252032520325203
"back, nice",good,0.041,0.358,0.023,0.5609756097560975,1.5669709769723394,1.0,0.008322,1.4623333333333333,0.37729518973568477,0.06117021276595745,0.3161613859129245,0.3126107099059817
"nice, one",place,0.04,0.369,0.024,0.6,1.6260162601626016,1.0,0.00924,1.5775,0.4010416666666667,0.062337662337662345,0.36608557844690964,0.33252032520325203
"nice, one",good,0.04,0.358,0.022,0.5499999999999999,1.536312849162011,1.0,0.007679999999999999,1.4266666666666665,0.36363636363636365,0.05851063829787235,0.2990654205607476,0.3057262569832402
"also, nice",place,0.038,0.369,0.025,0.6578947368421053,1.7829125659677652,1.0,0.010978000000000002,1.8444615384615388,0.4564656964656965,0.06544502617801048,0.4578363499874886,0.3628227071744402
"also, nice",good,0.038,0.358,0.022,0.5789473684210527,1.6171714201705383,1.0,0.008395999999999999,1.52475,0.39671139671139666,0.05882352941176471,0.34415477947204465,0.32019994119376655
"also, nice",one,0.038,0.224,0.021,0.5526315789473685,2.467105263157895,1.0,0.012488,1.734588235294118,0.6181566181566182,0.08713692946058091,0.42349430276722744,0.32319078947368424
"nice, one",also,0.04,0.155,0.021,0.525,3.3870967741935485,1.0,0.0148,1.7789473684210526,0.7341269841269842,0.12068965517241378,0.4378698224852071,0.330241935483871
"nice, time",place,0.045,0.369,0.025,0.5555555555555556,1.5055706112616682,1.0,0.008395000000000003,1.41975,0.3516230366492148,0.06426735218508998,0.29565064271878855,0.31165311653116534
"nice, time",good,0.045,0.358,0.024,0.5333333333333333,1.48975791433892,1.0,0.007890000000000001,1.3757142857142857,0.3442408376963351,0.0633245382585752,0.2731048805815161,0.3001862197392924
chicken,food,0.081,0.359,0.048,0.5925925925925926,1.6506757453832663,1.0,0.018921,1.5733636363636363,0.4289309031556039,0.12244897959183673,0.3644190212052926,0.36314866398431855
chicken,good,0.081,0.358,0.042,0.5185185185185185,1.4483757500517276,1.0,0.013002000000000003,1.3333846153846154,0.3368568319602052,0.10579345088161209,0.25002884504442136,0.31791847713635424
"chicken, place",good,0.04,0.358,0.025,0.625,1.7458100558659218,1.0,0.010680000000000002,1.712,0.44500000000000006,0.0670241286863271,0.4158878504672897,0.3474162011173184
"chicken, good",place,0.042,0.369,0.025,0.5952380952380952,1.6131113692089303,1.0,0.009502,1.5589411764705883,0.39674321503131527,0.06476683937823835,0.35853897819032526,0.33149438637243517
"chicken, place",food,0.04,0.359,0.024,0.6,1.6713091922005572,1.0,0.009640000000000001,1.6025,0.41840277777777785,0.06400000000000002,0.37597503900156004,0.3334261838440111
"chicken, food",place,0.048,0.369,0.024,0.5,1.3550135501355014,1.0,0.006288000000000002,1.262,0.2752100840336135,0.06106870229007634,0.2076069730586371,0.28252032520325204
"chicken, food",good,0.048,0.358,0.027,0.5625,1.5712290502793296,1.0,0.009815999999999998,1.4674285714285715,0.3818860877684407,0.0712401055408971,0.31853582554517135,0.3189594972067039
"chicken, good",food,0.042,0.359,0.027,0.6428571428571428,1.7906884202148825,1.0,0.011921999999999999,1.7947999999999997,0.4609139410809556,0.07219251336898397,0.44283485625139285,0.3590330282530839
"best, food",place,0.045,0.369,0.024,0.5333333333333333,1.4453477868112015,1.0,0.007395000000000002,1.352142857142857,0.32264397905759173,0.06153846153846155,0.26043317485472794,0.2991869918699187
"best, great",place,0.049,0.369,0.025,0.5102040816326531,1.3826668878933688,1.0,0.0069190000000000015,1.2882916666666666,0.2910199789695058,0.06361323155216286,0.22377825932274656,0.2889773795697141
"best, great",one,0.049,0.224,0.027,0.5510204081632653,2.4599125364431482,1.0,0.016023999999999997,1.728363636363636,0.6240604431981929,0.1097560975609756,0.42141805175678515,0.3357780612244898
"best, one",great,0.046,0.349,0.027,0.5869565217391305,1.6818238445247293,1.0,0.010946000000000001,1.576105263157895,0.4249553536765277,0.07336956521739131,0.3655246109664063,0.332160209293634
"best, one",good,0.046,0.358,0.024,0.5217391304347826,1.4573718727228564,1.0,0.0075320000000000005,1.3423636363636364,0.32896575821104124,0.06315789473684212,0.25504537450900716,0.294389118290017
"best, one",place,0.046,0.369,0.024,0.5217391304347826,1.4139271827500883,1.0,0.007026000000000001,1.3193636363636363,0.3068658280922432,0.06138107416879796,0.24205884379521805,0.29338989042064334
"best, service",good,0.042,0.358,0.021,0.5,1.3966480446927374,1.0,0.0059640000000000006,1.284,0.2964509394572025,0.05540897097625331,0.22118380062305298,0.27932960893854747
"best, service",food,0.042,0.359,0.021,0.5,1.392757660167131,1.0,0.005922,1.282,0.29436325678496866,0.055263157894736854,0.2199687987519501,0.27924791086350975
"best, like",good,0.034,0.358,0.02,0.5882352941176471,1.6431153466973383,1.0,0.007828,1.5591428571428572,0.405175983436853,0.053763440860215055,0.35862195345427894,0.3220506079526783
last,time,0.048,0.273,0.027,0.5625,2.0604395604395602,1.0,0.013895999999999999,1.6617142857142857,0.5406162464985994,0.09183673469387756,0.3982118294360385,0.33070054945054944
last,good,0.048,0.358,0.024,0.5,1.3966480446927374,1.0,0.006815999999999999,1.284,0.2983193277310924,0.06282722513089006,0.22118380062305298,0.2835195530726257
week,good,0.047,0.358,0.024,0.5106382978723404,1.4263639605372638,1.0,0.007174,1.3119130434782609,0.31365862189576776,0.06299212598425198,0.23775435805660497,0.2888387020087959
"place, would",good,0.095,0.358,0.048,0.5052631578947369,1.4113496030579242,1.0,0.013990000000000002,1.2976595744680852,0.32205340699815843,0.11851851851851852,0.22938186587965245,0.3196706850926198
"good, would",place,0.092,0.369,0.048,0.5217391304347826,1.4139271827500883,1.0,0.014052000000000002,1.3193636363636363,0.3224118942731278,0.1162227602905569,0.24205884379521805,0.3259102156238954
"food, would",good,0.086,0.358,0.047,0.5465116279069768,1.5265687930362482,1.0,0.016212000000000004,1.415692307692308,0.37739187112994094,0.11838790931989926,0.29363181916974584,0.3388982720540471
"good, would",food,0.092,0.359,0.047,0.5108695652173914,1.423035000605547,1.0,0.013972000000000005,1.310488888888889,0.32739713187740194,0.11633663366336634,0.2369259987790817,0.32089439263655084
"food, would",place,0.086,0.369,0.047,0.5465116279069768,1.4810613222411297,1.0,0.015266000000000002,1.3914358974358978,0.3553703617486848,0.11519607843137256,0.2813179523089966,0.336941450809857
"food, place, would",good,0.047,0.358,0.025,0.5319148936170213,1.4857957922263165,1.0,0.008174,1.3715454545454546,0.3430849947534103,0.06578947368421054,0.27089547292370914,0.30087364792582905
"food, good, would",place,0.047,0.369,0.025,0.5319148936170213,1.441503776739895,1.0,0.007657000000000001,1.3480454545454545,0.3213850996852047,0.0639386189258312,0.25818525137404325,0.2998327855618982
"good, place, would",food,0.048,0.359,0.025,0.5208333333333334,1.4507892293407616,1.0,0.007768000000000001,1.3377391304347828,0.32638655462184873,0.06544502617801048,0.2524700988039522,0.29523560817084493
"time, would",place,0.082,0.369,0.042,0.5121951219512195,1.388062661114416,1.0,0.011742000000000002,1.29355,0.3045440398381575,0.10268948655256724,0.22693363225232888,0.3130081300813008
"place, time, would",food,0.042,0.359,0.023,0.5476190476190476,1.5254012468497147,1.0,0.007921999999999998,1.4169473684210525,0.35953526368339833,0.06084656084656086,0.2942574845850976,0.3058429499933678
"food, time, would",place,0.038,0.369,0.023,0.6052631578947368,1.6402795606903438,1.0,0.008978,1.5985333333333334,0.40576697098436226,0.05989583333333334,0.37442655767787136,0.33379689060048495
"food, time, would",good,0.038,0.358,0.024,0.6315789473684211,1.7641870038224055,1.0,0.010396,1.7425714285714289,0.4502772002772003,0.06451612903225808,0.42613543203803916,0.3493090267568363
"food, good, would",time,0.047,0.273,0.024,0.5106382978723404,1.8704699555763382,1.0,0.011169,1.4856086956521737,0.48832633788037777,0.08108108108108109,0.32687523778863875,0.29927519289221416
"good, time, would",food,0.037,0.359,0.024,0.6486486486486487,1.8068207483249268,1.0,0.010717,1.8243846153846157,0.4636985115957079,0.06451612903225808,0.45186996669055957,0.3577505081683355
"place, time, would",good,0.042,0.358,0.024,0.5714285714285714,1.596169193934557,1.0,0.008964,1.498,0.38987473903966596,0.06382978723404256,0.3324432576769025,0.3192338387869114
"good, place, would",time,0.048,0.273,0.024,0.5,1.8315018315018314,1.0,0.010896,1.454,0.476890756302521,0.08080808080808081,0.312242090784044,0.29395604395604397
"good, time, would",place,0.037,0.369,0.024,0.6486486486486487,1.757855416392002,1.0,0.010347000000000002,1.7959230769230772,0.4476895119418485,0.06282722513089006,0.44318327836552884,0.3568446495275764
"time, would",one,0.082,0.224,0.042,0.5121951219512195,2.2865853658536586,1.0,0.023632,1.5908,0.6129266521423383,0.1590909090909091,0.37138546643198395,0.34984756097560976
"one, would",time,0.076,0.273,0.042,0.5526315789473685,2.0242914979757085,1.0,0.021252,1.6250588235294119,0.5476190476190476,0.13680781758957652,0.38463766017519735,0.35323886639676116
"one, would",place,0.076,0.369,0.041,0.5394736842105263,1.4619883040935673,1.0,0.012956000000000002,1.3701714285714286,0.34199134199134207,0.10148514851485148,0.27016431729085,0.32529239766081874
"food, time, would",one,0.038,0.224,0.021,0.5526315789473685,2.467105263157895,1.0,0.012488,1.734588235294118,0.6181566181566182,0.08713692946058091,0.42349430276722744,0.32319078947368424
"food, one, would",time,0.034,0.273,0.021,0.6176470588235294,2.262443438914027,1.0,0.011718,1.9013846153846155,0.5776397515527949,0.07342657342657342,0.4740674811877984,0.34728506787330315
"food, one, time",would,0.041,0.207,0.021,0.5121951219512195,2.4743725698126546,1.0,0.012513000000000002,1.62565,0.6213317443765828,0.09251101321585903,0.3848614400393689,0.3068221986567692
"one, time, would",food,0.042,0.359,0.021,0.5,1.392757660167131,1.0,0.005922,1.282,0.29436325678496866,0.055263157894736854,0.2199687987519501,0.27924791086350975
"one, place, would",food,0.041,0.359,0.023,0.5609756097560975,1.562606155309464,1.0,0.008281,1.4600555555555554,0.37543636940653763,0.061007957559681705,0.3150945550017122,0.3125212310618928
"food, one, would",place,0.034,0.369,0.023,0.676470588235294,1.8332536266539134,1.0,0.010454,1.9503636363636359,0.4705193986857503,0.060526315789473685,0.4872751002144121,0.36940060577076356
"food, one, would",good,0.034,0.358,0.021,0.6176470588235294,1.7252711140322052,1.0,0.008828,1.6790769230769231,0.43517696933846,0.05660377358490566,0.4044346710646876,0.3381531383503122
"good, one, would",food,0.037,0.359,0.021,0.5675675675675677,1.580968154784311,1.0,0.007717000000000002,1.4823125000000004,0.38159521337091434,0.056000000000000015,0.32537842054222726,0.3130316946472936
"place, time, would",one,0.042,0.224,0.025,0.5952380952380952,2.657312925170068,1.0,0.015592,1.9171764705882353,0.6510229645093946,0.10373443983402489,0.47839960726558667,0.35342261904761907
"one, place, would",time,0.041,0.273,0.025,0.6097560975609756,2.2335388189046723,1.0,0.013807,1.8629375,0.5758915537017727,0.08650519031141869,0.46321333914852214,0.3506655945680336
"one, time, would",place,0.042,0.369,0.025,0.5952380952380952,1.6131113692089303,1.0,0.009502,1.5589411764705883,0.39674321503131527,0.06476683937823835,0.35853897819032526,0.33149438637243517
"good, place, would",one,0.048,0.224,0.025,0.5208333333333334,2.3251488095238098,1.0,0.014248,1.6194782608695655,0.5986554621848739,0.10121457489878542,0.3825171821305843,0.31622023809523814
"one, place, would",good,0.041,0.358,0.025,0.6097560975609756,1.7032293227960213,1.0,0.010322000000000001,1.645125,0.43053180396246093,0.06684491978609627,0.3921434541448218,0.33979424989780627
"good, one, would",place,0.037,0.369,0.025,0.6756756756756758,1.831099392075002,1.0,0.011347000000000003,1.9455833333333339,0.4713187954309451,0.06561679790026248,0.48601533387587287,0.37171317659122544
"good, time, would",one,0.037,0.224,0.022,0.5945945945945946,2.6544401544401546,1.0,0.013711999999999998,1.9141333333333335,0.6472198621731332,0.09205020920502091,0.4775703538590137,0.34640444015444016
"one, time, would",good,0.042,0.358,0.022,0.5238095238095237,1.4631550944400105,1.0,0.006963999999999998,1.3481999999999998,0.3304232302144619,0.058201058201058205,0.25827028630766935,0.2926310188880021
"good, one, would",time,0.037,0.273,0.022,0.5945945945945946,2.178002178002178,1.0,0.011898999999999998,1.7932666666666668,0.5616444822052299,0.0763888888888889,0.44235845198706275,0.33759033759033763
"service, would",food,0.07,0.359,0.036,0.5142857142857142,1.432550736171906,1.0,0.010869999999999994,1.319705882352941,0.32467144563918743,0.09160305343511449,0.2422554045018943,0.30728213290887385
"service, would",great,0.07,0.349,0.035,0.5,1.4326647564469914,1.0,0.010570000000000003,1.302,0.324731182795699,0.09114583333333334,0.2319508448540707,0.3001432664756447
"food, service, would",great,0.036,0.349,0.02,0.5555555555555556,1.5918497293855463,1.0,0.007436000000000002,1.4647500000000002,0.3856846473029047,0.054794520547945216,0.3172896398702851,0.3064310729067176
"food, great, would",service,0.037,0.28,0.02,0.5405405405405406,1.9305019305019304,1.0,0.00964,1.5670588235294118,0.5005192107995846,0.06734006734006734,0.36186186186186187,0.305984555984556
"great, service, would",food,0.035,0.359,0.02,0.5714285714285714,1.5917230401910067,1.0,0.007434999999999999,1.4956666666666667,0.38523316062176155,0.053475935828877004,0.33140182750167146,0.31356943891762834
"place, service, would",food,0.031,0.359,0.021,0.6774193548387097,1.8869619911941777,1.0,0.009871000000000001,1.9871000000000005,0.48508526217504555,0.05691056910569106,0.49675406371093567,0.3679575882828646
"food, service, would",place,0.036,0.369,0.021,0.5833333333333334,1.5808491418247517,1.0,0.007716000000000002,1.5144000000000002,0.3811499703615887,0.05468750000000001,0.3396724775488643,0.3201219512195122
"great, would",place,0.079,0.369,0.041,0.5189873417721519,1.4064697609001406,1.0,0.011849000000000002,1.3118157894736842,0.3137893593919653,0.10073710073710074,0.23769784749944833,0.3150492264416315
"food, great, would",place,0.037,0.369,0.021,0.5675675675675677,1.5381234893430018,1.0,0.007347000000000003,1.4591875000000003,0.3632992137665036,0.05454545454545456,0.3146871118344971,0.31223906833662934
"great, place, would",food,0.041,0.359,0.021,0.5121951219512195,1.4267273591955976,1.0,0.006281000000000002,1.3140500000000002,0.3118824172004569,0.05540897097625331,0.23899395000190254,0.2853454718391195
"get, would",time,0.067,0.273,0.039,0.582089552238806,2.1321961620469083,1.0,0.020708999999999998,1.739607142857143,0.5691318327974275,0.12956810631229235,0.4251575684165144,0.36247334754797444
"get, time, would",one,0.039,0.224,0.021,0.5384615384615385,2.403846153846154,1.0,0.012264,1.6813333333333338,0.6077003121748179,0.08677685950413223,0.40523394131641566,0.3161057692307693
"get, one, would",time,0.032,0.273,0.021,0.65625,2.4038461538461537,1.0,0.012264,2.114909090909091,0.6033057851239669,0.07394366197183098,0.5271664374140302,0.36658653846153844
"one, time, would",get,0.042,0.219,0.021,0.5,2.2831050228310503,1.0,0.011802,1.562,0.5866388308977035,0.0875,0.3597951344430218,0.2979452054794521
"get, one, time",would,0.036,0.207,0.021,0.5833333333333334,2.8180354267310794,1.0,0.013548000000000001,1.9032000000000002,0.6692353289863663,0.0945945945945946,0.4745691467002943,0.3423913043478261
"get, like, one",would,0.04,0.207,0.021,0.525,2.536231884057971,1.0,0.012720000000000002,1.6694736842105264,0.630952380952381,0.09292035398230089,0.4010088272383355,0.31322463768115943
"get, like, would",one,0.033,0.224,0.021,0.6363636363636364,2.840909090909091,1.0,0.013608000000000002,2.134,0.6701137538779731,0.08898305084745763,0.5313964386129335,0.3650568181818182
"like, one, would",get,0.035,0.219,0.021,0.6,2.73972602739726,1.0,0.013335,1.9525,0.6580310880829014,0.09012875536480687,0.4878361075544174,0.34794520547945207
"get, one, would",like,0.032,0.209,0.021,0.65625,3.139952153110048,1.0,0.014312000000000002,2.301090909090909,0.7040535222353405,0.09545454545454546,0.5654235145385588,0.37836423444976075
"get, like, time",would,0.039,0.207,0.022,0.5641025641025641,2.7251331599157687,1.0,0.013926999999999998,1.819235294117647,0.6587361649796614,0.09821428571428571,0.45031849193261553,0.33519137866963955
"get, like, would",time,0.033,0.273,0.022,0.6666666666666666,2.4420024420024418,1.0,0.012990999999999997,2.1809999999999996,0.6106514994829368,0.07746478873239436,0.5414947271893626,0.37362637362637363
"like, time, would",get,0.034,0.219,0.022,0.6470588235294117,2.9546065001343,1.0,0.014553999999999997,2.2128333333333328,0.6848296630905326,0.09523809523809523,0.5480906831362505,0.37375772226698895
"get, time, would",like,0.039,0.209,0.022,0.5641025641025641,2.699055330634278,1.0,0.013848999999999998,1.8146470588235295,0.6550468262226847,0.09734513274336282,0.4489286524684755,0.33468286099865047
"back, like",would,0.063,0.207,0.032,0.5079365079365079,2.4537995552488305,1.0,0.018959000000000004,1.6115806451612904,0.6323038954108858,0.13445378151260504,0.3794911827698713,0.33126293995859213
"like, would",place,0.074,0.369,0.04,0.5405405405405406,1.4648795136600015,1.0,0.012694000000000004,1.3733529411764707,0.3427105831533478,0.09925558312655086,0.2718550563241531,0.32447081227569036
"like, would",good,0.074,0.358,0.046,0.6216216216216216,1.736373244753133,1.0,0.019508,1.6967142857142856,0.45797727486148937,0.11917098445595854,0.4106255788498779,0.37505662086667674
"good, would",like,0.092,0.209,0.046,0.5,2.3923444976076556,1.0,0.026772,1.582,0.6409691629955947,0.1803921568627451,0.3678887484197219,0.36004784688995217
"like, one",would,0.067,0.207,0.035,0.5223880597014926,2.5236138149830563,1.0,0.021131000000000004,1.6603437500000002,0.6470984535293217,0.14644351464435146,0.39771508159078517,0.34573509265267865
"like, place, would",good,0.04,0.358,0.024,0.6,1.675977653631285,1.0,0.009680000000000001,1.605,0.42013888888888895,0.06417112299465241,0.37694704049844235,0.3335195530726257
"good, place, would",like,0.048,0.209,0.024,0.5,2.3923444976076556,1.0,0.013968000000000001,1.582,0.6113445378151261,0.10300429184549356,0.3678887484197219,0.30741626794258375
"good, like, would",place,0.046,0.369,0.024,0.5217391304347826,1.4139271827500883,1.0,0.007026000000000001,1.3193636363636363,0.3068658280922432,0.06138107416879796,0.24205884379521805,0.29338989042064334
"like, one, would",good,0.035,0.358,0.02,0.5714285714285714,1.596169193934557,1.0,0.007469999999999999,1.498,0.38704663212435225,0.05361930294906166,0.3324432576769025,0.3136472466081405
"good, one, would",like,0.037,0.209,0.02,0.5405405405405406,2.58631837579206,1.0,0.012267,1.7215882352941179,0.6369158878504673,0.08849557522123894,0.4191410120613661,0.3181171602224234
"good, like, one",would,0.04,0.207,0.02,0.5,2.4154589371980677,1.0,0.011720000000000001,1.586,0.6104166666666668,0.0881057268722467,0.36948297604035313,0.29830917874396135
"like, time, would",one,0.034,0.224,0.023,0.676470588235294,3.019957983193277,1.0,0.015383999999999998,2.398545454545454,0.6924115581960573,0.0978723404255319,0.5830806549423893,0.3895745798319327
"like, one, would",time,0.035,0.273,0.023,0.657142857142857,2.4071166928309777,1.0,0.013444999999999999,2.120416666666666,0.6057670646542014,0.0807017543859649,0.52839457653763,0.37069597069597066
"one, time, would",like,0.042,0.209,0.023,0.5476190476190476,2.620186830713146,1.0,0.014222,1.7485263157894735,0.6454570209675956,0.10087719298245613,0.4280898199987959,0.32883344725449987
"like, one, time",would,0.038,0.207,0.023,0.6052631578947368,2.9239766081871346,1.0,0.015134,2.0089333333333332,0.683991683991684,0.1036036036036036,0.5022234021371209,0.358187134502924
"like, place, would",time,0.04,0.273,0.021,0.525,1.923076923076923,1.0,0.01008,1.5305263157894737,0.5,0.07191780821917809,0.3466299862448418,0.3009615384615385
"place, time, would",like,0.042,0.209,0.021,0.5,2.3923444976076556,1.0,0.012222000000000002,1.582,0.6075156576200418,0.09130434782608696,0.3678887484197219,0.30023923444976075
"like, time, would",place,0.034,0.369,0.021,0.6176470588235294,1.6738402678144428,1.0,0.008454000000000001,1.6503076923076925,0.41674060928719314,0.0549738219895288,0.39405239116248725,0.33727881396461024
"good, like, time",would,0.044,0.207,0.022,0.5,2.4154589371980677,1.0,0.012891999999999999,1.586,0.6129707112970711,0.09606986899563318,0.36948297604035313,0.3031400966183575
"like, time, would",good,0.034,0.358,0.022,0.6470588235294117,1.8074268813670717,1.0,0.009827999999999998,1.8189999999999997,0.4624505928853755,0.059459459459459456,0.4502473886750961,0.35425566874794606
"good, time, would",like,0.037,0.209,0.022,0.5945945945945946,2.8449502133712663,1.0,0.014266999999999998,1.9511333333333336,0.6734164070612669,0.09821428571428571,0.48747736358355837,0.34992887624466573
"food, like, would",good,0.034,0.358,0.024,0.7058823529411764,1.9717384160368057,1.0,0.011828,2.1827999999999994,0.5101794340924776,0.06521739130434782,0.5418728238959134,0.3864607295432139
"food, good, would",like,0.047,0.209,0.024,0.5106382978723404,2.443245444365265,1.0,0.014177,1.616391304347826,0.6198408534452606,0.10344827586206896,0.3813379239852597,0.31273541687875395
"good, like, would",food,0.046,0.359,0.024,0.5217391304347826,1.4533123410439628,1.0,0.007486000000000003,1.3402727272727273,0.326956673654787,0.06299212598425198,0.25388319880621313,0.29429574906140243
"even, food",good,0.05,0.358,0.03,0.6,1.675977653631285,1.0,0.0121,1.605,0.424561403508772,0.07936507936507936,0.37694704049844235,0.3418994413407821
"even, good",food,0.059,0.359,0.03,0.5084745762711864,1.4163637222038619,1.0,0.008819,1.304103448275862,0.31239815798795606,0.07731958762886597,0.23318966656971363,0.2960200179406071
"even, would",good,0.046,0.358,0.023,0.5,1.3966480446927374,1.0,0.006532,1.284,0.29769392033542974,0.060367454068241476,0.22118380062305298,0.28212290502793297
"even, would",place,0.046,0.369,0.023,0.5,1.3550135501355014,1.0,0.006026,1.262,0.2746331236897275,0.058673469387755105,0.2076069730586371,0.28116531165311653
"even, get",place,0.043,0.369,0.022,0.5116279069767442,1.3865254931619084,1.0,0.0061329999999999996,1.2920476190476191,0.29129856559323647,0.05641025641025641,0.22603471787122695,0.28562425159135313
"even, get",good,0.043,0.358,0.022,0.5116279069767442,1.4291282317786151,1.0,0.006606000000000001,1.3145714285714287,0.31376460530065553,0.05804749340369394,0.23929580525972619,0.2865402104716123
"even, like",get,0.038,0.219,0.021,0.5526315789473685,2.523431867339582,1.0,0.012678000000000002,1.745764705882353,0.6275616275616276,0.08898305084745763,0.4271851202911248,0.3242609949531363
"even, like",place,0.038,0.369,0.022,0.5789473684210527,1.5689630580516332,1.0,0.007977999999999999,1.498625,0.37696087696087693,0.05714285714285715,0.3327216615230629,0.31928398231350735
"even, like",good,0.038,0.358,0.023,0.6052631578947368,1.6906792119964718,1.0,0.009396,1.6264,0.42465877248485945,0.06166219839142092,0.3851451057550418,0.3347544839753014
"even, like",time,0.038,0.273,0.021,0.5526315789473685,2.0242914979757085,1.0,0.010626,1.6250588235294119,0.525987525987526,0.07241379310344828,0.38463766017519735,0.31477732793522273
"back, even",good,0.036,0.358,0.022,0.6111111111111112,1.7070142768466794,1.0,0.009112,1.650857142857143,0.42964918898528864,0.05913978494623656,0.3942540671512635,0.3362818125387958
"even, really",time,0.035,0.273,0.021,0.6,2.1978021978021975,1.0,0.011445,1.8175,0.5647668393782384,0.07317073170731707,0.4497936726272352,0.3384615384615385
"even, one",time,0.04,0.273,0.024,0.6,2.1978021978021975,1.0,0.01308,1.8175,0.5677083333333334,0.08304498269896195,0.4497936726272352,0.34395604395604396
"even, one",would,0.04,0.207,0.022,0.5499999999999999,2.657004830917874,1.0,0.01372,1.7622222222222221,0.6496212121212123,0.09777777777777777,0.4325346784363177,0.32814009661835747
"even, one",food,0.04,0.359,0.02,0.5,1.392757660167131,1.0,0.005640000000000001,1.282,0.29375000000000007,0.05277044854881267,0.2199687987519501,0.27785515320334264
"even, one",place,0.04,0.369,0.022,0.5499999999999999,1.4905149051490514,1.0,0.007239999999999998,1.402222222222222,0.3428030303030303,0.056847545219638244,0.28684627575277327,0.304810298102981
"even, one",get,0.04,0.219,0.021,0.525,2.397260273972603,1.0,0.012240000000000001,1.6442105263157896,0.6071428571428572,0.08823529411764706,0.3918053777208707,0.3104452054794521
"even, great",place,0.048,0.369,0.026,0.5416666666666666,1.4679313459801264,1.0,0.008288,1.3767272727272726,0.3348416289592761,0.06649616368286446,0.2736397253037506,0.3060636856368564
give,would,0.063,0.207,0.034,0.5396825396825398,2.607162027451883,1.0,0.020959000000000005,1.722724137931035,0.6578881285705318,0.1440677966101695,0.41952400968794423,0.3519668737060042
give,good,0.063,0.358,0.034,0.5396825396825398,1.5074931276048598,1.0,0.011446000000000005,1.3946896551724142,0.35928181304538903,0.08785529715762275,0.282994610097414,0.31732730336082293
give,place,0.063,0.369,0.034,0.5396825396825398,1.4625543080827637,1.0,0.010753000000000002,1.370793103448276,0.33752903509322624,0.08542713567839195,0.27049530853017395,0.31591173054587696
"give, place",good,0.034,0.358,0.02,0.5882352941176471,1.6431153466973383,1.0,0.007828,1.5591428571428572,0.405175983436853,0.053763440860215055,0.35862195345427894,0.3220506079526783
"give, good",place,0.034,0.369,0.02,0.5882352941176471,1.5941335883947076,1.0,0.0074540000000000006,1.5324285714285715,0.3858178053830228,0.05221932114882506,0.3474410366365247,0.32121791806153355
"ive, really",place,0.032,0.369,0.023,0.71875,1.9478319783197833,1.0,0.011191999999999999,2.2435555555555555,0.502694933524973,0.06084656084656084,0.5542789223454834,0.39054031165311653
"ive, really",good,0.032,0.358,0.02,0.625,1.7458100558659218,1.0,0.008544000000000001,1.712,0.4413223140495869,0.05405405405405406,0.4158878504672897,0.3404329608938548
"food, ive",place,0.049,0.369,0.037,0.7551020408163265,2.0463469940821857,1.0,0.018919,2.576583333333333,0.5376701622758405,0.09711286089238845,0.6118891296613732,0.4276865217631768
"ive, place",food,0.055,0.359,0.037,0.6727272727272727,1.8738921245885034,1.0,0.017255,1.958611111111111,0.49349349349349353,0.09814323607427056,0.48943412281945825,0.3878956697898202
"food, ive",time,0.049,0.273,0.026,0.5306122448979591,1.9436345966958208,1.0,0.012622999999999997,1.5488260869565214,0.510515247108307,0.08783783783783784,0.35434971787889835,0.31292517006802717
"food, ive, place",time,0.037,0.273,0.024,0.6486486486486487,2.376002376002376,1.0,0.013899,2.069153846153846,0.6013759086188992,0.08391608391608392,0.5167106583887877,0.3682803682803683
"food, ive, time",place,0.026,0.369,0.024,0.9230769230769231,2.5015634771732334,1.0,0.014406,8.203000000000005,0.6162731006160164,0.0646900269541779,0.8780933804705596,0.4940587867417136
"ive, place, time",food,0.036,0.359,0.024,0.6666666666666667,1.8570102135561748,1.0,0.011076000000000003,1.9230000000000005,0.47873443983402497,0.06469002695417791,0.47997919916796683,0.3667595171773445
"ive, service",food,0.042,0.359,0.024,0.5714285714285714,1.5917230401910067,1.0,0.008922,1.4956666666666667,0.3880480167014614,0.06366047745358092,0.33140182750167146,0.31914046955829684
"ive, service",time,0.042,0.273,0.027,0.6428571428571428,2.354788069073783,1.0,0.015533999999999997,2.0355999999999996,0.6005567153792623,0.09375,0.5087443505600313,0.37087912087912084
"ive, service",place,0.042,0.369,0.023,0.5476190476190476,1.4840624596722156,1.0,0.007501999999999998,1.3948421052631577,0.3404738131977852,0.05927835051546392,0.2830729756244811,0.3049748354626403
"food, ive, place",service,0.037,0.28,0.02,0.5405405405405406,1.9305019305019304,1.0,0.00964,1.5670588235294118,0.5005192107995846,0.06734006734006734,0.36186186186186187,0.305984555984556
"ive, place, service",food,0.023,0.359,0.02,0.8695652173913044,2.4221872350732716,1.0,0.011743000000000002,4.914333333333337,0.6009723643807575,0.05524861878453039,0.7965135996744219,0.46263776189899486
"food, ive, service",place,0.024,0.369,0.02,0.8333333333333334,2.2583559168925023,1.0,0.011144000000000001,3.786000000000001,0.5709016393442624,0.05361930294906166,0.7358689910195457,0.4437669376693767
"get, ive",food,0.04,0.359,0.02,0.5,1.392757660167131,1.0,0.005640000000000001,1.282,0.29375000000000007,0.05277044854881267,0.2199687987519501,0.27785515320334264
"get, ive",place,0.04,0.369,0.025,0.625,1.6937669376693767,1.0,0.01024,1.6826666666666668,0.4266666666666667,0.06510416666666669,0.40570522979397783,0.34637533875338755
"get, ive",time,0.04,0.273,0.022,0.5499999999999999,2.014652014652014,1.0,0.011079999999999998,1.6155555555555552,0.5246212121212122,0.07560137457044673,0.3810178817056395,0.3152930402930403
"get, ive",good,0.04,0.358,0.02,0.5,1.3966480446927374,1.0,0.005680000000000001,1.284,0.2958333333333334,0.05291005291005292,0.22118380062305298,0.2779329608938548
"ive, like",get,0.035,0.219,0.021,0.6,2.73972602739726,1.0,0.013335,1.9525,0.6580310880829014,0.09012875536480687,0.4878361075544174,0.34794520547945207
"get, ive",like,0.04,0.209,0.021,0.525,2.5119617224880386,1.0,0.012640000000000002,1.665263157894737,0.6269841269841271,0.09210526315789475,0.39949431099873584,0.31273923444976076
"ive, like",food,0.035,0.359,0.02,0.5714285714285714,1.5917230401910067,1.0,0.007434999999999999,1.4956666666666667,0.38523316062176155,0.053475935828877004,0.33140182750167146,0.31356943891762834
"ive, like",good,0.035,0.358,0.027,0.7714285714285714,2.154828411811652,1.0,0.014469999999999998,2.808749999999999,0.5553636538092497,0.07377049180327869,0.6439697374276813,0.4234237829209896
"good, ive",like,0.047,0.209,0.027,0.5744680851063829,2.748651124910923,1.0,0.017176999999999998,1.85885,0.6675605300998795,0.11790393013100436,0.46203297737848664,0.35182734398859816
"ive, like",place,0.035,0.369,0.021,0.6,1.6260162601626016,1.0,0.008085,1.5775,0.39896373056994816,0.05483028720626632,0.36608557844690964,0.3284552845528455
"ive, place",time,0.055,0.273,0.036,0.6545454545454545,2.3976023976023972,1.0,0.020984999999999997,2.104473684210526,0.6168430335097002,0.12328767123287669,0.5248218081780668,0.3932067932067932
"ive, time",place,0.056,0.369,0.036,0.6428571428571428,1.7421602787456445,1.0,0.015335999999999995,1.7667999999999997,0.45127118644067793,0.09254498714652955,0.4340049807561692,0.37020905923344943
"ive, place",good,0.055,0.358,0.031,0.5636363636363636,1.574403250380904,1.0,0.01131,1.47125,0.38607270865335386,0.08115183246073299,0.3203058623619371,0.32511427120365666
"good, ive",place,0.047,0.369,0.031,0.6595744680851063,1.7874646831574699,1.0,0.013656999999999999,1.8535624999999998,0.46227532748874517,0.08051948051948052,0.46049836463566773,0.3717926540967537
"food, ive",good,0.049,0.358,0.029,0.5918367346938775,1.653175236575077,1.0,0.011458000000000003,1.5729,0.4154610391964902,0.07671957671957673,0.36423167397800243,0.3364211606430282
"good, ive",food,0.047,0.359,0.029,0.6170212765957447,1.718722218929651,1.0,0.012127000000000002,1.6737222222222223,0.4387958172015777,0.07692307692307694,0.4025292926610682,0.34890061044271914
"good, ive",time,0.047,0.273,0.025,0.5319148936170213,1.9484062037253524,1.0,0.012169000000000001,1.5531363636363635,0.510766002098636,0.08474576271186442,0.3561415317978284,0.3117449925960564
"food, ive, place",good,0.037,0.358,0.023,0.6216216216216216,1.736373244753133,1.0,0.009754,1.6967142857142856,0.44038105557813,0.06182795698924732,0.4106255788498779,0.34293371583874377
"good, ive, place",food,0.031,0.359,0.023,0.7419354838709677,2.0666726570221945,1.0,0.011871,2.4838750000000003,0.5326423475568718,0.06267029972752043,0.5974032509687485,0.4030011681193279
"food, good, ive",place,0.029,0.369,0.023,0.793103448275862,2.1493318381459674,1.0,0.012299,3.049833333333332,0.550709712085255,0.06133333333333333,0.6721132302311601,0.42771703579104753
"good, ive, place",time,0.031,0.273,0.02,0.6451612903225806,2.3632281696797826,1.0,0.011537,2.0488181818181816,0.5953044375644995,0.0704225352112676,0.5119137418467409,0.3592106817913269
"ive, place, time",good,0.036,0.358,0.02,0.5555555555555556,1.5518311607697084,1.0,0.007112000000000002,1.4445000000000001,0.36887966804979266,0.05347593582887702,0.30771893388715826,0.30571073867163256
"good, ive, time",place,0.025,0.369,0.02,0.7999999999999999,2.168021680216802,1.0,0.010775,3.154999999999999,0.5525641025641026,0.053475935828877004,0.6830427892234547,0.42710027100271
"ive, place",one,0.055,0.224,0.03,0.5454545454545454,2.435064935064935,1.0,0.017679999999999998,1.7071999999999998,0.6236331569664902,0.12048192771084336,0.4142455482661668,0.3396915584415584
"ive, one",place,0.046,0.369,0.03,0.6521739130434783,1.7674089784376106,1.0,0.013026,1.814125,0.45513626834381554,0.07792207792207792,0.44877006821470405,0.3667373630258042
"ive, time",one,0.056,0.224,0.029,0.5178571428571429,2.3118622448979593,1.0,0.016456,1.6094814814814817,0.6011104617182933,0.1155378486055777,0.3786818851251842,0.3236607142857143
"ive, one",time,0.046,0.273,0.029,0.6304347826086957,2.30928491798057,1.0,0.016442,1.9671764705882353,0.5943034771922214,0.1,0.49165719753603254,0.36833094441790093
"ive, one",food,0.046,0.359,0.024,0.5217391304347826,1.4533123410439628,1.0,0.007486000000000003,1.3402727272727273,0.326956673654787,0.06299212598425198,0.25388319880621313,0.29429574906140243
"good, ive",one,0.047,0.224,0.024,0.5106382978723404,2.2796352583586623,1.0,0.013472,1.5857391304347825,0.5890171388597412,0.097165991902834,0.3693792498354902,0.30889057750759874
"ive, one",good,0.046,0.358,0.024,0.5217391304347826,1.4573718727228564,1.0,0.0075320000000000005,1.3423636363636364,0.32896575821104124,0.06315789473684212,0.25504537450900716,0.294389118290017
"ive, place, time",one,0.036,0.224,0.022,0.6111111111111112,2.7281746031746033,1.0,0.013935999999999999,1.9954285714285718,0.6571105243304414,0.09243697478991596,0.49885452462772056,0.35466269841269843
"ive, one, place",time,0.03,0.273,0.022,0.7333333333333333,2.686202686202686,1.0,0.013809999999999998,2.7262499999999994,0.6471415182755389,0.0782918149466192,0.63319578175149,0.40695970695970696
"ive, one, time",place,0.029,0.369,0.022,0.7586206896551724,2.055882627791795,1.0,0.011298999999999998,2.614142857142857,0.528929875479824,0.058510638297872335,0.6174654352696868,0.4091206429305672
"food, ive, place",one,0.037,0.224,0.021,0.5675675675675677,2.533783783783784,1.0,0.012712000000000001,1.7945000000000004,0.6285912080304604,0.0875,0.44274171078294805,0.3306587837837838
"food, ive, one",place,0.024,0.369,0.021,0.875,2.3712737127371275,1.0,0.012144000000000002,5.048,0.5925058548009369,0.05645161290322581,0.8019017432646592,0.4659552845528455
"ive, one, place",food,0.03,0.359,0.021,0.7000000000000001,1.9498607242339836,1.0,0.010230000000000003,2.136666666666667,0.5022091310751107,0.05706521739130435,0.5319812792511701,0.3792479108635098
"great, ive",time,0.038,0.273,0.024,0.6315789473684211,2.313475997686524,1.0,0.013626,1.9732857142857145,0.5901767151767151,0.08362369337979095,0.4932310142619273,0.35974551764025453
"great, ive",service,0.038,0.28,0.022,0.5789473684210527,2.0676691729323307,1.0,0.011359999999999999,1.71,0.5367605367605367,0.07432432432432433,0.41520467836257313,0.3287593984962406
"ive, service",great,0.042,0.349,0.022,0.5238095238095237,1.500886887706372,1.0,0.007342,1.3670999999999998,0.34835832226228886,0.059620596205962065,0.26852461414673384,0.29342338654659567
"great, ive",one,0.038,0.224,0.021,0.5526315789473685,2.467105263157895,1.0,0.012488,1.734588235294118,0.6181566181566182,0.08713692946058091,0.42349430276722744,0.32319078947368424
"great, ive",place,0.038,0.369,0.02,0.5263157894736842,1.426330052774212,1.0,0.005978000000000001,1.332111111111111,0.31070686070686077,0.0516795865633075,0.2493118692134456,0.2902581657395521
"ive, would",time,0.034,0.273,0.02,0.5882352941176471,2.154708037060978,1.0,0.010717999999999998,1.7655714285714286,0.5547619047619047,0.06968641114982578,0.43361113358685976,0.33074768368886015
"ive, would",good,0.034,0.358,0.021,0.6176470588235294,1.7252711140322052,1.0,0.008828,1.6790769230769231,0.43517696933846,0.05660377358490566,0.4044346710646876,0.3381531383503122
"im, ive",food,0.029,0.359,0.02,0.689655172413793,1.9210450485063875,1.0,0.009589,2.065444444444444,0.49376930998970137,0.05434782608695653,0.5158427026736241,0.37268273941023916
"im, ive",place,0.029,0.369,0.02,0.689655172413793,1.86898420708345,1.0,0.009299,2.033222222222222,0.47883625128733265,0.052910052910052914,0.5081698453467401,0.3719278572096065
"ive, restaurant",place,0.029,0.369,0.023,0.793103448275862,2.1493318381459674,1.0,0.012299,3.049833333333332,0.550709712085255,0.06133333333333333,0.6721132302311601,0.42771703579104753
"ive, restaurant",food,0.029,0.359,0.021,0.7241379310344828,2.017097300931707,1.0,0.010589000000000001,2.3236250000000003,0.5192977293904174,0.05722070844686649,0.5696379579321104,0.39131687638075113
"also, ive",place,0.033,0.369,0.022,0.6666666666666666,1.8066847335140017,1.0,0.009822999999999998,1.8929999999999998,0.4617373319544984,0.057894736842105256,0.47173798203909134,0.36314363143631434
wait,food,0.085,0.359,0.047,0.5529411764705882,1.5402261183024741,1.0,0.016485,1.433815789473684,0.38332752005580745,0.11838790931989925,0.30256033770762586,0.34193019826314924
"time, wait",food,0.036,0.359,0.02,0.5555555555555556,1.5475085112968123,1.0,0.007076000000000002,1.44225,0.3670124481327802,0.053333333333333344,0.30663893222395566,0.30563293098112043
"food, wait",good,0.047,0.358,0.025,0.5319148936170213,1.4857957922263165,1.0,0.008174,1.3715454545454546,0.3430849947534103,0.06578947368421054,0.27089547292370914,0.30087364792582905
"good, wait",food,0.039,0.359,0.025,0.6410256410256411,1.7855867438040143,1.0,0.010999000000000002,1.7856428571428575,0.4578147762747139,0.0670241286863271,0.4399775991039643,0.3553317620169988
"place, wait",food,0.036,0.359,0.02,0.5555555555555556,1.5475085112968123,1.0,0.007076000000000002,1.44225,0.3670124481327802,0.053333333333333344,0.30663893222395566,0.30563293098112043
customer,service,0.07,0.28,0.044,0.6285714285714284,2.244897959183673,1.0,0.024399999999999995,1.9384615384615378,0.5962854349951123,0.14379084967320258,0.48412698412698396,0.3928571428571428
busy,food,0.039,0.359,0.022,0.5641025641025641,1.5713163345475323,1.0,0.007999,1.4705294117647059,0.37834641944943714,0.05851063829787235,0.31997279891195646,0.3126919505749589
busy,place,0.039,0.369,0.022,0.5641025641025641,1.5287332360503092,1.0,0.0076089999999999994,1.4475882352941176,0.35989972566455397,0.05699481865284974,0.30919582266650414,0.3118615801542631
busy,good,0.039,0.358,0.021,0.5384615384615385,1.5040825096691022,1.0,0.007038000000000003,1.3910000000000002,0.3487438679946485,0.055851063829787245,0.28109273903666443,0.29856037816931674
excellent,food,0.059,0.359,0.031,0.5254237288135594,1.4635758462773243,1.0,0.009819000000000001,1.3506785714285716,0.33660141921771625,0.08010335917312661,0.25963140220524084,0.30588735187196076
could,place,0.118,0.369,0.06,0.5084745762711864,1.37797988149373,1.0,0.016458,1.2837586206896552,0.31099773242630385,0.1405152224824356,0.2210373633457788,0.3355381011437233
"could, food",place,0.055,0.369,0.035,0.6363636363636365,1.7245627001724566,1.0,0.014705000000000003,1.7352500000000004,0.4445956160241875,0.08997429305912596,0.4237141622244635,0.36560729243656076
"could, place",food,0.06,0.359,0.035,0.5833333333333334,1.624883936861653,1.0,0.013460000000000007,1.5384000000000002,0.40911854103343487,0.09114583333333334,0.34997399895995845,0.34041318477251625
"could, like",food,0.046,0.359,0.024,0.5217391304347826,1.4533123410439628,1.0,0.007486000000000003,1.3402727272727273,0.326956673654787,0.06299212598425198,0.25388319880621313,0.29429574906140243
"could, like",good,0.046,0.358,0.027,0.5869565217391305,1.6395433568132136,1.0,0.010532,1.5543157894736845,0.40888267722649274,0.07161803713527852,0.3566300961668699,0.33118775807626916
"could, good",like,0.054,0.209,0.027,0.5,2.3923444976076556,1.0,0.015714,1.582,0.6152219873150105,0.11440677966101694,0.3678887484197219,0.3145933014354067
"could, like",place,0.046,0.369,0.027,0.5869565217391305,1.5906680805938496,1.0,0.010026,1.527684210526316,0.3892382948986723,0.06958762886597938,0.3454144560049612,0.33006362672322376
"could, get",like,0.042,0.209,0.022,0.5238095238095237,2.506265664160401,1.0,0.013222,1.6610999999999998,0.6273486430062631,0.09606986899563318,0.39798928420925883,0.3145363408521303
"could, get",food,0.042,0.359,0.022,0.5238095238095237,1.4590794535084226,1.0,0.006921999999999998,1.3460999999999999,0.32843044220914774,0.05804749340369394,0.2571131416685238,0.2925454304284387
"could, get",time,0.042,0.273,0.023,0.5476190476190476,2.0059305773591483,1.0,0.011533999999999997,1.607052631578947,0.5234637378596714,0.07876712328767124,0.3777428440427064,0.3159340659340659
"could, get",good,0.042,0.358,0.021,0.5,1.3966480446927374,1.0,0.0059640000000000006,1.284,0.2964509394572025,0.05540897097625331,0.22118380062305298,0.27932960893854747
"could, get",would,0.042,0.207,0.022,0.5238095238095237,2.530480791350356,1.0,0.013305999999999998,1.6652999999999998,0.6313342190168912,0.09691629955947136,0.39950759622890764,0.31504485852311936
"could, get",one,0.042,0.224,0.021,0.5,2.232142857142857,1.0,0.011592,1.552,0.5762004175365344,0.08571428571428572,0.3556701030927835,0.296875
"could, get",great,0.042,0.349,0.021,0.5,1.4326647564469914,1.0,0.006342000000000002,1.302,0.315240083507307,0.05675675675675677,0.2319508448540707,0.2800859598853868
"could, get",place,0.042,0.369,0.022,0.5238095238095237,1.4195380049038584,1.0,0.006501999999999997,1.3250999999999997,0.30850256215600674,0.05655526992287918,0.245339974341559,0.2917150600077429
"could, service",food,0.042,0.359,0.022,0.5238095238095237,1.4590794535084226,1.0,0.006921999999999998,1.3460999999999999,0.32843044220914774,0.05804749340369394,0.2571131416685238,0.2925454304284387
"could, service",place,0.042,0.369,0.023,0.5476190476190476,1.4840624596722156,1.0,0.007501999999999998,1.3948421052631577,0.3404738131977852,0.05927835051546392,0.2830729756244811,0.3049748354626403
"come, could",food,0.032,0.359,0.022,0.6875,1.9150417827298052,1.0,0.010511999999999999,2.0512,0.49361382419233657,0.05962059620596206,0.5124804992199689,0.37439066852367686
"could, time",place,0.049,0.369,0.027,0.5510204081632653,1.493280238924838,1.0,0.008919,1.4054090909090908,0.3473536628110761,0.0690537084398977,0.2884634043791842,0.31209556993529114
"back, could",good,0.043,0.358,0.023,0.5348837209302326,1.4940886059503704,1.0,0.007606000000000002,1.3803000000000003,0.34555449547953304,0.06084656084656086,0.2755198145330726,0.2995647654930493
"could, great",back,0.044,0.212,0.022,0.5,2.358490566037736,1.0,0.012672,1.576,0.602510460251046,0.094017094017094,0.3654822335025381,0.3018867924528302
"back, could",great,0.043,0.349,0.022,0.5116279069767442,1.4659825414806424,1.0,0.006993000000000001,1.3330000000000002,0.3321459105158166,0.05945945945945946,0.24981245311327838,0.2873325781302059
"back, could",food,0.043,0.359,0.025,0.5813953488372093,1.6194856513571292,1.0,0.009563000000000004,1.531277777777778,0.39970741901776397,0.06631299734748011,0.34695062221093503,0.3255166159227829
"back, could",place,0.043,0.369,0.023,0.5348837209302326,1.4495493792147225,1.0,0.0071330000000000005,1.3566500000000001,0.32406524010721915,0.059125964010282785,0.2628902074964067,0.29860717211823284
"could, go",get,0.038,0.219,0.021,0.5526315789473685,2.523431867339582,1.0,0.012678000000000002,1.745764705882353,0.6275616275616276,0.08898305084745763,0.4271851202911248,0.3242609949531363
"could, get",go,0.042,0.2,0.021,0.5,2.5,1.0,0.0126,1.6,0.6263048016701461,0.09502262443438914,0.37499999999999994,0.3025
"could, go",back,0.038,0.212,0.02,0.5263157894736842,2.4826216484607744,1.0,0.011944000000000001,1.6635555555555555,0.6207900207900209,0.08695652173913043,0.39887790542345714,0.3103277060575968
"could, go",place,0.038,0.369,0.024,0.6315789473684211,1.7115960633290546,1.0,0.009978,1.712714285714286,0.4321725571725572,0.06266318537859009,0.4161314538326801,0.3483097988874626
"could, got",good,0.034,0.358,0.02,0.5882352941176471,1.6431153466973383,1.0,0.007828,1.5591428571428572,0.405175983436853,0.053763440860215055,0.35862195345427894,0.3220506079526783
"could, got",place,0.034,0.369,0.021,0.6176470588235294,1.6738402678144428,1.0,0.008454000000000001,1.6503076923076925,0.41674060928719314,0.0549738219895288,0.39405239116248725,0.33727881396461024
"could, place",good,0.06,0.358,0.031,0.5166666666666667,1.443202979515829,1.0,0.00952,1.3282758620689656,0.32669869595058343,0.08010335917312661,0.24714434060228463,0.3016294227188082
"could, good",place,0.054,0.369,0.031,0.5740740740740741,1.5557562983037239,1.0,0.011074,1.4814782608695651,0.3776171315556162,0.07908163265306122,0.32499853260550565,0.3290424570912376
"could, food",good,0.055,0.358,0.03,0.5454545454545454,1.5236160487557135,1.0,0.01031,1.4123999999999999,0.36366843033509705,0.07832898172323759,0.29198527329368446,0.3146267140680548
"could, good",food,0.054,0.359,0.03,0.5555555555555556,1.5475085112968123,1.0,0.010613999999999998,1.44225,0.3739957716701902,0.07832898172323759,0.30663893222395566,0.3195605075827917
"could, food, place",good,0.035,0.358,0.02,0.5714285714285714,1.596169193934557,1.0,0.007469999999999999,1.498,0.38704663212435225,0.05361930294906166,0.3324432576769025,0.3136472466081405
"could, good, place",food,0.031,0.359,0.02,0.6451612903225806,1.797106658280169,1.0,0.008871,1.8064545454545453,0.45773993808049535,0.05405405405405406,0.44642947008202905,0.35043579836463296
"could, food, good",place,0.03,0.369,0.02,0.6666666666666667,1.806684733514002,1.0,0.00893,1.8930000000000005,0.4603092783505155,0.052770448548812667,0.4717379820390915,0.3604336043360434
"could, like",would,0.046,0.207,0.025,0.5434782608695653,2.625498844780509,1.0,0.015478000000000002,1.7370476190476194,0.648972746331237,0.10964912280701755,0.42431054334119206,0.33212560386473433
"could, would",like,0.045,0.209,0.025,0.5555555555555556,2.658160552897395,1.0,0.015595000000000003,1.7797500000000002,0.653193717277487,0.1091703056768559,0.4381233319286417,0.3375863902179692
"could, would",place,0.045,0.369,0.023,0.5111111111111111,1.3851249623607347,1.0,0.006395000000000001,1.290681818181818,0.2911450034145232,0.05882352941176471,0.2252157069906673,0.28672086720867207
"could, would",time,0.045,0.273,0.024,0.5333333333333333,1.9536019536019533,1.0,0.011715,1.5578571428571428,0.5111256544502618,0.0816326530612245,0.3580926180651077,0.31062271062271063
"could, great",place,0.044,0.369,0.028,0.6363636363636365,1.7245627001724566,1.0,0.011764,1.7352500000000004,0.43947997609085476,0.07272727272727274,0.4237141622244635,0.35612219758561225
"could, great",food,0.044,0.359,0.022,0.5,1.392757660167131,1.0,0.006204000000000001,1.282,0.294979079497908,0.05774278215223098,0.2199687987519501,0.28064066852367686
"could, restaurant",food,0.028,0.359,0.021,0.75,2.0891364902506964,1.0,0.010948000000000001,2.564,0.5363511659807957,0.05737704918032788,0.609984399375975,0.40424791086350975
"could, one",place,0.043,0.369,0.025,0.5813953488372093,1.5755971513203506,1.0,0.009133000000000002,1.5073888888888891,0.3817345872518287,0.06459948320413438,0.336601186746766,0.3245730131719922
"could, one",food,0.043,0.359,0.023,0.5348837209302326,1.489926799248559,1.0,0.007563000000000002,1.3781500000000002,0.3436009268093227,0.060686015831134574,0.27438958023437227,0.29947528664896034
"could, time",one,0.049,0.224,0.025,0.5102040816326531,2.2776967930029155,1.0,0.014024,1.5843333333333334,0.5898633017875919,0.10080645161290322,0.36881969282558386,0.310905612244898
"could, one",time,0.043,0.273,0.025,0.5813953488372093,2.12965329244399,1.0,0.013261000000000002,1.7367222222222223,0.5542737722048068,0.08591065292096221,0.424202680656409,0.33648522020615046
"could, one",would,0.043,0.207,0.023,0.5348837209302326,2.583979328165375,1.0,0.014099,1.7049500000000004,0.6405433646812958,0.1013215859030837,0.41347253585149135,0.3229974160206719
"could, would",one,0.045,0.224,0.023,0.5111111111111111,2.2817460317460316,1.0,0.01292,1.5872727272727272,0.588208513544275,0.09349593495934959,0.36998854524627717,0.30689484126984123
"could, u",time,0.033,0.273,0.021,0.6363636363636364,2.3310023310023307,1.0,0.011991,1.99925,0.5904860392967941,0.07368421052631578,0.4998124296611229,0.35664335664335667
"could, u",place,0.033,0.369,0.021,0.6363636363636364,1.7245627001724562,1.0,0.008823000000000001,1.73525,0.4344807209336682,0.05511811023622047,0.42371416222446334,0.3466371027346637
side,good,0.073,0.358,0.044,0.6027397260273972,1.6836305196296013,1.0,0.017866,1.6160689655172413,0.4380209865646759,0.11369509043927647,0.3812145265224256,0.36282237698017905
"food, side",good,0.035,0.358,0.021,0.6,1.675977653631285,1.0,0.00847,1.605,0.4179620034542314,0.05645161290322581,0.37694704049844235,0.32932960893854746
"place, side",good,0.032,0.358,0.021,0.65625,1.833100558659218,1.0,0.009544000000000002,1.8676363636363638,0.4695001967729241,0.05691056910569106,0.46456386292834895,0.35745460893854747
"side, time",good,0.027,0.358,0.02,0.7407407407407408,2.0691082143596113,1.0,0.010334000000000001,2.476285714285715,0.5310380267214799,0.05479452054794521,0.5961693781008424,0.3983033312642252
cheese,food,0.062,0.359,0.032,0.5161290322580645,1.4376853266241352,1.0,0.009742,1.3247333333333333,0.3245602345415779,0.08226221079691516,0.2451310955664033,0.30263276125438043
cheese,good,0.062,0.358,0.033,0.5322580645161291,1.4867543701567854,1.0,0.010804000000000001,1.3725517241379313,0.34903405052658787,0.08527131782945736,0.27143000703446907,0.3122184177329249
large,food,0.041,0.359,0.021,0.5121951219512195,1.4267273591955976,1.0,0.006281000000000002,1.3140500000000002,0.3118824172004569,0.05540897097625331,0.23899395000190254,0.2853454718391195
large,one,0.041,0.224,0.022,0.5365853658536585,2.395470383275261,1.0,0.012815999999999998,1.6745263157894734,0.6074509432173665,0.0905349794238683,0.40281619311038463,0.3173998257839721
plate,food,0.037,0.359,0.024,0.6486486486486487,1.8068207483249268,1.0,0.010717,1.8243846153846157,0.4636985115957079,0.06451612903225808,0.45186996669055957,0.3577505081683355
plate,service,0.037,0.28,0.02,0.5405405405405406,1.9305019305019304,1.0,0.00964,1.5670588235294118,0.5005192107995846,0.06734006734006734,0.36186186186186187,0.305984555984556
around,place,0.077,0.369,0.043,0.5584415584415584,1.5133917572941962,1.0,0.014586999999999996,1.4290294117647058,0.36753256569830417,0.10669975186104216,0.30022433984399116,0.33748636187660574
"around, food",good,0.035,0.358,0.023,0.657142857142857,1.8355945730247403,1.0,0.010469999999999998,1.8724999999999994,0.4717278666366298,0.06216216216216216,0.46595460614152184,0.3606943335993615
"around, good",food,0.035,0.359,0.023,0.657142857142857,1.8304814962196576,1.0,0.010434999999999998,1.8695833333333327,0.4701509348952466,0.06199460916442048,0.465121462001337,0.36060485475527254
"around, food",place,0.035,0.369,0.021,0.6,1.6260162601626016,1.0,0.008085,1.5775,0.39896373056994816,0.05483028720626632,0.36608557844690964,0.3284552845528455
"around, food",would,0.035,0.207,0.022,0.6285714285714284,3.0365769496204273,1.0,0.014754999999999997,2.1349999999999993,0.6950070654733866,0.09999999999999999,0.5316159250585478,0.3674258109040717
"around, would",food,0.031,0.359,0.022,0.7096774193548386,1.9768173241081857,1.0,0.010870999999999999,2.2078888888888883,0.5099446477155456,0.05978260869565217,0.5470786573398418,0.3854793782010962
"around, place",would,0.043,0.207,0.022,0.5116279069767442,2.471632400853837,1.0,0.013099,1.623761904761905,0.6221620594661348,0.09649122807017543,0.38414616264406587,0.3089540501067296
"around, would",place,0.031,0.369,0.022,0.7096774193548386,1.9232450389020017,1.0,0.010561,2.173444444444444,0.4954029458673422,0.0582010582010582,0.5399008230663053,0.38464900778040034
"around, get",place,0.029,0.369,0.021,0.7241379310344828,1.9624334174376228,1.0,0.010299,2.287375,0.5050757687214948,0.05570291777188329,0.5628176403082136,0.3905242500700869
fast,food,0.039,0.359,0.022,0.5641025641025641,1.5713163345475323,1.0,0.007999,1.4705294117647059,0.37834641944943714,0.05851063829787235,0.31997279891195646,0.3126919505749589
fast,good,0.039,0.358,0.021,0.5384615384615385,1.5040825096691022,1.0,0.007038000000000003,1.3910000000000002,0.3487438679946485,0.055851063829787245,0.28109273903666443,0.29856037816931674
fast,place,0.039,0.369,0.02,0.5128205128205129,1.389757487318463,1.0,0.005609000000000001,1.2952105263157896,0.29183142559833514,0.051546391752577324,0.2279247429802106,0.28351052741296645
didnt,good,0.111,0.358,0.056,0.5045045045045045,1.409230459509789,1.0,0.016262000000000006,1.295672727272727,0.32665113289410264,0.13559322033898305,0.22820016277960198,0.33046454275504555
"didnt, place",would,0.048,0.207,0.028,0.5833333333333334,2.8180354267310794,1.0,0.018064,1.9032000000000002,0.677671068427371,0.12334801762114538,0.4745691467002943,0.3592995169082126
"didnt, would",place,0.051,0.369,0.028,0.5490196078431373,1.4878580158350605,1.0,0.009181000000000002,1.3991739130434784,0.34551407496612985,0.07142857142857144,0.2852925639352414,0.3124501833253627
"didnt, place",good,0.048,0.358,0.024,0.5,1.3966480446927374,1.0,0.006815999999999999,1.284,0.2983193277310924,0.06282722513089006,0.22118380062305298,0.2835195530726257
"didnt, food",good,0.04,0.358,0.024,0.6,1.675977653631285,1.0,0.009680000000000001,1.605,0.42013888888888895,0.06417112299465241,0.37694704049844235,0.3335195530726257
"didnt, go",time,0.032,0.273,0.02,0.625,2.2893772893772892,1.0,0.011264,1.9386666666666665,0.5818181818181818,0.07017543859649122,0.484181568088033,0.3491300366300366
"didnt, would",good,0.051,0.358,0.027,0.5294117647058824,1.4788038120276044,1.0,0.008742000000000003,1.36425,0.3411778480271632,0.07068062827225131,0.26699651823346165,0.3024153795596451
"didnt, time",would,0.047,0.207,0.024,0.5106382978723404,2.466851680542707,1.0,0.014271,1.6204782608695651,0.6239506820566632,0.10434782608695652,0.38289823186928174,0.3132901634289238
"didnt, time",good,0.047,0.358,0.025,0.5319148936170213,1.4857957922263165,1.0,0.008174,1.3715454545454546,0.3430849947534103,0.06578947368421054,0.27089547292370914,0.30087364792582905
"didnt, place",time,0.048,0.273,0.024,0.5,1.8315018315018314,1.0,0.010896,1.454,0.476890756302521,0.08080808080808081,0.312242090784044,0.29395604395604397
"didnt, time",place,0.047,0.369,0.024,0.5106382978723404,1.383843625670299,1.0,0.006657,1.2894347826086956,0.2910545645330535,0.06122448979591837,0.2244663991637724,0.28783947413942224
"didnt, would",one,0.051,0.224,0.028,0.5490196078431373,2.450980392156863,1.0,0.016576,1.7206956521739132,0.6238145416227608,0.11336032388663966,0.4188397008287852,0.33700980392156865
"didnt, one",would,0.044,0.207,0.028,0.6363636363636365,3.074220465524814,1.0,0.018892,2.1807500000000006,0.7057680812910938,0.12556053811659193,0.5414421643929842,0.38581466842336415
"didnt, time",one,0.047,0.224,0.026,0.5531914893617021,2.4696048632218845,1.0,0.015471999999999998,1.736761904761905,0.6244248930502865,0.10612244897959182,0.4242158368063172,0.3346314589665654
"didnt, one",time,0.044,0.273,0.026,0.5909090909090909,2.1645021645021645,1.0,0.013987999999999999,1.777111111111111,0.5627615062761506,0.08934707903780069,0.4372889833687633,0.3430735930735931
"didnt, place",one,0.048,0.224,0.025,0.5208333333333334,2.3251488095238098,1.0,0.014248,1.6194782608695655,0.5986554621848739,0.10121457489878542,0.3825171821305843,0.31622023809523814
"didnt, one",place,0.044,0.369,0.025,0.5681818181818182,1.539788125153979,1.0,0.008764000000000001,1.461263157894737,0.3666945606694561,0.06443298969072166,0.3156605676415503,0.31796624784429667
"didnt, like",one,0.045,0.224,0.024,0.5333333333333333,2.380952380952381,1.0,0.01392,1.6628571428571428,0.6073298429319371,0.09795918367346938,0.39862542955326463,0.3202380952380952
"didnt, one",like,0.044,0.209,0.024,0.5454545454545455,2.6098303610265337,1.0,0.014804000000000001,1.7402000000000004,0.6452231520223153,0.10480349344978165,0.42535340765429275,0.3301435406698565
"didnt, one",good,0.044,0.358,0.023,0.5227272727272727,1.4601320467242256,1.0,0.007248000000000001,1.3451428571428572,0.32963434600691294,0.060686015831134574,0.25658453695836875,0.2934865413915693
"didnt, like",would,0.045,0.207,0.029,0.6444444444444445,3.1132581857219543,1.0,0.019685,2.2303125000000006,0.7107781187940062,0.13004484304932737,0.5516323385175845,0.39227053140096624
"didnt, would",like,0.051,0.209,0.029,0.5686274509803922,2.7207055070832165,1.0,0.018341000000000003,1.8336818181818186,0.6664365393699357,0.12554112554112554,0.45464911628368176,0.35369171592081816
"didnt, place",like,0.048,0.209,0.027,0.5625,2.6913875598086126,1.0,0.016968,1.808,0.6601307189542485,0.11739130434782608,0.44690265486725667,0.3458433014354067
"didnt, like",place,0.045,0.369,0.027,0.6,1.6260162601626016,1.0,0.010395000000000001,1.5775,0.4031413612565446,0.06976744186046513,0.36608557844690964,0.3365853658536585
"didnt, good",like,0.056,0.209,0.029,0.5178571428571429,2.4777853725222148,1.0,0.017296000000000002,1.6405925925925928,0.6317942723553478,0.12288135593220338,0.39046415026187475,0.3283065618591935
"didnt, like",good,0.045,0.358,0.029,0.6444444444444445,1.8001241464928617,1.0,0.012890000000000002,1.8056250000000003,0.46542697237768554,0.07754010695187168,0.4461751471097266,0.36272501551831166
"didnt, time",like,0.047,0.209,0.024,0.5106382978723404,2.443245444365265,1.0,0.014177,1.616391304347826,0.6198408534452606,0.10344827586206896,0.3813379239852597,0.31273541687875395
"didnt, like",time,0.045,0.273,0.024,0.5333333333333333,1.9536019536019533,1.0,0.011715,1.5578571428571428,0.5111256544502618,0.0816326530612245,0.3580926180651077,0.31062271062271063
"back, didnt",would,0.038,0.207,0.023,0.6052631578947368,2.9239766081871346,1.0,0.015134,2.0089333333333332,0.683991683991684,0.1036036036036036,0.5022234021371209,0.358187134502924
"back, didnt",one,0.038,0.224,0.02,0.5263157894736842,2.3496240601503757,1.0,0.011488,1.6382222222222222,0.5970893970893971,0.08264462809917354,0.3895822029300054,0.30780075187969924
"back, didnt",time,0.038,0.273,0.023,0.6052631578947368,2.2170811644495854,1.0,0.012625999999999998,1.8417333333333332,0.570640874988701,0.07986111111111112,0.4570332295663505,0.34475612107191056
"didnt, u",good,0.034,0.358,0.021,0.6176470588235294,1.7252711140322052,1.0,0.008828,1.6790769230769231,0.43517696933846,0.05660377358490566,0.4044346710646876,0.3381531383503122
"didnt, get",like,0.038,0.209,0.02,0.5263157894736842,2.5182573659027954,1.0,0.012058000000000001,1.6698888888888888,0.6267151767151767,0.0881057268722467,0.40115776166078915,0.3110047846889952
"didnt, get",good,0.038,0.358,0.02,0.5263157894736842,1.4701558365186709,1.0,0.006396000000000001,1.3553333333333333,0.3324324324324325,0.053191489361702135,0.26217412690605013,0.29109085563069687
"didnt, get",would,0.038,0.207,0.021,0.5526315789473685,2.6697177726926014,1.0,0.013134000000000002,1.772588235294118,0.6501336501336502,0.09375,0.43585318908873705,0.32704042715484366
"didnt, got",back,0.035,0.212,0.02,0.5714285714285714,2.6954177897574123,1.0,0.012580000000000001,1.8386666666666667,0.6518134715025907,0.0881057268722467,0.4561276287164612,0.3328840970350404
"back, didnt",got,0.038,0.133,0.02,0.5263157894736842,3.9572615749901066,1.0,0.014946000000000001,1.8303333333333331,0.7768191268191269,0.1324503311258278,0.4536514296120925,0.3383458646616541
"didnt, got",like,0.035,0.209,0.02,0.5714285714285714,2.734107997265892,1.0,0.012685,1.8456666666666666,0.6572538860103626,0.08928571428571429,0.458190355788333,0.33356117566643884
"didnt, got",would,0.035,0.207,0.02,0.5714285714285714,2.7605244996549345,1.0,0.012754999999999999,1.8503333333333334,0.6608808290155439,0.09009009009009009,0.4595568366060169,0.33402346445824704
beer,food,0.069,0.359,0.038,0.5507246376811593,1.5340519155464047,1.0,0.013228999999999998,1.4267419354838706,0.37393295268245796,0.09743589743589744,0.29910239887856366,0.3282871099269306
"beer, food",great,0.038,0.349,0.021,0.5526315789473685,1.583471572915096,1.0,0.007738000000000002,1.4551764705882355,0.3830313830313831,0.057377049180327884,0.31279812434311594,0.30640174935907105
"beer, great",food,0.033,0.359,0.021,0.6363636363636364,1.7726006583945304,1.0,0.009153000000000001,1.76275,0.4507312749298272,0.05660377358490566,0.4327045809105091,0.34742972904532793
said,good,0.066,0.358,0.035,0.5303030303030303,1.4812933807347215,1.0,0.011372000000000004,1.3668387096774193,0.34787396757418176,0.08997429305912596,0.26838478240347396,0.31403419671576094
"food, said",good,0.032,0.358,0.021,0.65625,1.833100558659218,1.0,0.009544000000000002,1.8676363636363638,0.4695001967729241,0.05691056910569106,0.46456386292834895,0.35745460893854747
"good, said",food,0.035,0.359,0.021,0.6,1.6713091922005572,1.0,0.008435,1.6025,0.41623488773747835,0.05630026809651475,0.37597503900156004,0.32924791086350974
looking,place,0.06,0.369,0.033,0.55,1.4905149051490516,1.0,0.010860000000000002,1.4022222222222225,0.3500967117988395,0.08333333333333333,0.28684627575277344,0.3197154471544716
local,great,0.035,0.349,0.02,0.5714285714285714,1.637331150225133,1.0,0.007785,1.519,0.4033678756476684,0.05494505494505495,0.34167215273206053,0.3143675808432255
restaurant,food,0.136,0.359,0.08,0.5882352941176471,1.6385384237260365,1.0,0.031176000000000002,1.5567142857142857,0.4510416666666667,0.1927710843373494,0.35762136367807656,0.40553825987219405
restaurant,good,0.136,0.358,0.071,0.5220588235294117,1.4582648701938874,1.0,0.02231199999999999,1.3432615384615383,0.36371935315597276,0.16784869976359337,0.25554333883085933,0.3601914229378902
"food, restaurant",good,0.08,0.358,0.042,0.525,1.4664804469273744,1.0,0.013360000000000004,1.3515789473684212,0.34575569358178065,0.10606060606060606,0.26012461059190034,0.321159217877095
"good, restaurant",food,0.071,0.359,0.042,0.591549295774648,1.6477696261132257,1.0,0.016511000000000005,1.5693448275862074,0.42316366805064337,0.10824742268041238,0.3627914130649735,0.3542704696143435
"like, restaurant",good,0.045,0.358,0.03,0.6666666666666666,1.86219739292365,1.0,0.01389,1.926,0.4848167539267016,0.08042895442359249,0.4807892004153686,0.3752327746741154
"like, restaurant",food,0.045,0.359,0.028,0.6222222222222222,1.7332095326524297,1.0,0.011845000000000001,1.696764705882353,0.44296933433059094,0.07446808510638299,0.4106430923903623,0.3501083255957908
"like, restaurant",place,0.045,0.369,0.027,0.6,1.6260162601626016,1.0,0.010395000000000001,1.5775,0.4031413612565446,0.06976744186046513,0.36608557844690964,0.3365853658536585
"good, like, restaurant",would,0.03,0.207,0.02,0.6666666666666667,3.2206119162640907,1.0,0.01379,2.3790000000000004,0.7108247422680413,0.09216589861751152,0.5796553173602355,0.3816425120772947
"like, restaurant, would",good,0.022,0.358,0.02,0.9090909090909092,2.539360081259523,1.0,0.012124000000000001,7.0620000000000065,0.619836400817996,0.05555555555555556,0.8583970546587371,0.48247841543930936
"good, restaurant, would",like,0.031,0.209,0.02,0.6451612903225806,3.086896125945362,1.0,0.013521000000000002,2.2291818181818184,0.6976780185758514,0.09090909090909091,0.551404918233351,0.3704275351134434
"go, restaurant",food,0.038,0.359,0.025,0.6578947368421053,1.832575868640962,1.0,0.011358000000000002,1.873692307692308,0.4722661122661123,0.06720430107526883,0.46629444125133435,0.36376630992523096
"go, restaurant",good,0.038,0.358,0.024,0.6315789473684211,1.7641870038224055,1.0,0.010396,1.7425714285714289,0.4502772002772003,0.06451612903225808,0.42613543203803916,0.3493090267568363
"go, restaurant",place,0.038,0.369,0.02,0.5263157894736842,1.426330052774212,1.0,0.005978000000000001,1.332111111111111,0.31070686070686077,0.0516795865633075,0.2493118692134456,0.2902581657395521
"place, restaurant",good,0.058,0.358,0.034,0.5862068965517242,1.637449431708727,1.0,0.013236000000000001,1.5515000000000003,0.41326339452978644,0.08900523560209425,0.35546245568804397,0.34058948179541515
"place, restaurant",food,0.058,0.359,0.039,0.6724137931034483,1.873018922293728,1.0,0.018178,1.9567368421052633,0.49480102346344385,0.10317460317460317,0.4889450750443811,0.39052444529824226
"food, place, restaurant",good,0.039,0.358,0.022,0.5641025641025641,1.5757054863200115,1.0,0.008038,1.4728235294117646,0.3801910888279255,0.05866666666666667,0.32103203131240515,0.31277753903452227
"food, good, restaurant",place,0.042,0.369,0.022,0.5238095238095237,1.4195380049038584,1.0,0.006501999999999997,1.3250999999999997,0.30850256215600674,0.05655526992287918,0.245339974341559,0.2917150600077429
"good, place, restaurant",food,0.034,0.359,0.022,0.6470588235294117,1.8023922660986398,1.0,0.009793999999999999,1.8161666666666663,0.46085074345943916,0.05929919137466307,0.44938974029549406,0.3541700802883827
"place, restaurant",time,0.058,0.273,0.032,0.5517241379310345,2.020967538208917,1.0,0.016166,1.6217692307692306,0.5362924628450106,0.10702341137123744,0.383389460702936,0.33447012757357586
"restaurant, time",place,0.048,0.369,0.032,0.6666666666666666,1.8066847335140017,1.0,0.014288000000000002,1.8929999999999998,0.4690126050420169,0.08311688311688312,0.47173798203909134,0.37669376693766937
"restaurant, time",good,0.048,0.358,0.027,0.5625,1.5712290502793296,1.0,0.009815999999999998,1.4674285714285715,0.3818860877684407,0.0712401055408971,0.31853582554517135,0.3189594972067039
"restaurant, time",food,0.048,0.359,0.031,0.6458333333333334,1.7989786443825442,1.0,0.013767999999999999,1.8098823529411767,0.46652209270805095,0.08244680851063829,0.4474778991159647,0.36609215413184776
"good, place, restaurant",time,0.034,0.273,0.02,0.5882352941176471,2.154708037060978,1.0,0.010717999999999998,1.7655714285714286,0.5547619047619047,0.06968641114982578,0.43361113358685976,0.33074768368886015
"place, restaurant, time",good,0.032,0.358,0.02,0.625,1.7458100558659218,1.0,0.008544000000000001,1.712,0.4413223140495869,0.05405405405405406,0.4158878504672897,0.3404329608938548
"good, restaurant, time",place,0.027,0.369,0.02,0.7407407407407408,2.0074274816822246,1.0,0.010037,2.4338571428571436,0.5157759506680369,0.05319148936170213,0.5891295415859601,0.3974706413730804
"food, place, restaurant",time,0.039,0.273,0.021,0.5384615384615385,1.9723865877712032,1.0,0.010353000000000001,1.5751666666666668,0.5130072840790844,0.07216494845360825,0.36514654533911767,0.3076923076923077
"place, restaurant, time",food,0.032,0.359,0.021,0.65625,1.8279944289693595,1.0,0.009512000000000001,1.8647272727272728,0.46792601338055884,0.05675675675675676,0.4637285491419657,0.35737291086350975
"food, restaurant, time",place,0.031,0.369,0.021,0.6774193548387097,1.835824809861002,1.0,0.009561000000000002,1.9561000000000004,0.46985109833407057,0.0554089709762533,0.488778692295895,0.3671649619722004
"restaurant, service",food,0.057,0.359,0.036,0.631578947368421,1.7592728338953232,1.0,0.015536999999999999,1.7398571428571428,0.45767055496641923,0.09473684210526315,0.42524016750143684,0.36592874945022724
"restaurant, service",good,0.057,0.358,0.035,0.6140350877192983,1.715181809271783,1.0,0.014594000000000003,1.6633636363636366,0.4421754279654599,0.09210526315789475,0.39880854784937425,0.35590022542389493
"food, restaurant, service",good,0.036,0.358,0.021,0.5833333333333334,1.6294227188081938,1.0,0.008112000000000003,1.5408000000000002,0.40071132187314773,0.056300268096514755,0.3509865005192109,0.32099627560521415
"food, good, restaurant",service,0.042,0.28,0.021,0.5,1.7857142857142856,1.0,0.00924,1.44,0.4592901878914405,0.06976744186046513,0.3055555555555555,0.2875
"good, restaurant, service",food,0.035,0.359,0.021,0.6,1.6713091922005572,1.0,0.008435,1.6025,0.41623488773747835,0.05630026809651475,0.37597503900156004,0.32924791086350974
"restaurant, would",food,0.047,0.359,0.034,0.723404255319149,2.0150536359864875,1.0,0.017127000000000003,2.3174615384615387,0.5285784828097032,0.0913978494623656,0.5684933780329937,0.40905588810525695
"restaurant, would",good,0.047,0.358,0.031,0.6595744680851063,1.8423867823606324,1.0,0.014173999999999999,1.8858749999999997,0.4797752428663304,0.08288770053475936,0.46974216212633385,0.373083323428028
"restaurant, would",place,0.047,0.369,0.028,0.5957446808510638,1.6144842299486823,1.0,0.010657,1.5608947368421051,0.3993779043621646,0.07216494845360825,0.3593418080048555,0.3358127198293259
"food, good, restaurant",would,0.042,0.207,0.022,0.5238095238095237,2.530480791350356,1.0,0.013305999999999998,1.6652999999999998,0.6313342190168912,0.09691629955947136,0.39950759622890764,0.31504485852311936
"food, restaurant, would",good,0.034,0.358,0.022,0.6470588235294117,1.8074268813670717,1.0,0.009827999999999998,1.8189999999999997,0.4624505928853755,0.059459459459459456,0.4502473886750961,0.35425566874794606
"good, restaurant, would",food,0.031,0.359,0.022,0.7096774193548386,1.9768173241081857,1.0,0.010870999999999999,2.2078888888888883,0.5099446477155456,0.05978260869565217,0.5470786573398418,0.3854793782010962
"food, place, restaurant",would,0.039,0.207,0.023,0.5897435897435898,2.8490028490028494,1.0,0.014927,1.9329375000000002,0.6753381893860563,0.10313901345291479,0.4826526982895205,0.35042735042735046
"food, restaurant, would",place,0.034,0.369,0.023,0.676470588235294,1.8332536266539134,1.0,0.010454,1.9503636363636359,0.4705193986857503,0.060526315789473685,0.4872751002144121,0.36940060577076356
"place, restaurant, would",food,0.028,0.359,0.023,0.8214285714285714,2.288101870274572,1.0,0.012948,3.5895999999999995,0.5791733762748256,0.06318681318681318,0.7214174281256964,0.4427477118981297
"good, place, restaurant",would,0.034,0.207,0.021,0.6176470588235294,2.98380221653879,1.0,0.013962000000000002,2.0740000000000003,0.6882579118603964,0.09545454545454546,0.5178399228543877,0.35954816709292414
"place, restaurant, would",good,0.028,0.358,0.021,0.75,2.094972067039106,1.0,0.010976000000000001,2.568,0.5377229080932785,0.05753424657534247,0.6105919003115264,0.40432960893854747
"good, restaurant, would",place,0.031,0.369,0.021,0.6774193548387097,1.835824809861002,1.0,0.009561000000000002,1.9561000000000004,0.46985109833407057,0.0554089709762533,0.488778692295895,0.3671649619722004
"one, restaurant",food,0.046,0.359,0.027,0.5869565217391305,1.6349763836744582,1.0,0.010486000000000002,1.5518947368421054,0.4070968242876001,0.07142857142857144,0.35562639896900233,0.33108271769407777
"one, restaurant",service,0.046,0.28,0.024,0.5217391304347826,1.8633540372670805,1.0,0.01112,1.5054545454545454,0.4856743535988819,0.07947019867549669,0.33574879227053134,0.30372670807453417
"place, restaurant",one,0.058,0.224,0.03,0.5172413793103448,2.3091133004926103,1.0,0.017008,1.6074285714285712,0.6018400566171267,0.11904761904761904,0.3778883753999288,0.3255849753694581
"one, restaurant",place,0.046,0.369,0.03,0.6521739130434783,1.7674089784376106,1.0,0.013026,1.814125,0.45513626834381554,0.07792207792207792,0.44877006821470405,0.3667373630258042
"one, restaurant",good,0.046,0.358,0.029,0.6304347826086957,1.7609910128734516,1.0,0.012532000000000001,1.7371764705882355,0.45297477047639706,0.07733333333333335,0.4243532439387783,0.35572018460043725
"food, place, restaurant",one,0.039,0.224,0.021,0.5384615384615385,2.403846153846154,1.0,0.012264,1.6813333333333338,0.6077003121748179,0.08677685950413223,0.40523394131641566,0.3161057692307693
"one, place, restaurant",food,0.03,0.359,0.021,0.7000000000000001,1.9498607242339836,1.0,0.010230000000000003,2.136666666666667,0.5022091310751107,0.05706521739130435,0.5319812792511701,0.3792479108635098
"food, one, restaurant",place,0.027,0.369,0.021,0.7777777777777778,2.1077988557663354,1.0,0.011037000000000002,2.8395,0.5401556305975629,0.056,0.6478253213593943,0.4173441734417344
"good, place, restaurant",one,0.034,0.224,0.021,0.6176470588235294,2.7573529411764706,1.0,0.013384,2.0295384615384617,0.6597653554175292,0.08860759493670886,0.5072771376591875,0.3556985294117647
"one, place, restaurant",good,0.03,0.358,0.021,0.7000000000000001,1.9553072625698327,1.0,0.010260000000000002,2.1400000000000006,0.5036818851251842,0.05722070844686649,0.532710280373832,0.3793296089385475
"good, one, restaurant",place,0.029,0.369,0.021,0.7241379310344828,1.9624334174376228,1.0,0.010299,2.287375,0.5050757687214948,0.05570291777188329,0.5628176403082136,0.3905242500700869
"really, restaurant",food,0.04,0.359,0.029,0.725,2.01949860724234,1.0,0.014640000000000002,2.3309090909090906,0.5258620689655173,0.0783783783783784,0.5709828393135725,0.4028899721448468
"really, restaurant",good,0.04,0.358,0.026,0.6499999999999999,1.8156424581005586,1.0,0.01168,1.8342857142857139,0.46794871794871795,0.06989247311827958,0.45482866043613696,0.3613128491620111
"really, restaurant",place,0.04,0.369,0.023,0.575,1.5582655826558265,1.0,0.008239999999999999,1.484705882352941,0.37318840579710144,0.05958549222797928,0.32646592709984146,0.3186653116531165
"really, restaurant",like,0.04,0.209,0.02,0.5,2.3923444976076556,1.0,0.011640000000000001,1.582,0.6062500000000001,0.08733624454148471,0.3678887484197219,0.29784688995215314
"back, restaurant",good,0.035,0.358,0.025,0.7142857142857143,1.9952114924181965,1.0,0.01247,2.2470000000000003,0.5168911917098445,0.06793478260869566,0.5549621717846017,0.3920590582601756
"back, restaurant",food,0.035,0.359,0.022,0.6285714285714284,1.7508953442101072,1.0,0.009434999999999997,1.7257692307692303,0.4444182760244935,0.059139784946236555,0.42054825050144845,0.3449263828093911
"great, restaurant",service,0.045,0.28,0.027,0.6,2.142857142857143,1.0,0.0144,1.7999999999999998,0.5584642233856894,0.09060402684563759,0.4444444444444444,0.3482142857142857
"great, restaurant",good,0.045,0.358,0.025,0.5555555555555556,1.5518311607697084,1.0,0.008890000000000002,1.4445000000000001,0.37235602094240844,0.06613756613756615,0.30771893388715826,0.3126939788950962
"great, restaurant",food,0.045,0.359,0.03,0.6666666666666666,1.8570102135561746,1.0,0.013845,1.9229999999999998,0.48324607329842934,0.08021390374331551,0.47997919916796666,0.3751160631383472
"get, restaurant",time,0.041,0.273,0.025,0.6097560975609756,2.2335388189046723,1.0,0.013807,1.8629375,0.5758915537017727,0.08650519031141869,0.46321333914852214,0.3506655945680336
"restaurant, time",get,0.048,0.219,0.025,0.5208333333333334,2.378234398782344,1.0,0.014488000000000001,1.6299130434782612,0.6087394957983193,0.10330578512396695,0.3864703371745626,0.31749429223744297
"get, restaurant",good,0.041,0.358,0.024,0.5853658536585366,1.6351001498841804,1.0,0.009322,1.5483529411764705,0.4050225929787974,0.06400000000000002,0.35415242002887315,0.326202479901894
"get, restaurant",food,0.041,0.359,0.026,0.6341463414634145,1.7664243494802634,1.0,0.011281,1.7520666666666662,0.45243442688698166,0.06951871657754012,0.42924546250142676,0.3532848698960527
"like, restaurant",get,0.045,0.219,0.025,0.5555555555555556,2.5367833587011672,1.0,0.015145000000000002,1.7572500000000002,0.63434554973822,0.10460251046025104,0.43092900839379716,0.33485540334855407
"get, restaurant",like,0.041,0.209,0.025,0.6097560975609756,2.9174932897654338,1.0,0.016431,2.0269375,0.6853388946819604,0.11111111111111112,0.5066448768153927,0.36468666122067916
"get, restaurant",place,0.041,0.369,0.024,0.5853658536585366,1.5863573269879039,1.0,0.008871,1.5218235294117646,0.3854275286757039,0.062176165803108814,0.3428935874144795,0.3252032520325203
"also, restaurant",food,0.028,0.359,0.02,0.7142857142857143,1.9896538002387585,1.0,0.009948,2.2435,0.5117283950617284,0.05449591280653951,0.5542678850011143,0.3849980103461998
"good, two",one,0.034,0.224,0.021,0.6176470588235294,2.7573529411764706,1.0,0.013384,2.0295384615384617,0.6597653554175292,0.08860759493670886,0.5072771376591875,0.3556985294117647
"one, two",good,0.04,0.358,0.021,0.525,1.4664804469273744,1.0,0.006680000000000002,1.3515789473684212,0.33134920634920645,0.0557029177718833,0.26012461059190034,0.2918296089385475
"place, two",one,0.04,0.224,0.023,0.575,2.5669642857142856,1.0,0.014039999999999999,1.8258823529411763,0.6358695652173912,0.0954356846473029,0.4523195876288659,0.3388392857142857
"one, two",place,0.04,0.369,0.023,0.575,1.5582655826558265,1.0,0.008239999999999999,1.484705882352941,0.37318840579710144,0.05958549222797928,0.32646592709984146,0.3186653116531165
"time, two",one,0.032,0.224,0.02,0.625,2.790178571428571,1.0,0.012832,2.0693333333333332,0.662809917355372,0.0847457627118644,0.5167525773195877,0.35714285714285715
"one, two",time,0.04,0.273,0.02,0.5,1.8315018315018314,1.0,0.00908,1.454,0.4729166666666667,0.06825938566552901,0.312242090784044,0.2866300366300366
"place, two",great,0.04,0.349,0.022,0.5499999999999999,1.5759312320916905,1.0,0.008039999999999999,1.4466666666666665,0.3806818181818182,0.059945504087193464,0.30875576036866353,0.30651862464183377
"great, two",place,0.031,0.369,0.022,0.7096774193548386,1.9232450389020017,1.0,0.010561,2.173444444444444,0.4954029458673422,0.0582010582010582,0.5399008230663053,0.38464900778040034
"get, two",one,0.029,0.224,0.021,0.7241379310344828,3.2327586206896552,1.0,0.014504000000000001,2.813,0.711294198420872,0.09051724137931035,0.6445076430856737,0.4089439655172414
"one, two",get,0.04,0.219,0.021,0.525,2.397260273972603,1.0,0.012240000000000001,1.6442105263157896,0.6071428571428572,0.08823529411764706,0.3918053777208707,0.3104452054794521
"place, two",get,0.04,0.219,0.02,0.5,2.2831050228310503,1.0,0.01124,1.562,0.5854166666666667,0.08368200836820083,0.3597951344430218,0.295662100456621
"get, two",place,0.029,0.369,0.02,0.689655172413793,1.86898420708345,1.0,0.009299,2.033222222222222,0.47883625128733265,0.052910052910052914,0.5081698453467401,0.3719278572096065
salad,good,0.058,0.358,0.034,0.5862068965517242,1.637449431708727,1.0,0.013236000000000001,1.5515000000000003,0.41326339452978644,0.08900523560209425,0.35546245568804397,0.34058948179541515
"place, salad",good,0.028,0.358,0.021,0.75,2.094972067039106,1.0,0.010976000000000001,2.568,0.5377229080932785,0.05753424657534247,0.6105919003115264,0.40432960893854747
"good, salad",place,0.034,0.369,0.021,0.6176470588235294,1.6738402678144428,1.0,0.008454000000000001,1.6503076923076925,0.41674060928719314,0.0549738219895288,0.39405239116248725,0.33727881396461024
burger,good,0.046,0.358,0.024,0.5217391304347826,1.4573718727228564,1.0,0.0075320000000000005,1.3423636363636364,0.32896575821104124,0.06315789473684212,0.25504537450900716,0.294389118290017
thought,good,0.035,0.358,0.023,0.657142857142857,1.8355945730247403,1.0,0.010469999999999998,1.8724999999999994,0.4717278666366298,0.06216216216216216,0.46595460614152184,0.3606943335993615
lot,good,0.085,0.358,0.044,0.5176470588235293,1.4459415050936575,1.0,0.013569999999999995,1.3309756097560974,0.33705911574764025,0.11027568922305764,0.24867143118929808,0.3202760433782451
"good, lot",like,0.044,0.209,0.026,0.5909090909090909,2.8273162244454113,1.0,0.016804,1.9335555555555557,0.676054071451561,0.11453744493392069,0.4828180668888634,0.3576555023923445
"like, lot",good,0.041,0.358,0.026,0.6341463414634145,1.7713584957078619,1.0,0.011321999999999999,1.7547999999999995,0.45407876794738106,0.06970509383378017,0.43013448826077033,0.35338601989371843
"food, lot",good,0.034,0.358,0.022,0.6470588235294117,1.8074268813670717,1.0,0.009827999999999998,1.8189999999999997,0.4624505928853755,0.059459459459459456,0.4502473886750961,0.35425566874794606
"good, lot",food,0.044,0.359,0.022,0.5,1.392757660167131,1.0,0.006204000000000001,1.282,0.294979079497908,0.05774278215223098,0.2199687987519501,0.28064066852367686
"lot, place",food,0.039,0.359,0.02,0.5128205128205129,1.4284693950432115,1.0,0.005999000000000001,1.3157368421052633,0.31212278876170657,0.05291005291005292,0.23996959878395147,0.2842654096135991
"food, lot",place,0.034,0.369,0.02,0.5882352941176471,1.5941335883947076,1.0,0.0074540000000000006,1.5324285714285715,0.3858178053830228,0.05221932114882506,0.3474410366365247,0.32121791806153355
"lot, place",good,0.039,0.358,0.023,0.5897435897435898,1.6473284629709213,1.0,0.009038000000000001,1.564875,0.4089037687191785,0.061497326203208566,0.36097132358814604,0.32699469989972785
"good, lot",place,0.044,0.369,0.023,0.5227272727272727,1.4166050751416606,1.0,0.006763999999999999,1.322095238095238,0.30762233945788614,0.05897435897435898,0.2436248379196081,0.2925289480167529
"get, lot",like,0.032,0.209,0.02,0.625,2.9904306220095696,1.0,0.013312000000000001,2.1093333333333333,0.6876033057851241,0.09049773755656108,0.5259165613147915,0.36034688995215314
"lot, really",like,0.03,0.209,0.021,0.7000000000000001,3.3492822966507183,1.0,0.014730000000000002,2.636666666666667,0.7231222385861562,0.0963302752293578,0.6207332490518332,0.4002392344497608
"like, lot",really,0.041,0.182,0.021,0.5121951219512195,2.8142589118198877,1.0,0.013538000000000001,1.6769,0.6722280152937088,0.10396039603960396,0.40366151827777447,0.31378986866791747
"lot, really",good,0.03,0.358,0.021,0.7000000000000001,1.9553072625698327,1.0,0.010260000000000002,2.1400000000000006,0.5036818851251842,0.05722070844686649,0.532710280373832,0.3793296089385475
think,good,0.075,0.358,0.046,0.6133333333333334,1.713221601489758,1.0,0.01915,1.6603448275862072,0.45005875440658044,0.11886304909560723,0.39771547248182776,0.37091247672253264
think,food,0.075,0.359,0.04,0.5333333333333333,1.4856081708449398,1.0,0.013075000000000003,1.3735714285714287,0.35337837837837843,0.10152284263959391,0.2719708788351534,0.3223769730733519
think,place,0.075,0.369,0.041,0.5466666666666667,1.4814814814814816,1.0,0.013325000000000004,1.3919117647058825,0.3513513513513514,0.10173697270471464,0.28156365557316443,0.32888888888888895
"food, think",good,0.04,0.358,0.027,0.6749999999999999,1.8854748603351954,1.0,0.01268,1.975384615384615,0.4891975308641976,0.07277628032345014,0.4937694704049843,0.3752094972067039
"good, think",food,0.046,0.359,0.027,0.5869565217391305,1.6349763836744582,1.0,0.010486000000000002,1.5518947368421054,0.4070968242876001,0.07142857142857144,0.35562639896900233,0.33108271769407777
"place, think",food,0.041,0.359,0.026,0.6341463414634145,1.7664243494802634,1.0,0.011281,1.7520666666666662,0.45243442688698166,0.06951871657754012,0.42924546250142676,0.3532848698960527
"food, think",place,0.04,0.369,0.026,0.6499999999999999,1.7615176151761516,1.0,0.011239999999999998,1.8028571428571425,0.4503205128205128,0.06788511749347259,0.44532488114104585,0.36023035230352296
"food, place, think",good,0.026,0.358,0.02,0.7692307692307693,2.1486892995272884,1.0,0.010692000000000002,2.7820000000000005,0.5488706365503081,0.05494505494505495,0.6405463695183322,0.4125483455092394
"good, place, think",food,0.03,0.359,0.02,0.6666666666666667,1.8570102135561748,1.0,0.009230000000000002,1.9230000000000005,0.47577319587628875,0.05420054200542006,0.47997919916796683,0.361188486536676
"food, good, think",place,0.027,0.369,0.02,0.7407407407407408,2.0074274816822246,1.0,0.010037,2.4338571428571436,0.5157759506680369,0.05319148936170213,0.5891295415859601,0.3974706413730804
"food, think","good, place",0.04,0.158,0.02,0.5,3.1645569620253164,1.0,0.013680000000000001,1.684,0.7125000000000001,0.11235955056179775,0.4061757719714964,0.31329113924050633
"go, think",back,0.03,0.212,0.02,0.6666666666666667,3.144654088050315,1.0,0.013640000000000001,2.3640000000000008,0.7030927835051547,0.09009009009009009,0.5769881556683588,0.3805031446540881
"back, think",go,0.033,0.2,0.02,0.6060606060606061,3.0303030303030303,1.0,0.013399999999999999,2.030769230769231,0.6928645294725956,0.09389671361502347,0.5075757575757576,0.353030303030303
"like, think",good,0.028,0.358,0.024,0.8571428571428571,2.3942537909018355,1.0,0.013976,4.493999999999999,0.5991083676268861,0.06629834254143646,0.7774810858923008,0.46209098164405427
"good, think",like,0.046,0.209,0.024,0.5217391304347826,2.49635947576451,1.0,0.014386000000000001,1.653909090909091,0.6283193570929421,0.10389610389610389,0.3953718463145166,0.31828583315997505
"place, think",good,0.041,0.358,0.03,0.7317073170731707,2.0438751873552254,1.0,0.015321999999999999,2.392909090909091,0.5325686478971151,0.08130081300813008,0.582098624724565,0.40775309987736746
"good, think",place,0.046,0.369,0.03,0.6521739130434783,1.7674089784376106,1.0,0.013026,1.814125,0.45513626834381554,0.07792207792207792,0.44877006821470405,0.3667373630258042
"think, time",good,0.03,0.358,0.02,0.6666666666666667,1.8621973929236502,1.0,0.009260000000000001,1.9260000000000004,0.477319587628866,0.05434782608695653,0.48078920041536877,0.36126629422718814
"good, think",would,0.046,0.207,0.024,0.5217391304347826,2.520478890989288,1.0,0.014478000000000001,1.658090909090909,0.6323375262054508,0.10480349344978165,0.39689675969077254,0.3188405797101449
"think, would",good,0.033,0.358,0.024,0.7272727272727273,2.0314880650076184,1.0,0.012186,2.354,0.5250775594622544,0.06539509536784742,0.5751911639762107,0.39715591670898936
"think, would",place,0.033,0.369,0.02,0.6060606060606061,1.6424406668309108,1.0,0.007823,1.6017692307692308,0.4044984488107549,0.05235602094240838,0.3756903424098353,0.33013057403301305
"good, think",back,0.046,0.212,0.023,0.5,2.358490566037736,1.0,0.013248,1.576,0.6037735849056604,0.0978723404255319,0.3654822335025381,0.30424528301886794
"back, think",good,0.033,0.358,0.023,0.6969696969696969,1.9468427289656338,1.0,0.011186,2.1186,0.5029450114653118,0.0625,0.5279901821957896,0.3806077535127814
"place, think",really,0.041,0.182,0.021,0.5121951219512195,2.8142589118198877,1.0,0.013538000000000001,1.6769,0.6722280152937088,0.10396039603960396,0.40366151827777447,0.31378986866791747
"really, think",place,0.026,0.369,0.021,0.8076923076923078,2.1888680425265794,1.0,0.011406000000000001,3.2812000000000023,0.5576415371076563,0.05614973262032086,0.6952334511763991,0.4323014383989994
"really, think",good,0.026,0.358,0.02,0.7692307692307693,2.1486892995272884,1.0,0.010692000000000002,2.7820000000000005,0.5488706365503081,0.05494505494505495,0.6405463695183322,0.4125483455092394
choice,good,0.033,0.358,0.021,0.6363636363636364,1.7775520568816658,1.0,0.009186000000000001,1.7655,0.45235633032944306,0.05675675675675676,0.4335882186349476,0.34751142712036565
"back, went",good,0.042,0.358,0.026,0.619047619047619,1.7291832934291034,1.0,0.010963999999999998,1.6852499999999997,0.4401798618917616,0.06951871657754012,0.4066162290461355,0.34583665868582064
"food, went",good,0.04,0.358,0.023,0.575,1.606145251396648,1.0,0.00868,1.5105882352941176,0.39311594202898553,0.061333333333333344,0.33800623052959494,0.31962290502793295
"place, went",good,0.05,0.358,0.025,0.5,1.3966480446927374,1.0,0.007100000000000002,1.284,0.29894736842105274,0.06527415143603134,0.22118380062305298,0.2849162011173184
"went, would",good,0.038,0.358,0.021,0.5526315789473685,1.5436636283446048,1.0,0.0073960000000000015,1.435058823529412,0.3661023661023662,0.056000000000000015,0.3031644531890475,0.3056453984122317
"one, went",place,0.038,0.369,0.02,0.5263157894736842,1.426330052774212,1.0,0.005978000000000001,1.332111111111111,0.31070686070686077,0.0516795865633075,0.2493118692134456,0.2902581657395521
"one, went",good,0.038,0.358,0.021,0.5526315789473685,1.5436636283446048,1.0,0.0073960000000000015,1.435058823529412,0.3661023661023662,0.056000000000000015,0.3031644531890475,0.3056453984122317
"got, went",back,0.031,0.212,0.021,0.6774193548387097,3.1953743152769327,1.0,0.014428000000000002,2.4428000000000005,0.7090274706373779,0.0945945945945946,0.5906336990338956,0.38823797930614734
"back, went",got,0.042,0.133,0.021,0.5,3.7593984962406015,1.0,0.015414,1.734,0.7661795407098121,0.13636363636363635,0.42329873125720874,0.32894736842105265
"time, went",good,0.048,0.358,0.025,0.5208333333333334,1.4548417132216016,1.0,0.007816,1.339826086956522,0.3284033613445378,0.06561679790026248,0.2536344755970925,0.29533286778398515
"go, went",back,0.036,0.212,0.02,0.5555555555555556,2.620545073375262,1.0,0.012368,1.7730000000000001,0.64149377593361,0.08771929824561403,0.4359842075578117,0.3249475890985325
"go, went",time,0.036,0.273,0.02,0.5555555555555556,2.035002035002035,1.0,0.010172,1.63575,0.5275933609958506,0.06920415224913495,0.38865963625248356,0.3144078144078144
"get, went",place,0.036,0.369,0.02,0.5555555555555556,1.5055706112616682,1.0,0.0067160000000000015,1.41975,0.3483402489626557,0.05194805194805196,0.29565064271878855,0.3048780487804878
"like, went",place,0.035,0.369,0.023,0.657142857142857,1.7808749516066587,1.0,0.010084999999999998,1.8404166666666661,0.4543816174814147,0.06036745406824147,0.4566447815259224,0.35973674022454505
"like, went",good,0.035,0.358,0.02,0.5714285714285714,1.596169193934557,1.0,0.007469999999999999,1.498,0.38704663212435225,0.05361930294906166,0.3324432576769025,0.3136472466081405
"like, went",one,0.035,0.224,0.02,0.5714285714285714,2.5510204081632653,1.0,0.012159999999999999,1.8106666666666666,0.6300518134715025,0.08368200836820083,0.4477172312223858,0.33035714285714285
"one, went",like,0.038,0.209,0.02,0.5263157894736842,2.5182573659027954,1.0,0.012058000000000001,1.6698888888888888,0.6267151767151767,0.0881057268722467,0.40115776166078915,0.3110047846889952
"like, went",would,0.035,0.207,0.02,0.5714285714285714,2.7605244996549345,1.0,0.012754999999999999,1.8503333333333334,0.6608808290155439,0.09009009009009009,0.4595568366060169,0.33402346445824704
"went, would",like,0.038,0.209,0.02,0.5263157894736842,2.5182573659027954,1.0,0.012058000000000001,1.6698888888888888,0.6267151767151767,0.0881057268722467,0.40115776166078915,0.3110047846889952
meat,food,0.035,0.359,0.022,0.6285714285714284,1.7508953442101072,1.0,0.009434999999999997,1.7257692307692303,0.4444182760244935,0.059139784946236555,0.42054825050144845,0.3449263828093911
meat,good,0.035,0.358,0.021,0.6,1.675977653631285,1.0,0.00847,1.605,0.4179620034542314,0.05645161290322581,0.37694704049844235,0.32932960893854746
"going, place",good,0.038,0.358,0.02,0.5263157894736842,1.4701558365186709,1.0,0.006396000000000001,1.3553333333333333,0.3324324324324325,0.053191489361702135,0.26217412690605013,0.29109085563069687
"going, good",place,0.037,0.369,0.02,0.5405405405405406,1.4648795136600015,1.0,0.006347000000000002,1.3733529411764707,0.32954309449636565,0.051813471502590684,0.2718550563241531,0.2973705412729803
"going, good",time,0.037,0.273,0.022,0.5945945945945946,2.178002178002178,1.0,0.011898999999999998,1.7932666666666668,0.5616444822052299,0.0763888888888889,0.44235845198706275,0.33759033759033763
"going, time",good,0.035,0.358,0.022,0.6285714285714284,1.7557861133280126,1.0,0.009469999999999998,1.7284615384615378,0.44606688648139414,0.05929919137466307,0.421450823319982,0.34501197126895444
another,place,0.07,0.369,0.038,0.5428571428571428,1.4711575687185443,1.0,0.012169999999999997,1.3803124999999998,0.3443689869835879,0.09476309226932668,0.2755263753678967,0.32291908633372046
another,time,0.07,0.273,0.035,0.5,1.8315018315018314,1.0,0.01589,1.454,0.4881720430107527,0.11363636363636363,0.312242090784044,0.3141025641025641
"another, place",time,0.038,0.273,0.023,0.6052631578947368,2.2170811644495854,1.0,0.012625999999999998,1.8417333333333332,0.570640874988701,0.07986111111111112,0.4570332295663505,0.34475612107191056
"another, time",place,0.035,0.369,0.023,0.657142857142857,1.7808749516066587,1.0,0.010084999999999998,1.8404166666666661,0.4543816174814147,0.06036745406824147,0.4566447815259224,0.35973674022454505
"another, place",good,0.038,0.358,0.02,0.5263157894736842,1.4701558365186709,1.0,0.006396000000000001,1.3553333333333333,0.3324324324324325,0.053191489361702135,0.26217412690605013,0.29109085563069687
"another, good",place,0.032,0.369,0.02,0.625,1.6937669376693767,1.0,0.008192,1.6826666666666668,0.4231404958677686,0.05249343832020997,0.40570522979397783,0.33960027100271
"another, time",would,0.035,0.207,0.02,0.5714285714285714,2.7605244996549345,1.0,0.012754999999999999,1.8503333333333334,0.6608808290155439,0.09009009009009009,0.4595568366060169,0.33402346445824704
"another, would",time,0.034,0.273,0.02,0.5882352941176471,2.154708037060978,1.0,0.010717999999999998,1.7655714285714286,0.5547619047619047,0.06968641114982578,0.43361113358685976,0.33074768368886015
"another, place",like,0.038,0.209,0.021,0.5526315789473685,2.644170234197935,1.0,0.013058000000000002,1.7681176470588238,0.6463716463716465,0.09292035398230089,0.4344267749018565,0.326555023923445
"another, like",place,0.026,0.369,0.021,0.8076923076923078,2.1888680425265794,1.0,0.011406000000000001,3.2812000000000023,0.5576415371076563,0.05614973262032086,0.6952334511763991,0.4323014383989994
every,time,0.063,0.273,0.038,0.6031746031746031,2.209430780859352,1.0,0.020800999999999997,1.83204,0.5841992922541144,0.12751677852348992,0.45416038951114596,0.37118437118437114
every,place,0.063,0.369,0.035,0.5555555555555556,1.5055706112616682,1.0,0.011753000000000003,1.41975,0.35837780149413023,0.08816120906801007,0.29565064271878855,0.3252032520325203
"every, place",time,0.035,0.273,0.02,0.5714285714285714,2.0931449502878072,1.0,0.010445,1.6963333333333332,0.5411917098445596,0.06944444444444443,0.4104932206720377,0.3223443223443223
"every, time",place,0.038,0.369,0.02,0.5263157894736842,1.426330052774212,1.0,0.005978000000000001,1.332111111111111,0.31070686070686077,0.0516795865633075,0.2493118692134456,0.2902581657395521
top,food,0.039,0.359,0.02,0.5128205128205129,1.4284693950432115,1.0,0.005999000000000001,1.3157368421052633,0.31212278876170657,0.05291005291005292,0.23996959878395147,0.2842654096135991
top,place,0.039,0.369,0.02,0.5128205128205129,1.389757487318463,1.0,0.005609000000000001,1.2952105263157896,0.29183142559833514,0.051546391752577324,0.2279247429802106,0.28351052741296645
slow,service,0.024,0.28,0.02,0.8333333333333334,2.976190476190476,1.0,0.01328,4.320000000000001,0.6803278688524591,0.0704225352112676,0.7685185185185186,0.4523809523809524
city,good,0.035,0.358,0.023,0.657142857142857,1.8355945730247403,1.0,0.010469999999999998,1.8724999999999994,0.4717278666366298,0.06216216216216216,0.46595460614152184,0.3606943335993615
new,good,0.096,0.358,0.049,0.5104166666666666,1.4257448789571694,1.0,0.014632,1.3113191489361702,0.3303232797543796,0.12098765432098767,0.23740913811007264,0.32364408752327745
"new, place",good,0.04,0.358,0.023,0.575,1.606145251396648,1.0,0.00868,1.5105882352941176,0.39311594202898553,0.061333333333333344,0.33800623052959494,0.31962290502793295
"new, place",time,0.04,0.273,0.022,0.5499999999999999,2.014652014652014,1.0,0.011079999999999998,1.6155555555555552,0.5246212121212122,0.07560137457044673,0.3810178817056395,0.3152930402930403
"new, time",place,0.039,0.369,0.022,0.5641025641025641,1.5287332360503092,1.0,0.0076089999999999994,1.4475882352941176,0.35989972566455397,0.05699481865284974,0.30919582266650414,0.3118615801542631
"new, service",good,0.032,0.358,0.02,0.625,1.7458100558659218,1.0,0.008544000000000001,1.712,0.4413223140495869,0.05405405405405406,0.4158878504672897,0.3404329608938548
"one, time",place,0.093,0.369,0.053,0.5698924731182795,1.5444240463910015,1.0,0.018682999999999998,1.467075,0.3886542822075679,0.12958435207823962,0.3183715897278598,0.35676195471632133
"food, one",time,0.076,0.273,0.041,0.5394736842105263,1.9760940813572392,1.0,0.020252,1.5786285714285715,0.534579241896315,0.1331168831168831,0.36653876782740896,0.34482841719683827
"food, one",place,0.076,0.369,0.052,0.6842105263157895,1.8542290686064755,1.0,0.023955999999999998,1.9981666666666669,0.49858474858474855,0.13231552162849872,0.4995412461422971,0.4125659677649408
"food, one",good,0.076,0.358,0.044,0.5789473684210527,1.6171714201705383,1.0,0.016791999999999998,1.52475,0.4130263675718221,0.11282051282051281,0.34415477947204465,0.35092619817700677
"food, one, place",time,0.052,0.273,0.027,0.5192307692307693,1.9019442096365173,1.0,0.012804,1.5121600000000002,0.5002344116268167,0.09060402684563759,0.33869431806158085,0.3090659340659341
"one, place, time",food,0.053,0.359,0.027,0.5094339622641509,1.4190361065853787,1.0,0.007973000000000001,1.3066538461538462,0.3118229105557512,0.07012987012987014,0.23468636858681896,0.292321437956588
"food, one, time",place,0.041,0.369,0.027,0.6585365853658536,1.7846519928613918,1.0,0.011871,1.847928571428571,0.4584636774417796,0.07049608355091384,0.4588535425766301,0.3658536585365853
"food, one, time",good,0.041,0.358,0.026,0.6341463414634145,1.7713584957078619,1.0,0.011321999999999999,1.7547999999999995,0.45407876794738106,0.06970509383378017,0.43013448826077033,0.35338601989371843
"food, good, one",time,0.044,0.273,0.026,0.5909090909090909,2.1645021645021645,1.0,0.013987999999999999,1.777111111111111,0.5627615062761506,0.08934707903780069,0.4372889833687633,0.3430735930735931
"good, one, time",food,0.046,0.359,0.026,0.5652173913043478,1.5744217027976262,1.0,0.009486000000000001,1.4743,0.3824383164005807,0.06860158311345647,0.3217119989147392,0.3188203948165193
"great, one, place",food,0.046,0.359,0.027,0.5869565217391305,1.6349763836744582,1.0,0.010486000000000002,1.5518947368421054,0.4070968242876001,0.07142857142857144,0.35562639896900233,0.33108271769407777
"food, one, place",great,0.052,0.349,0.027,0.5192307692307693,1.4877672470795682,1.0,0.008852000000000002,1.3540800000000002,0.3458352867635569,0.07219251336898397,0.261491196975068,0.2982973330394534
"food, great, one",place,0.037,0.369,0.027,0.7297297297297297,1.977587343441002,1.0,0.013347000000000001,2.3346999999999998,0.5133264105226722,0.0712401055408971,0.5716794448965605,0.40145023071852337
"food, great, one",good,0.037,0.358,0.022,0.5945945945945946,1.6608787558508231,1.0,0.008754,1.5836000000000001,0.4131973945058058,0.05898123324396783,0.3685274059105835,0.32802355428053753
"food, good, one",great,0.044,0.349,0.022,0.5,1.4326647564469914,1.0,0.006644000000000001,1.302,0.31589958158995823,0.05929919137466308,0.2319508448540707,0.2815186246418338
"good, great, one",food,0.032,0.359,0.022,0.6875,1.9150417827298052,1.0,0.010511999999999999,2.0512,0.49361382419233657,0.05962059620596206,0.5124804992199689,0.37439066852367686
"food, one, place",good,0.052,0.358,0.032,0.6153846153846154,1.7189514396218308,1.0,0.013384000000000004,1.6692000000000002,0.441191983122363,0.08465608465608465,0.40091061586388693,0.3523850451224753
"good, one, place",food,0.055,0.359,0.032,0.5818181818181818,1.6206634591035705,1.0,0.012255000000000002,1.5328260869565216,0.40525793650793657,0.08376963350785341,0.3476102680470855,0.3354773360344391
"food, good, one",place,0.044,0.369,0.032,0.7272727272727273,1.970928800197093,1.0,0.015764,2.3136666666666668,0.5152981171548118,0.08398950131233596,0.5677856216683476,0.4069967972406997
"one, service",food,0.071,0.359,0.037,0.5211267605633803,1.4516065753854603,1.0,0.011511,1.3385588235294117,0.3348849387600733,0.09414758269720101,0.25292786359341696,0.31209541370787397
"food, service, time",one,0.041,0.224,0.021,0.5121951219512195,2.2865853658536586,1.0,0.011816,1.5908,0.586722280152937,0.0860655737704918,0.37138546643198395,0.30297256097560976
"food, one, service",time,0.037,0.273,0.021,0.5675675675675677,2.079002079002079,1.0,0.010899,1.6811875000000003,0.5389408099688473,0.0726643598615917,0.40518234878620035,0.3222453222453223
"food, one, time",service,0.041,0.28,0.021,0.5121951219512195,1.8292682926829267,1.0,0.009519999999999999,1.476,0.4727146332985748,0.07,0.3224932249322493,0.29359756097560974
"one, service, time",food,0.033,0.359,0.021,0.6363636363636364,1.7726006583945304,1.0,0.009153000000000001,1.76275,0.4507312749298272,0.05660377358490566,0.4327045809105091,0.34742972904532793
"food, great, one",service,0.037,0.28,0.023,0.6216216216216216,2.22007722007722,1.0,0.012639999999999998,1.9028571428571426,0.5706803918912817,0.0782312925170068,0.47447447447447444,0.3518822393822394
"food, one, service",great,0.037,0.349,0.023,0.6216216216216216,1.7811507782854488,1.0,0.010087,1.7205,0.45541559438349366,0.06336088154269974,0.4187736123219994,0.3437621002090916
"great, one, service",food,0.035,0.359,0.023,0.657142857142857,1.8304814962196576,1.0,0.010434999999999998,1.8695833333333327,0.4701509348952466,0.06199460916442048,0.465121462001337,0.36060485475527254
"one, place, service",food,0.034,0.359,0.025,0.7352941176470588,2.0481730296575456,1.0,0.012794000000000002,2.421555555555555,0.5297722567287785,0.06793478260869566,0.5870423052216206,0.40246600032770763
"food, one, service",place,0.037,0.369,0.025,0.6756756756756758,1.831099392075002,1.0,0.011347000000000003,1.9455833333333339,0.4713187954309451,0.06561679790026248,0.48601533387587287,0.37171317659122544
"great, one",place,0.081,0.369,0.046,0.5679012345679012,1.5390277359563718,1.0,0.016111,1.4603142857142857,0.3811089558593935,0.11386138613861385,0.3152159026432666,0.34628124059018367
"great, one, place",time,0.046,0.273,0.025,0.5434782608695653,1.9907628603280778,1.0,0.012442,1.5924761904761908,0.5216771488469601,0.08503401360544219,0.37204712636804027,0.31752667622232844
"great, one, time",place,0.038,0.369,0.025,0.6578947368421053,1.7829125659677652,1.0,0.010978000000000002,1.8444615384615388,0.4564656964656965,0.06544502617801048,0.4578363499874886,0.3628227071744402
"good, great, one",place,0.032,0.369,0.02,0.625,1.6937669376693767,1.0,0.008192,1.6826666666666668,0.4231404958677686,0.05249343832020997,0.40570522979397783,0.33960027100271
"one, place",good,0.11,0.358,0.055,0.5,1.3966480446927374,1.0,0.015620000000000002,1.284,0.31910112359550563,0.13317191283292978,0.22118380062305298,0.3268156424581006
"good, one",place,0.09,0.369,0.055,0.6111111111111112,1.656127672387835,1.0,0.021790000000000004,1.6225714285714288,0.4353646353646354,0.13613861386138615,0.38369431237894003,0.38008130081300817
"good, one",time,0.09,0.273,0.046,0.5111111111111111,1.8722018722018718,1.0,0.021429999999999998,1.4870454545454543,0.5119445771619684,0.1451104100946372,0.32752559987773183,0.33980463980463976
"good, one, place",time,0.055,0.273,0.031,0.5636363636363636,2.0646020646020644,1.0,0.015985,1.6660416666666664,0.5456562553336747,0.10437710437710436,0.39977491559334744,0.33859473859473854
"one, place, time",good,0.053,0.358,0.031,0.5849056603773585,1.6338146937915041,1.0,0.012026000000000002,1.5466363636363636,0.40964676227134933,0.08157894736842106,0.3534356080644213,0.3357489195741541
"good, one, time",place,0.046,0.369,0.031,0.6739130434782609,1.8263226110521975,1.0,0.014026,1.9350666666666667,0.4742679380536958,0.08072916666666667,0.48322193895128507,0.378961941793331
first,time,0.116,0.273,0.07,0.603448275862069,2.210433244916003,1.0,0.038332000000000005,1.8333043478260869,0.6194570135746607,0.219435736677116,0.454536830621828,0.42992926613616267
"first, would",time,0.046,0.273,0.026,0.5652173913043478,2.0703933747412004,1.0,0.013441999999999997,1.6720999999999997,0.5419287211740041,0.08873720136518772,0.4019496441600382,0.3302277432712215
"first, would",good,0.046,0.358,0.028,0.6086956521739131,1.7002671848433326,1.0,0.011532,1.640666666666667,0.4317160826594789,0.07446808510638299,0.39049167005282415,0.3434539713383532
"first, one",time,0.042,0.273,0.029,0.6904761904761905,2.5292168149311003,1.0,0.017534,2.3487692307692307,0.6311280685335829,0.1013986013986014,0.5742451038186939,0.3983516483516483
"first, one",would,0.042,0.207,0.021,0.5,2.4154589371980677,1.0,0.012306000000000001,1.586,0.6116910229645094,0.09210526315789475,0.36948297604035313,0.3007246376811594
"first, one",good,0.042,0.358,0.026,0.619047619047619,1.7291832934291034,1.0,0.010963999999999998,1.6852499999999997,0.4401798618917616,0.06951871657754012,0.4066162290461355,0.34583665868582064
"first, one",place,0.042,0.369,0.023,0.5476190476190476,1.4840624596722156,1.0,0.007501999999999998,1.3948421052631577,0.3404738131977852,0.05927835051546392,0.2830729756244811,0.3049748354626403
"first, good, one",time,0.026,0.273,0.02,0.7692307692307693,2.817695125387433,1.0,0.012902,3.1503333333333337,0.6623203285420944,0.07168458781362007,0.6825732726695588,0.42124542124542125
"first, one, time",good,0.029,0.358,0.02,0.689655172413793,1.9264110961279135,1.0,0.009618,2.068666666666666,0.4952626158599382,0.05449591280653951,0.5165968417660328,0.3727605471007513
"first, food",time,0.04,0.273,0.029,0.725,2.6556776556776556,1.0,0.01808,2.6436363636363636,0.6494252873563218,0.10211267605633804,0.6217331499312242,0.4156135531135531
"first, food",place,0.04,0.369,0.022,0.5499999999999999,1.4905149051490514,1.0,0.007239999999999998,1.402222222222222,0.3428030303030303,0.056847545219638244,0.28684627575277327,0.304810298102981
"first, food",good,0.04,0.358,0.025,0.625,1.7458100558659218,1.0,0.010680000000000002,1.712,0.44500000000000006,0.0670241286863271,0.4158878504672897,0.3474162011173184
"first, food, good",time,0.025,0.273,0.02,0.7999999999999999,2.9304029304029298,1.0,0.013175,3.634999999999999,0.6756410256410256,0.07194244604316546,0.7248968363136175,0.4366300366300366
"first, food, time",good,0.029,0.358,0.02,0.689655172413793,1.9264110961279135,1.0,0.009618,2.068666666666666,0.4952626158599382,0.05449591280653951,0.5165968417660328,0.3727605471007513
"first, food","good, time",0.04,0.112,0.02,0.5,4.464285714285714,1.0,0.015519999999999999,1.776,0.8083333333333333,0.15151515151515152,0.43693693693693697,0.3392857142857143
"first, service",time,0.038,0.273,0.025,0.6578947368421053,2.4098708309234627,1.0,0.014626,2.1250769230769233,0.6081496881496881,0.08741258741258742,0.5294287989575038,0.37473491420859845
"first, food",service,0.04,0.28,0.02,0.5,1.7857142857142856,1.0,0.008799999999999999,1.44,0.4583333333333333,0.06666666666666667,0.3055555555555555,0.2857142857142857
"first, service",food,0.038,0.359,0.02,0.5263157894736842,1.4660606949127695,1.0,0.006358000000000001,1.353222222222222,0.3304573804573805,0.053050397877984094,0.2610230725018474,0.29101304794018473
"first, service",back,0.038,0.212,0.02,0.5263157894736842,2.4826216484607744,1.0,0.011944000000000001,1.6635555555555555,0.6207900207900209,0.08695652173913043,0.39887790542345714,0.3103277060575968
"first, service",good,0.038,0.358,0.02,0.5263157894736842,1.4701558365186709,1.0,0.006396000000000001,1.3553333333333333,0.3324324324324325,0.053191489361702135,0.26217412690605013,0.29109085563069687
"first, really",time,0.032,0.273,0.021,0.65625,2.4038461538461537,1.0,0.012264,2.114909090909091,0.6033057851239669,0.07394366197183098,0.5271664374140302,0.36658653846153844
"first, well",good,0.03,0.358,0.021,0.7000000000000001,1.9553072625698327,1.0,0.010260000000000002,2.1400000000000006,0.5036818851251842,0.05722070844686649,0.532710280373832,0.3793296089385475
"first, little",time,0.026,0.273,0.021,0.8076923076923078,2.958579881656805,1.0,0.013902000000000001,3.7804000000000024,0.6796714579055442,0.07553956834532374,0.7354777272246324,0.4423076923076924
"first, great",time,0.039,0.273,0.025,0.6410256410256411,2.348079271156194,1.0,0.014353000000000001,2.025214285714286,0.5974193548387097,0.08710801393728224,0.5062250908193137,0.36630036630036633
"first, good",time,0.057,0.273,0.041,0.7192982456140351,2.634792108476319,1.0,0.025439,2.5899375,0.6579675658898688,0.14186851211072662,0.613890296580516,0.43474069789859265
"first, time",good,0.07,0.358,0.041,0.5857142857142856,1.6360734237829209,1.0,0.01594,1.5496551724137928,0.4180435352740624,0.10594315245478036,0.35469514908767236,0.35011971268954506
"first, good",place,0.057,0.369,0.034,0.5964912280701754,1.6165073931441067,1.0,0.012967000000000003,1.563782608695652,0.4044351568835382,0.08673469387755102,0.3605249256262685,0.3443160747396947
"first, place",good,0.05,0.358,0.034,0.68,1.8994413407821231,1.0,0.016100000000000003,2.0062500000000005,0.49845201238390097,0.09090909090909091,0.501557632398754,0.38748603351955313
"first, place",time,0.05,0.273,0.035,0.7000000000000001,2.5641025641025643,1.0,0.02135,2.423333333333334,0.6421052631578947,0.12152777777777778,0.5873452544704265,0.41410256410256413
"first, time",place,0.07,0.369,0.035,0.5,1.3550135501355014,1.0,0.009170000000000001,1.262,0.2817204301075269,0.08663366336633664,0.2076069730586371,0.29742547425474253
"first, good, place",time,0.034,0.273,0.025,0.7352941176470588,2.6933850463262226,1.0,0.015718,2.746444444444444,0.6508488612836438,0.08865248226950354,0.6358928715915526,0.4134346046110752
"first, good, time",place,0.041,0.369,0.025,0.6097560975609756,1.6524555489457333,1.0,0.009871000000000001,1.6169375,0.4117205422314912,0.06493506493506494,0.38154690580186307,0.33875338753387535
"first, place, time",good,0.035,0.358,0.025,0.7142857142857143,1.9952114924181965,1.0,0.01247,2.2470000000000003,0.5168911917098445,0.06793478260869566,0.5549621717846017,0.3920590582601756
"first, place","good, time",0.05,0.112,0.025,0.5,4.464285714285714,1.0,0.0194,1.776,0.8168421052631579,0.18248175182481752,0.43693693693693697,0.36160714285714285
"first, like",good,0.041,0.358,0.026,0.6341463414634145,1.7713584957078619,1.0,0.011321999999999999,1.7547999999999995,0.45407876794738106,0.06970509383378017,0.43013448826077033,0.35338601989371843
"first, like",would,0.041,0.207,0.024,0.5853658536585366,2.8278543655001767,1.0,0.015513,1.9125294117647058,0.6740093847758082,0.10714285714285714,0.4771322240334635,0.3506539413220219
"first, would",like,0.046,0.209,0.024,0.5217391304347826,2.49635947576451,1.0,0.014386000000000001,1.653909090909091,0.6283193570929421,0.10389610389610389,0.3953718463145166,0.31828583315997505
"first, like",place,0.041,0.369,0.023,0.5609756097560975,1.5202591050300747,1.0,0.007871,1.4372777777777777,0.3568481661150655,0.05943152454780362,0.3042402690270959,0.3116531165311653
"first, like",time,0.041,0.273,0.025,0.6097560975609756,2.2335388189046723,1.0,0.013807,1.8629375,0.5758915537017727,0.08650519031141869,0.46321333914852214,0.3506655945680336
"first, would",back,0.046,0.212,0.023,0.5,2.358490566037736,1.0,0.013248,1.576,0.6037735849056604,0.0978723404255319,0.3654822335025381,0.30424528301886794
"back, first",would,0.045,0.207,0.023,0.5111111111111111,2.4691358024691357,1.0,0.013685000000000001,1.6220454545454546,0.6230366492146597,0.10043668122270742,0.38349446546167854,0.3111111111111111
"back, first",good,0.045,0.358,0.023,0.5111111111111111,1.4276846679081316,1.0,0.00689,1.313181818181818,0.313680855907125,0.06052631578947369,0.23849082727587395,0.2876784605834885
"back, first",time,0.045,0.273,0.026,0.5777777777777777,2.116402116402116,1.0,0.013714999999999998,1.7218421052631576,0.5523560209424083,0.08904109589041095,0.4192266544398593,0.3365079365079365
"first, go",time,0.031,0.273,0.02,0.6451612903225806,2.3632281696797826,1.0,0.011537,2.0488181818181816,0.5953044375644995,0.0704225352112676,0.5119137418467409,0.3592106817913269
"first, go",back,0.031,0.212,0.02,0.6451612903225806,3.0432136335970785,1.0,0.013428,2.220727272727273,0.6928792569659442,0.08968609865470852,0.5496970689372851,0.369750456482045
"first, get",time,0.036,0.273,0.025,0.6944444444444445,2.543752543752544,1.0,0.015172000000000001,2.379272727272728,0.6295435684647304,0.08802816901408451,0.5797034999235826,0.39300976800976806
"first, like",get,0.041,0.219,0.022,0.5365853658536585,2.4501614879162488,1.0,0.013020999999999998,1.6853157894736839,0.6171675040288178,0.09243697478991596,0.40663939289841033,0.31852099342911233
"first, get",like,0.036,0.209,0.022,0.6111111111111112,2.923976608187135,1.0,0.014476,2.0340000000000003,0.6825726141078838,0.09865470852017937,0.5083579154375616,0.358187134502924
"first, get",good,0.036,0.358,0.022,0.6111111111111112,1.7070142768466794,1.0,0.009112,1.650857142857143,0.42964918898528864,0.05913978494623656,0.3942540671512635,0.3362818125387958
"first, get",one,0.036,0.224,0.021,0.5833333333333334,2.604166666666667,1.0,0.012936000000000001,1.8624000000000003,0.6390041493775934,0.08786610878661087,0.46305841924398633,0.3385416666666667
"first, one",get,0.042,0.219,0.021,0.5,2.2831050228310503,1.0,0.011802,1.562,0.5866388308977035,0.0875,0.3597951344430218,0.2979452054794521
way,place,0.09,0.369,0.054,0.6,1.6260162601626016,1.0,0.020790000000000003,1.5775,0.42307692307692313,0.13333333333333333,0.36608557844690964,0.37317073170731707
"one, way",great,0.038,0.349,0.021,0.5526315789473685,1.583471572915096,1.0,0.007738000000000002,1.4551764705882355,0.3830313830313831,0.057377049180327884,0.31279812434311594,0.30640174935907105
"one, way",place,0.038,0.369,0.021,0.5526315789473685,1.4976465554129228,1.0,0.0069780000000000016,1.4104705882352944,0.3454113454113455,0.05440414507772022,0.2910167653682543,0.30477107402652975
"food, way",place,0.036,0.369,0.023,0.638888888888889,1.7314062029509185,1.0,0.009716,1.7473846153846158,0.43821035540321135,0.06020942408376964,0.4277161472090158,0.350609756097561
"food, way",great,0.036,0.349,0.02,0.5555555555555556,1.5918497293855463,1.0,0.007436000000000002,1.4647500000000002,0.3856846473029047,0.054794520547945216,0.3172896398702851,0.3064310729067176
"way, would",place,0.035,0.369,0.023,0.657142857142857,1.7808749516066587,1.0,0.010084999999999998,1.8404166666666661,0.4543816174814147,0.06036745406824147,0.4566447815259224,0.35973674022454505
"service, way",great,0.035,0.349,0.02,0.5714285714285714,1.637331150225133,1.0,0.007785,1.519,0.4033678756476684,0.05494505494505495,0.34167215273206053,0.3143675808432255
"time, way",like,0.032,0.209,0.021,0.65625,3.139952153110048,1.0,0.014312000000000002,2.301090909090909,0.7040535222353405,0.09545454545454546,0.5654235145385588,0.37836423444976075
"like, way",time,0.034,0.273,0.021,0.6176470588235294,2.262443438914027,1.0,0.011718,1.9013846153846155,0.5776397515527949,0.07342657342657342,0.4740674811877984,0.34728506787330315
"time, way",place,0.032,0.369,0.022,0.6875,1.8631436314363143,1.0,0.010191999999999998,2.0192,0.47858752817430494,0.058047493403693924,0.5047543581616482,0.373560298102981
"time, way",good,0.032,0.358,0.02,0.625,1.7458100558659218,1.0,0.008544000000000001,1.712,0.4413223140495869,0.05405405405405406,0.4158878504672897,0.3404329608938548
"place, way",good,0.054,0.358,0.029,0.5370370370370371,1.5001034554107182,1.0,0.009668000000000003,1.3867200000000002,0.35240941896916245,0.07571801566579636,0.2788738894657899,0.30902131181460796
"good, way",place,0.043,0.369,0.029,0.6744186046511629,1.8276926955316068,1.0,0.013133000000000002,1.9380714285714291,0.4732101034122438,0.07571801566579636,0.48402314524748474,0.37650469527951097
"back, way",place,0.032,0.369,0.02,0.625,1.6937669376693767,1.0,0.008192,1.6826666666666668,0.4231404958677686,0.05249343832020997,0.40570522979397783,0.33960027100271
"go, way",back,0.038,0.212,0.02,0.5263157894736842,2.4826216484607744,1.0,0.011944000000000001,1.6635555555555555,0.6207900207900209,0.08695652173913043,0.39887790542345714,0.3103277060575968
"back, way",go,0.032,0.2,0.02,0.625,3.125,1.0,0.013600000000000001,2.1333333333333333,0.7024793388429753,0.09433962264150943,0.53125,0.3625
"place, way",great,0.054,0.349,0.027,0.5,1.4326647564469914,1.0,0.008154000000000002,1.302,0.31923890063424953,0.07180851063829788,0.2319508448540707,0.28868194842406875
"great, way",place,0.044,0.369,0.027,0.6136363636363636,1.6629711751662972,1.0,0.010764,1.6331764705882355,0.41701534170153415,0.06994818652849742,0.3876962973634923,0.34340354767184034
"like, way",would,0.034,0.207,0.02,0.5882352941176471,2.8417163967036094,1.0,0.012962000000000001,1.925857142857143,0.6709109730848862,0.09049773755656108,0.48075068615087907,0.3424268258027849
"way, would",like,0.035,0.209,0.02,0.5714285714285714,2.734107997265892,1.0,0.012685,1.8456666666666666,0.6572538860103626,0.08928571428571429,0.458190355788333,0.33356117566643884
"like, way",place,0.034,0.369,0.023,0.676470588235294,1.8332536266539134,1.0,0.010454,1.9503636363636359,0.4705193986857503,0.060526315789473685,0.4872751002144121,0.36940060577076356
"like, way",good,0.034,0.358,0.021,0.6176470588235294,1.7252711140322052,1.0,0.008828,1.6790769230769231,0.43517696933846,0.05660377358490566,0.4044346710646876,0.3381531383503122
"go, way",great,0.038,0.349,0.021,0.5526315789473685,1.583471572915096,1.0,0.007738000000000002,1.4551764705882355,0.3830313830313831,0.057377049180327884,0.31279812434311594,0.30640174935907105
"go, way",place,0.038,0.369,0.024,0.6315789473684211,1.7115960633290546,1.0,0.009978,1.712714285714286,0.4321725571725572,0.06266318537859009,0.4161314538326801,0.3483097988874626
"much, way",place,0.024,0.369,0.02,0.8333333333333334,2.2583559168925023,1.0,0.011144000000000001,3.786000000000001,0.5709016393442624,0.05361930294906166,0.7358689910195457,0.4437669376693767
though,place,0.058,0.369,0.029,0.5,1.3550135501355014,1.0,0.007598000000000001,1.262,0.27813163481953296,0.07286432160804021,0.2076069730586371,0.28929539295392953
taste,good,0.057,0.358,0.03,0.5263157894736842,1.4701558365186709,1.0,0.009593999999999998,1.3553333333333333,0.3391304347826087,0.07792207792207792,0.26217412690605013,0.3050573360776242
tasty,food,0.049,0.359,0.026,0.5306122448979591,1.4780285373202204,1.0,0.008409,1.3656086956521738,0.34008735743751517,0.06806282722513089,0.26772581107325916,0.30151782161332497
server,food,0.049,0.359,0.03,0.6122448979591836,1.7054175430617928,1.0,0.012409,1.6531052631578944,0.4349456712232738,0.07936507936507936,0.3950778439300836,0.3479051787846057
server,place,0.049,0.369,0.027,0.5510204081632653,1.493280238924838,1.0,0.008919,1.4054090909090908,0.3473536628110761,0.0690537084398977,0.2884634043791842,0.31209556993529114
server,good,0.049,0.358,0.025,0.5102040816326531,1.4251510660129976,1.0,0.007458000000000003,1.31075,0.3136908517350159,0.06544502617801048,0.23707800877360294,0.290018241933645
fried,food,0.042,0.359,0.023,0.5476190476190476,1.5254012468497147,1.0,0.007921999999999998,1.4169473684210525,0.35953526368339833,0.06084656084656086,0.2942574845850976,0.3058429499933678
fried,place,0.042,0.369,0.025,0.5952380952380952,1.6131113692089303,1.0,0.009502,1.5589411764705883,0.39674321503131527,0.06476683937823835,0.35853897819032526,0.33149438637243517
fried,good,0.042,0.358,0.024,0.5714285714285714,1.596169193934557,1.0,0.008964,1.498,0.38987473903966596,0.06382978723404256,0.3324432576769025,0.3192338387869114
fry,food,0.042,0.359,0.023,0.5476190476190476,1.5254012468497147,1.0,0.007921999999999998,1.4169473684210525,0.35953526368339833,0.06084656084656086,0.2942574845850976,0.3058429499933678
fry,good,0.042,0.358,0.026,0.619047619047619,1.7291832934291034,1.0,0.010963999999999998,1.6852499999999997,0.4401798618917616,0.06951871657754012,0.4066162290461355,0.34583665868582064
seating,food,0.041,0.359,0.023,0.5609756097560975,1.562606155309464,1.0,0.008281,1.4600555555555554,0.37543636940653763,0.061007957559681705,0.3150945550017122,0.3125212310618928
seating,place,0.041,0.369,0.022,0.5365853658536585,1.4541608830722452,1.0,0.006870999999999999,1.3616315789473683,0.3256706796852782,0.05670103092783505,0.2655869506397123,0.29810298102981025
seating,good,0.041,0.358,0.023,0.5609756097560975,1.5669709769723394,1.0,0.008322,1.4623333333333333,0.37729518973568477,0.06117021276595745,0.3161613859129245,0.3126107099059817
probably,food,0.04,0.359,0.021,0.525,1.4623955431754876,1.0,0.006640000000000002,1.3494736842105264,0.3293650793650794,0.055555555555555566,0.25897035881435265,0.29174791086350976
probably,good,0.04,0.358,0.025,0.625,1.7458100558659218,1.0,0.010680000000000002,1.712,0.44500000000000006,0.0670241286863271,0.4158878504672897,0.3474162011173184
probably,back,0.04,0.212,0.02,0.5,2.358490566037736,1.0,0.01152,1.576,0.6000000000000001,0.08620689655172413,0.3654822335025381,0.2971698113207547
used,good,0.038,0.358,0.021,0.5526315789473685,1.5436636283446048,1.0,0.0073960000000000015,1.435058823529412,0.3661023661023662,0.056000000000000015,0.3031644531890475,0.3056453984122317
served,food,0.034,0.359,0.022,0.6470588235294117,1.8023922660986398,1.0,0.009793999999999999,1.8161666666666663,0.46085074345943916,0.05929919137466307,0.44938974029549406,0.3541700802883827
served,good,0.034,0.358,0.021,0.6176470588235294,1.7252711140322052,1.0,0.008828,1.6790769230769231,0.43517696933846,0.05660377358490566,0.4044346710646876,0.3381531383503122
fish,food,0.033,0.359,0.022,0.6666666666666666,1.8570102135561746,1.0,0.010152999999999999,1.9229999999999998,0.4772492244053774,0.059459459459459456,0.47997919916796666,0.3639740018570102
shrimp,food,0.033,0.359,0.022,0.6666666666666666,1.8570102135561746,1.0,0.010152999999999999,1.9229999999999998,0.4772492244053774,0.059459459459459456,0.47997919916796666,0.3639740018570102
able,time,0.038,0.273,0.022,0.5789473684210527,2.1206863312126467,1.0,0.011625999999999997,1.726625,0.5493290493290492,0.07612456747404844,0.4208354448707739,0.3297667245035666
better,place,0.094,0.369,0.049,0.5212765957446809,1.4126737012050972,1.0,0.014314,1.318088888888889,0.3224309591386223,0.11835748792270533,0.2413258252689079,0.32703396182898004
"better, time",place,0.04,0.369,0.024,0.6,1.6260162601626016,1.0,0.00924,1.5775,0.4010416666666667,0.062337662337662345,0.36608557844690964,0.33252032520325203
"better, good",time,0.044,0.273,0.022,0.5,1.8315018315018314,1.0,0.009987999999999999,1.454,0.47489539748953974,0.07457627118644068,0.312242090784044,0.29029304029304026
"better, time",good,0.04,0.358,0.022,0.5499999999999999,1.536312849162011,1.0,0.007679999999999999,1.4266666666666665,0.36363636363636365,0.05851063829787235,0.2990654205607476,0.3057262569832402
"better, place",food,0.049,0.359,0.028,0.5714285714285714,1.5917230401910067,1.0,0.010409000000000002,1.4956666666666667,0.3909043112513145,0.0736842105263158,0.33140182750167146,0.3247115001989654
"better, food",place,0.04,0.369,0.028,0.7,1.8970189701897018,1.0,0.01324,2.103333333333333,0.4925595238095238,0.07349081364829398,0.5245641838351822,0.387940379403794
"better, get",good,0.036,0.358,0.022,0.6111111111111112,1.7070142768466794,1.0,0.009112,1.650857142857143,0.42964918898528864,0.05913978494623656,0.3942540671512635,0.3362818125387958
"better, good",get,0.044,0.219,0.022,0.5,2.2831050228310503,1.0,0.012364,1.562,0.5878661087866109,0.09128630705394189,0.3597951344430218,0.3002283105022831
"better, great",place,0.033,0.369,0.021,0.6363636363636364,1.7245627001724562,1.0,0.008823000000000001,1.73525,0.4344807209336682,0.05511811023622047,0.42371416222446334,0.3466371027346637
"better, one",place,0.031,0.369,0.02,0.6451612903225806,1.7484045808200017,1.0,0.008561000000000001,1.7782727272727272,0.44174406604747163,0.05263157894736842,0.4376565615254844,0.3496809161640003
"better, one",good,0.031,0.358,0.02,0.6451612903225806,1.8021265092809515,1.0,0.008902,1.8092727272727271,0.45933952528379773,0.05420054200542006,0.4472917294744247,0.3505136060551451
"back, better",good,0.03,0.358,0.02,0.6666666666666667,1.8621973929236502,1.0,0.009260000000000001,1.9260000000000004,0.477319587628866,0.05434782608695653,0.48078920041536877,0.36126629422718814
"better, like",place,0.033,0.369,0.02,0.6060606060606061,1.6424406668309108,1.0,0.007823,1.6017692307692308,0.4044984488107549,0.05235602094240838,0.3756903424098353,0.33013057403301305
"better, like",time,0.033,0.273,0.02,0.6060606060606061,2.22000222000222,1.0,0.010990999999999999,1.8454615384615385,0.5683040330920371,0.06993006993006992,0.45813013213288317,0.33966033966033965
"better, time",like,0.04,0.209,0.02,0.5,2.3923444976076556,1.0,0.011640000000000001,1.582,0.6062500000000001,0.08733624454148471,0.3678887484197219,0.29784688995215314
"better, like",good,0.033,0.358,0.022,0.6666666666666666,1.86219739292365,1.0,0.010185999999999999,1.926,0.47880041365046533,0.05962059620596206,0.4807892004153686,0.36405959031657353
"better, good",like,0.044,0.209,0.022,0.5,2.3923444976076556,1.0,0.012804,1.582,0.6087866108786611,0.09523809523809523,0.3678887484197219,0.3026315789473684
"better, good",place,0.044,0.369,0.024,0.5454545454545455,1.47819660014782,1.0,0.007764,1.3882000000000003,0.33838912133891214,0.06169665809768638,0.2796427027805793,0.3052475979305248
overall,place,0.049,0.369,0.031,0.6326530612244897,1.7145069409877771,1.0,0.012919,1.717722222222222,0.4382144432007056,0.08010335917312661,0.41783369449205976,0.3583319506664454
maybe,place,0.044,0.369,0.027,0.6136363636363636,1.6629711751662972,1.0,0.010764,1.6331764705882355,0.41701534170153415,0.06994818652849742,0.3876962973634923,0.34340354767184034
maybe,one,0.044,0.224,0.024,0.5454545454545455,2.4350649350649354,1.0,0.014144,1.7072000000000003,0.6164574616457462,0.09836065573770492,0.41424554826616694,0.3262987012987013
maybe,good,0.044,0.358,0.025,0.5681818181818182,1.5871000507872017,1.0,0.009248000000000003,1.4867368421052634,0.38694560669456074,0.06631299734748011,0.3273860096290004,0.3190071102082276
3,great,0.041,0.349,0.023,0.5609756097560975,1.607379970647844,1.0,0.008691,1.4828333333333332,0.3940245726980097,0.06267029972752045,0.32561537596942786,0.31343909427632954
open,great,0.04,0.349,0.02,0.5,1.4326647564469914,1.0,0.00604,1.302,0.3145833333333334,0.054200542005420065,0.2319508448540707,0.2786532951289398
open,place,0.04,0.369,0.02,0.5,1.3550135501355014,1.0,0.00524,1.262,0.2729166666666667,0.05141388174807199,0.2076069730586371,0.27710027100271
open,good,0.04,0.358,0.02,0.5,1.3966480446927374,1.0,0.005680000000000001,1.284,0.2958333333333334,0.05291005291005292,0.22118380062305298,0.2779329608938548
sat,food,0.031,0.359,0.02,0.6451612903225806,1.797106658280169,1.0,0.008871,1.8064545454545453,0.45773993808049535,0.05405405405405406,0.44642947008202905,0.35043579836463296
street,time,0.044,0.273,0.022,0.5,1.8315018315018314,1.0,0.009987999999999999,1.454,0.47489539748953974,0.07457627118644068,0.312242090784044,0.29029304029304026
street,good,0.044,0.358,0.026,0.5909090909090909,1.65058405281869,1.0,0.010248,1.5693333333333335,0.4122948181525588,0.06914893617021277,0.3627867459643161,0.33176739461655663
street,place,0.044,0.369,0.024,0.5454545454545455,1.47819660014782,1.0,0.007764,1.3882000000000003,0.33838912133891214,0.06169665809768638,0.2796427027805793,0.3052475979305248
call,time,0.04,0.273,0.023,0.575,2.106227106227106,1.0,0.012079999999999999,1.7105882352941175,0.5471014492753623,0.07931034482758621,0.41540577716643734,0.3296245421245421
call,would,0.04,0.207,0.021,0.525,2.536231884057971,1.0,0.012720000000000002,1.6694736842105264,0.630952380952381,0.09292035398230089,0.4010088272383355,0.31322463768115943
call,service,0.04,0.28,0.02,0.5,1.7857142857142856,1.0,0.008799999999999999,1.44,0.4583333333333333,0.06666666666666667,0.3055555555555555,0.2857142857142857
leave,time,0.031,0.273,0.021,0.6774193548387097,2.4813895781637716,1.0,0.012537000000000001,2.2537000000000003,0.6160990712074305,0.07420494699646643,0.5562852198606736,0.3771712158808933
selection,good,0.055,0.358,0.035,0.6363636363636365,1.7775520568816663,1.0,0.015310000000000004,1.7655000000000005,0.4628873771730916,0.0925925925925926,0.4335882186349478,0.36706449974606403
told,would,0.052,0.207,0.027,0.5192307692307693,2.5083612040133785,1.0,0.016236,1.6494400000000002,0.6343178621659635,0.11637931034482758,0.3937336308080319,0.3248327759197325
told,time,0.052,0.273,0.026,0.5,1.8315018315018314,1.0,0.011803999999999999,1.454,0.4789029535864979,0.08695652173913043,0.312242090784044,0.2976190476190476
sandwich,good,0.048,0.358,0.029,0.6041666666666666,1.6876163873370578,1.0,0.011816,1.621894736842105,0.4279918864097363,0.07692307692307694,0.38343717549325024,0.3425861266294227
decided,good,0.041,0.358,0.023,0.5609756097560975,1.5669709769723394,1.0,0.008322,1.4623333333333333,0.37729518973568477,0.06117021276595745,0.3161613859129245,0.3126107099059817
decided,place,0.041,0.369,0.023,0.5609756097560975,1.5202591050300747,1.0,0.007871,1.4372777777777777,0.3568481661150655,0.05943152454780362,0.3042402690270959,0.3116531165311653
decided,back,0.041,0.212,0.022,0.5365853658536585,2.531063046479521,1.0,0.013307999999999999,1.7004210526315788,0.6307706891648497,0.09523809523809523,0.41191036275844983,0.3201794753796594
left,good,0.038,0.358,0.02,0.5263157894736842,1.4701558365186709,1.0,0.006396000000000001,1.3553333333333333,0.3324324324324325,0.053191489361702135,0.26217412690605013,0.29109085563069687
left,time,0.038,0.273,0.021,0.5526315789473685,2.0242914979757085,1.0,0.010626,1.6250588235294119,0.525987525987526,0.07241379310344828,0.38463766017519735,0.31477732793522273
appetizer,good,0.035,0.358,0.022,0.6285714285714284,1.7557861133280126,1.0,0.009469999999999998,1.7284615384615378,0.44606688648139414,0.05929919137466307,0.421450823319982,0.34501197126895444
appetizer,food,0.035,0.359,0.02,0.5714285714285714,1.5917230401910067,1.0,0.007434999999999999,1.4956666666666667,0.38523316062176155,0.053475935828877004,0.33140182750167146,0.31356943891762834
dining,food,0.027,0.359,0.02,0.7407407407407408,2.0633446817290833,1.0,0.010307,2.4724285714285723,0.529650565262076,0.054644808743169404,0.5955393771306409,0.39822552357371305
coffee,place,0.054,0.369,0.03,0.5555555555555556,1.5055706112616682,1.0,0.010074,1.41975,0.35496828752642706,0.07633587786259541,0.29565064271878855,0.31842818428184283
coffee,good,0.054,0.358,0.027,0.5,1.3966480446927374,1.0,0.007668000000000001,1.284,0.3002114164904863,0.07012987012987014,0.22118380062305298,0.2877094972067039
nothing,good,0.048,0.358,0.025,0.5208333333333334,1.4548417132216016,1.0,0.007816,1.339826086956522,0.3284033613445378,0.06561679790026248,0.2536344755970925,0.29533286778398515
nothing,time,0.048,0.273,0.024,0.5,1.8315018315018314,1.0,0.010896,1.454,0.476890756302521,0.08080808080808081,0.312242090784044,0.29395604395604397
want,place,0.072,0.369,0.039,0.5416666666666667,1.4679313459801266,1.0,0.012432000000000002,1.376727272727273,0.343501326259947,0.09701492537313432,0.2736397253037508,0.32367886178861793
"place, want",good,0.039,0.358,0.022,0.5641025641025641,1.5757054863200115,1.0,0.008038,1.4728235294117646,0.3801910888279255,0.05866666666666667,0.32103203131240515,0.31277753903452227
"good, want",place,0.034,0.369,0.022,0.6470588235294117,1.753546947234178,1.0,0.009453999999999999,1.787833333333333,0.4448522492000753,0.05774278215223097,0.44066374568844957,0.35333970986768687
"place, want",time,0.039,0.273,0.022,0.5641025641025641,2.0663097586174506,1.0,0.011352999999999999,1.6678235294117647,0.5369879859994324,0.07586206896551724,0.40041618170916654,0.3223443223443223
"time, want",place,0.031,0.369,0.022,0.7096774193548386,1.9232450389020017,1.0,0.010561,2.173444444444444,0.4954029458673422,0.0582010582010582,0.5399008230663053,0.38464900778040034
"good, want",one,0.034,0.224,0.021,0.6176470588235294,2.7573529411764706,1.0,0.013384,2.0295384615384617,0.6597653554175292,0.08860759493670886,0.5072771376591875,0.3556985294117647
"one, want",good,0.027,0.358,0.021,0.7777777777777778,2.1725636250775917,1.0,0.011334000000000002,2.8890000000000002,0.5546909411246514,0.057692307692307696,0.6538594669435791,0.41821849782743636
something,time,0.067,0.273,0.036,0.5373134328358208,1.9681810726586841,1.0,0.017708999999999996,1.5712580645161287,0.5272418720971774,0.11842105263157891,0.3635673078897122,0.3345907823519763
something,would,0.067,0.207,0.034,0.5074626865671642,2.4515105631263974,1.0,0.020131000000000003,1.6100303030303031,0.6346068974213479,0.14166666666666666,0.3788936778904971,0.3358569471483164
something,like,0.067,0.209,0.035,0.5223880597014926,2.4994644004856106,1.0,0.020997000000000002,1.6561562500000002,0.6429949471750115,0.14522821576763487,0.39619223729645087,0.34492608726701424
"something, time",would,0.036,0.207,0.02,0.5555555555555556,2.683843263553409,1.0,0.012548,1.7842500000000001,0.6508298755186722,0.08968609865470852,0.4395404231469806,0.32608695652173914
"something, would",time,0.034,0.273,0.02,0.5882352941176471,2.154708037060978,1.0,0.010717999999999998,1.7655714285714286,0.5547619047619047,0.06968641114982578,0.43361113358685976,0.33074768368886015
"get, something",time,0.031,0.273,0.02,0.6451612903225806,2.3632281696797826,1.0,0.011537,2.0488181818181816,0.5953044375644995,0.0704225352112676,0.5119137418467409,0.3592106817913269
"something, time",get,0.036,0.219,0.02,0.5555555555555556,2.5367833587011672,1.0,0.012116000000000002,1.7572500000000002,0.6284232365145229,0.0851063829787234,0.43092900839379716,0.3234398782343988
"like, something",get,0.035,0.219,0.02,0.5714285714285714,2.609262883235486,1.0,0.012334999999999999,1.8223333333333334,0.6391191709844558,0.08547008547008547,0.45125297237973294,0.3313763861709067
"get, something",like,0.031,0.209,0.02,0.6451612903225806,3.086896125945362,1.0,0.013521000000000002,2.2291818181818184,0.6976780185758514,0.09090909090909091,0.551404918233351,0.3704275351134434
"place, something",time,0.03,0.273,0.02,0.6666666666666667,2.442002442002442,1.0,0.01181,2.1810000000000005,0.6087628865979381,0.07067137809187278,0.5414947271893628,0.36996336996337
"something, time",place,0.036,0.369,0.02,0.5555555555555556,1.5055706112616682,1.0,0.0067160000000000015,1.41975,0.3483402489626557,0.05194805194805196,0.29565064271878855,0.3048780487804878
kind,place,0.056,0.369,0.03,0.5357142857142857,1.4518002322880372,1.0,0.009335999999999997,1.359076923076923,0.32966101694915245,0.07594936708860758,0.26420647498302013,0.3085075493612079
kind,good,0.056,0.358,0.028,0.5,1.3966480446927374,1.0,0.007952,1.284,0.3008474576271187,0.07253886010362695,0.22118380062305298,0.28910614525139666
quite,good,0.046,0.358,0.03,0.6521739130434783,1.8217148409035706,1.0,0.013531999999999999,1.84575,0.47281621243885397,0.08021390374331551,0.4582148178247325,0.36798639786252124
quite,one,0.046,0.224,0.026,0.5652173913043478,2.523291925465838,1.0,0.015695999999999998,1.7848,0.632801161103048,0.10655737704918031,0.43971313312415955,0.3406444099378882
quite,place,0.046,0.369,0.026,0.5652173913043478,1.5317544479792624,1.0,0.009026,1.4512999999999998,0.3638929204966941,0.06683804627249358,0.31096258526838,0.31783904795569695
egg,good,0.038,0.358,0.02,0.5263157894736842,1.4701558365186709,1.0,0.006396000000000001,1.3553333333333333,0.3324324324324325,0.053191489361702135,0.26217412690605013,0.29109085563069687
egg,place,0.038,0.369,0.02,0.5263157894736842,1.426330052774212,1.0,0.005978000000000001,1.332111111111111,0.31070686070686077,0.0516795865633075,0.2493118692134456,0.2902581657395521
arrived,time,0.029,0.273,0.02,0.689655172413793,2.5262094227611467,1.0,0.012083,2.342555555555555,0.6221936148300721,0.07092198581560283,0.5731157804866479,0.38145762283693313
"food, price",good,0.047,0.358,0.024,0.5106382978723404,1.4263639605372638,1.0,0.007174,1.3119130434782609,0.31365862189576776,0.06299212598425198,0.23775435805660497,0.2888387020087959
"food, price",place,0.047,0.369,0.026,0.5531914893617021,1.499163927809491,1.0,0.008656999999999998,1.4122380952380953,0.34938251674872867,0.06666666666666667,0.291904103584314,0.31182609698437413
"place, price",food,0.045,0.359,0.026,0.5777777777777777,1.6094088517486844,1.0,0.009845,1.518157894736842,0.396496173983085,0.0687830687830688,0.3413069856127578,0.3251005880532343
"place, price",good,0.045,0.358,0.026,0.5777777777777777,1.6139044072004964,1.0,0.00989,1.5205263157894735,0.3983084977849376,0.06896551724137932,0.3423329871928002,0.3252017380509
"good, price",place,0.049,0.369,0.026,0.5306122448979591,1.4379735634091033,1.0,0.007918999999999999,1.3443043478260868,0.32027016096416727,0.0663265306122449,0.2561208318509653,0.30053647475250256
"great, price",place,0.042,0.369,0.021,0.5,1.3550135501355014,1.0,0.005502,1.262,0.27348643006263046,0.053846153846153856,0.2076069730586371,0.2784552845528455
came,good,0.107,0.358,0.06,0.5607476635514018,1.5663342557301727,1.0,0.021693999999999998,1.4615744680851062,0.404889884285181,0.14814814814814814,0.3158063295193175,0.3641727144572652
came,food,0.107,0.359,0.057,0.5327102803738318,1.4838726472808688,1.0,0.018587000000000006,1.3717400000000002,0.3651598200428283,0.1393643031784841,0.2709988773382712,0.3457423268164424
came,place,0.107,0.369,0.055,0.5140186915887851,1.3930045842514502,1.0,0.015517000000000003,1.2984038461538463,0.3159319963351319,0.1306413301662708,0.2298235999822268,0.33153509105184514
"came, food",good,0.057,0.358,0.033,0.5789473684210527,1.6171714201705383,1.0,0.012594000000000001,1.52475,0.404704521353514,0.08638743455497383,0.34415477947204465,0.3355630696853867
"came, good",food,0.06,0.359,0.033,0.55,1.5320334261838442,1.0,0.011460000000000005,1.4244444444444446,0.36943907156673134,0.08549222797927461,0.29797191887675517,0.32096100278551537
"came, place",good,0.055,0.358,0.034,0.6181818181818183,1.7267648552564756,1.0,0.014310000000000003,1.681428571428572,0.44537815126050434,0.08970976253298153,0.40526762956669515,0.35657694261046224
"came, good",place,0.06,0.369,0.034,0.5666666666666668,1.5356820234869017,1.0,0.011860000000000002,1.4561538461538466,0.3710888610763455,0.08607594936708861,0.313259376650819,0.3294037940379404
"came, food",place,0.057,0.369,0.033,0.5789473684210527,1.5689630580516332,1.0,0.011967000000000002,1.498625,0.3845560589993252,0.08396946564885496,0.3327216615230629,0.3341891313649979
"came, place",food,0.055,0.359,0.033,0.6,1.6713091922005572,1.0,0.013255000000000003,1.6025,0.42504409171075846,0.08661417322834646,0.37597503900156004,0.34596100278551534
"came, food, place",good,0.033,0.358,0.021,0.6363636363636364,1.7775520568816658,1.0,0.009186000000000001,1.7655,0.45235633032944306,0.05675675675675676,0.4335882186349476,0.34751142712036565
"came, food, good",place,0.033,0.369,0.021,0.6363636363636364,1.7245627001724562,1.0,0.008823000000000001,1.73525,0.4344807209336682,0.05511811023622047,0.42371416222446334,0.3466371027346637
"came, good, place",food,0.034,0.359,0.021,0.6176470588235294,1.7204653449123384,1.0,0.008794000000000001,1.6764615384615387,0.4335009366065267,0.05645161290322581,0.4035055519867854,0.33807144027527447
"came, good",back,0.06,0.212,0.032,0.5333333333333333,2.5157232704402515,1.0,0.019280000000000002,1.6885714285714286,0.6409574468085107,0.13333333333333333,0.4077834179357022,0.3421383647798742
"back, came",good,0.049,0.358,0.032,0.6530612244897959,1.8241933644966366,1.0,0.014458000000000002,1.8504705882352939,0.47509200841219773,0.08533333333333333,0.459596922881302,0.37122334967506554
"came, place",back,0.055,0.212,0.028,0.5090909090909091,2.401372212692968,1.0,0.01634,1.6051851851851855,0.6175359032501889,0.11715481171548117,0.37701892016612837,0.32058319039451116
"back, came",place,0.049,0.369,0.028,0.5714285714285714,1.5485869144405728,1.0,0.009919,1.4723333333333333,0.3725026288117771,0.0717948717948718,0.32080597690740315,0.3236546651180797
"back, came",food,0.049,0.359,0.027,0.5510204081632653,1.5348757887556135,1.0,0.009409,1.427681818181818,0.36643688904467037,0.07086614173228348,0.2995638192874653,0.31311466090614515
"came, time",good,0.041,0.358,0.028,0.6829268292682926,1.9076168415315438,1.0,0.013322,2.0247692307692304,0.4961269179204529,0.07547169811320756,0.5061165564926676,0.380569559885543
"came, time",place,0.041,0.369,0.026,0.6341463414634145,1.7185537709035625,1.0,0.010870999999999999,1.7247333333333328,0.4359910162829871,0.06770833333333334,0.42020022418924646,0.35230352303523027
"came, time",back,0.041,0.212,0.022,0.5365853658536585,2.531063046479521,1.0,0.013307999999999999,1.7004210526315788,0.6307706891648497,0.09523809523809523,0.41191036275844983,0.3201794753796594
"came, would",food,0.039,0.359,0.025,0.6410256410256411,1.7855867438040143,1.0,0.010999000000000002,1.7856428571428575,0.4578147762747139,0.0670241286863271,0.4399775991039643,0.3553317620169988
"came, would",back,0.039,0.212,0.023,0.5897435897435898,2.7818093855829704,1.0,0.014732,1.9207500000000002,0.6665158575758947,0.10087719298245613,0.47937003774567233,0.3491170778906628
"came, would",place,0.039,0.369,0.023,0.5897435897435898,1.5982211104162325,1.0,0.008609,1.5380625,0.3894946387368231,0.059740259740259746,0.34983136250965097,0.3260371065249114
"came, would",good,0.039,0.358,0.023,0.5897435897435898,1.6473284629709213,1.0,0.009038000000000001,1.564875,0.4089037687191785,0.061497326203208566,0.36097132358814604,0.32699469989972785
"came, would",time,0.039,0.273,0.02,0.5128205128205129,1.8784634169249554,1.0,0.009353,1.492263157894737,0.4866285119667013,0.06849315068493152,0.3298769089690686,0.29304029304029305
"came, got",good,0.037,0.358,0.026,0.7027027027027027,1.9628567114600637,1.0,0.012754,2.1594545454545457,0.5093857336847991,0.07046070460704608,0.5369200976677613,0.38766420051336253
"came, got",back,0.037,0.212,0.023,0.6216216216216216,2.9321774604793474,1.0,0.015156000000000001,2.0825714285714287,0.684274685087363,0.10176991150442477,0.5198243929208396,0.36505609382967874
"came, got",food,0.037,0.359,0.023,0.6216216216216216,1.7315365504780547,1.0,0.009717,1.6940714285714285,0.4387105512664229,0.06166219839142092,0.40970611797444867,0.3428442369946548
"came, got",place,0.037,0.369,0.022,0.5945945945945946,1.6113674650260017,1.0,0.008347,1.5564666666666669,0.39398659492117444,0.05729166666666667,0.35751916734484096,0.32710759540027834
"came, come",back,0.035,0.212,0.026,0.7428571428571428,3.504043126684636,1.0,0.01858,3.0644444444444434,0.7405340773216421,0.11764705882352941,0.6736765772298766,0.4327493261455525
"back, came",come,0.049,0.124,0.026,0.5306122448979591,4.279131007241606,1.0,0.019923999999999997,1.8662608695652172,0.8057914745611906,0.17687074829931973,0.46416922933556976,0.3701448321263989
"came, come",food,0.035,0.359,0.025,0.7142857142857143,1.9896538002387585,1.0,0.012435,2.2435,0.515440414507772,0.06775067750677508,0.5542678850011143,0.3919617986470354
"came, come",place,0.035,0.369,0.024,0.6857142857142856,1.8583042973286874,1.0,0.011085,2.007727272727272,0.4786269430051813,0.06315789473684211,0.5019243830654289,0.37537746806039485
"came, come",good,0.035,0.358,0.023,0.657142857142857,1.8355945730247403,1.0,0.010469999999999998,1.8724999999999994,0.4717278666366298,0.06216216216216216,0.46595460614152184,0.3606943335993615
"came, come",would,0.035,0.207,0.02,0.5714285714285714,2.7605244996549345,1.0,0.012754999999999999,1.8503333333333334,0.6608808290155439,0.09009009009009009,0.4595568366060169,0.33402346445824704
"came, would",come,0.039,0.124,0.02,0.5128205128205129,4.13564929693962,1.0,0.015164,1.7981052631578949,0.7889698231009366,0.13986013986013984,0.44385903290012885,0.337055417700579
"came, one",place,0.035,0.369,0.022,0.6285714285714284,1.70344560588463,1.0,0.009084999999999998,1.6988461538461532,0.42793217145548745,0.05759162303664921,0.4113651799864159,0.34409601238869525
"came, time",one,0.041,0.224,0.021,0.5121951219512195,2.2865853658536586,1.0,0.011816,1.5908,0.586722280152937,0.0860655737704918,0.37138546643198395,0.30297256097560976
"came, one",time,0.035,0.273,0.021,0.6,2.1978021978021975,1.0,0.011445,1.8175,0.5647668393782384,0.07317073170731707,0.4497936726272352,0.3384615384615385
"came, one",food,0.035,0.359,0.02,0.5714285714285714,1.5917230401910067,1.0,0.007434999999999999,1.4956666666666667,0.38523316062176155,0.053475935828877004,0.33140182750167146,0.31356943891762834
"came, one",good,0.035,0.358,0.02,0.5714285714285714,1.596169193934557,1.0,0.007469999999999999,1.498,0.38704663212435225,0.05361930294906166,0.3324432576769025,0.3136472466081405
"came, u",food,0.033,0.359,0.024,0.7272727272727273,2.025829323879463,1.0,0.012153,2.3503333333333334,0.5236556359875906,0.06521739130434782,0.5745284356828819,0.3970625474803748
"came, u",good,0.033,0.358,0.022,0.6666666666666666,1.86219739292365,1.0,0.010185999999999999,1.926,0.47880041365046533,0.05962059620596206,0.4807892004153686,0.36405959031657353
"came, service",u,0.039,0.119,0.021,0.5384615384615385,4.524886877828055,1.0,0.016359000000000002,1.9088333333333336,0.8106139438085328,0.15328467153284672,0.4761197939404524,0.35746606334841635
"came, u",service,0.033,0.28,0.021,0.6363636363636364,2.2727272727272725,1.0,0.01176,1.98,0.5791106514994828,0.07191780821917808,0.4949494949494949,0.35568181818181815
"came, restaurant",food,0.028,0.359,0.02,0.7142857142857143,1.9896538002387585,1.0,0.009948,2.2435,0.5117283950617284,0.05449591280653951,0.5542678850011143,0.3849980103461998
"came, little",good,0.024,0.358,0.02,0.8333333333333334,2.3277467411545625,1.0,0.011408,3.8520000000000008,0.5844262295081968,0.05524861878453039,0.7403946002076844,0.44459962756052146
"came, service",food,0.039,0.359,0.027,0.6923076923076923,1.928433683308335,1.0,0.012999,2.08325,0.5009827725748642,0.07277628032345014,0.5199807992319693,0.38375830297835867
"came, service",place,0.039,0.369,0.021,0.5384615384615385,1.4592453616843863,1.0,0.006609000000000002,1.3671666666666669,0.32748624944254506,0.05426356589147288,0.2685602828233575,0.2976860537836148
"came, service",good,0.039,0.358,0.024,0.6153846153846154,1.7189514396218308,1.0,0.010038000000000002,1.6692000000000002,0.4352237252861603,0.06434316353887401,0.40091061586388693,0.34121186076493343
"came, didnt",good,0.026,0.358,0.02,0.7692307692307693,2.1486892995272884,1.0,0.010692000000000002,2.7820000000000005,0.5488706365503081,0.05494505494505495,0.6405463695183322,0.4125483455092394
"came, nice",good,0.027,0.358,0.02,0.7407407407407408,2.0691082143596113,1.0,0.010334000000000001,2.476285714285715,0.5310380267214799,0.05479452054794521,0.5961693781008424,0.3983033312642252
"came, like",food,0.038,0.359,0.023,0.6052631578947368,1.685969799149685,1.0,0.009358,1.6238666666666666,0.42294133598481426,0.061497326203208566,0.38418589375153955,0.33466500513121245
"came, like",would,0.038,0.207,0.02,0.5263157894736842,2.5425883549453343,1.0,0.012134,1.674111111111111,0.6306652806652807,0.08888888888888889,0.402668082564545,0.31146707348080344
"came, would",like,0.039,0.209,0.02,0.5128205128205129,2.4536866642129804,1.0,0.011849,1.6236315789473688,0.6164932362122788,0.08771929824561403,0.3840967292294727,0.3042571463624095
"came, like",back,0.038,0.212,0.02,0.5263157894736842,2.4826216484607744,1.0,0.011944000000000001,1.6635555555555555,0.6207900207900209,0.08695652173913043,0.39887790542345714,0.3103277060575968
"came, like",good,0.038,0.358,0.027,0.7105263157894737,1.9847103793002059,1.0,0.013396,2.2178181818181817,0.5157465157465158,0.07317073170731708,0.5491064108870306,0.39297265510144075
"came, like",time,0.038,0.273,0.02,0.5263157894736842,1.9278966647387699,1.0,0.009626,1.5347777777777776,0.5003118503118502,0.06872852233676977,0.3484398754796206,0.2997879313668787
"came, like",place,0.038,0.369,0.02,0.5263157894736842,1.426330052774212,1.0,0.005978000000000001,1.332111111111111,0.31070686070686077,0.0516795865633075,0.2493118692134456,0.2902581657395521
"came, get",food,0.037,0.359,0.023,0.6216216216216216,1.7315365504780547,1.0,0.009717,1.6940714285714285,0.4387105512664229,0.06166219839142092,0.40970611797444867,0.3428442369946548
"came, like",get,0.038,0.219,0.021,0.5526315789473685,2.523431867339582,1.0,0.012678000000000002,1.745764705882353,0.6275616275616276,0.08898305084745763,0.4271851202911248,0.3242609949531363
"came, get",like,0.037,0.209,0.021,0.5675675675675677,2.7156342945816636,1.0,0.013267000000000001,1.8291875000000004,0.6560352074370766,0.09333333333333334,0.45330918782246227,0.3340230182335446
"came, get",back,0.037,0.212,0.021,0.5675675675675677,2.677205507394187,1.0,0.013156000000000003,1.8222500000000004,0.6505464075557534,0.09210526315789475,0.45122787762381683,0.3333120856705763
"came, get",good,0.037,0.358,0.023,0.6216216216216216,1.736373244753133,1.0,0.009754,1.6967142857142856,0.44038105557813,0.06182795698924732,0.4106255788498779,0.34293371583874377
"came, great",back,0.035,0.212,0.02,0.5714285714285714,2.6954177897574123,1.0,0.012580000000000001,1.8386666666666667,0.6518134715025907,0.0881057268722467,0.4561276287164612,0.3328840970350404
"came, great",food,0.035,0.359,0.02,0.5714285714285714,1.5917230401910067,1.0,0.007434999999999999,1.4956666666666667,0.38523316062176155,0.053475935828877004,0.33140182750167146,0.31356943891762834
"came, great",place,0.035,0.369,0.02,0.5714285714285714,1.5485869144405728,1.0,0.007084999999999999,1.4723333333333333,0.36709844559585486,0.052083333333333336,0.32080597690740315,0.3128145567169957
"came, really",back,0.034,0.212,0.022,0.6470588235294117,3.0521642619311873,1.0,0.014792,2.2326666666666664,0.6960286090720874,0.09821428571428571,0.5521051060017915,0.375416204217536
"came, really",good,0.034,0.358,0.021,0.6176470588235294,1.7252711140322052,1.0,0.008828,1.6790769230769231,0.43517696933846,0.05660377358490566,0.4044346710646876,0.3381531383503122
"came, really",food,0.034,0.359,0.02,0.5882352941176471,1.6385384237260365,1.0,0.007794000000000001,1.5567142857142857,0.403416149068323,0.05361930294906166,0.35762136367807656,0.3219728002621662
flavor,place,0.071,0.369,0.039,0.5492957746478874,1.4886064353601285,1.0,0.012801000000000003,1.40003125,0.35331622091579046,0.09725685785536159,0.28573022923595465,0.32749341577922825
"flavor, place",good,0.039,0.358,0.021,0.5384615384615385,1.5040825096691022,1.0,0.007038000000000003,1.3910000000000002,0.3487438679946485,0.055851063829787245,0.28109273903666443,0.29856037816931674
"flavor, good",place,0.035,0.369,0.021,0.6,1.6260162601626016,1.0,0.008085,1.5775,0.39896373056994816,0.05483028720626632,0.36608557844690964,0.3284552845528455
"flavor, place",food,0.039,0.359,0.02,0.5128205128205129,1.4284693950432115,1.0,0.005999000000000001,1.3157368421052633,0.31212278876170657,0.05291005291005292,0.23996959878395147,0.2842654096135991
"flavor, food",place,0.033,0.369,0.02,0.6060606060606061,1.6424406668309108,1.0,0.007823,1.6017692307692308,0.4044984488107549,0.05235602094240838,0.3756903424098353,0.33013057403301305
"flavor, place",time,0.039,0.273,0.02,0.5128205128205129,1.8784634169249554,1.0,0.009353,1.492263157894737,0.4866285119667013,0.06849315068493152,0.3298769089690686,0.29304029304029305
"flavor, time",place,0.026,0.369,0.02,0.7692307692307693,2.0846362309776945,1.0,0.010406,2.7343333333333337,0.5341889117043122,0.05333333333333334,0.6342801414116788,0.41171565561809464
dish,food,0.062,0.359,0.039,0.6290322580645161,1.7521789918231647,1.0,0.016742,1.7279130434782608,0.45765677108960695,0.10209424083769633,0.42126717326757585,0.3688336777787762
dish,good,0.062,0.358,0.034,0.5483870967741936,1.531807532888809,1.0,0.011804000000000002,1.421571428571429,0.37012416907061335,0.08808290155440415,0.296553110240177,0.3216795819066499
"dish, food",good,0.039,0.358,0.021,0.5384615384615385,1.5040825096691022,1.0,0.007038000000000003,1.3910000000000002,0.3487438679946485,0.055851063829787245,0.28109273903666443,0.29856037816931674
"dish, good",food,0.034,0.359,0.021,0.6176470588235294,1.7204653449123384,1.0,0.008794000000000001,1.6764615384615387,0.4335009366065267,0.05645161290322581,0.4035055519867854,0.33807144027527447
"dish, food",service,0.039,0.28,0.022,0.5641025641025641,2.0146520146520146,1.0,0.011079999999999998,1.6517647058823528,0.5240753003500142,0.07407407407407407,0.39458689458689455,0.3213369963369963
"dish, service",food,0.028,0.359,0.022,0.7857142857142857,2.1886191802626342,1.0,0.011947999999999999,2.9913333333333334,0.5587355031799477,0.06027397260273972,0.6657009137508357,0.4234978113808197
bread,place,0.044,0.369,0.022,0.5,1.3550135501355014,1.0,0.005763999999999998,1.262,0.27405857740585765,0.05626598465473146,0.2076069730586371,0.279810298102981
bread,good,0.044,0.358,0.026,0.5909090909090909,1.65058405281869,1.0,0.010248,1.5693333333333335,0.4122948181525588,0.06914893617021277,0.3627867459643161,0.33176739461655663
waitress,food,0.036,0.359,0.024,0.6666666666666667,1.8570102135561748,1.0,0.011076000000000003,1.9230000000000005,0.47873443983402497,0.06469002695417791,0.47997919916796683,0.3667595171773445
huge,place,0.037,0.369,0.021,0.5675675675675677,1.5381234893430018,1.0,0.007347000000000003,1.4591875000000003,0.3632992137665036,0.05454545454545456,0.3146871118344971,0.31223906833662934
huge,good,0.037,0.358,0.02,0.5405405405405406,1.5098897780462028,1.0,0.006754000000000001,1.397294117647059,0.3506749740394601,0.053333333333333344,0.28433106003199465,0.29820323116412506
dont,place,0.121,0.369,0.062,0.512396694214876,1.388608927411588,1.0,0.017351,1.2940847457627118,0.31837865609747146,0.14485981308411214,0.22725308116462123,0.3402091872158391
"dont, get",place,0.045,0.369,0.029,0.6444444444444445,1.7464619090635352,1.0,0.012395000000000003,1.7746875000000002,0.4475537100559669,0.07532467532467534,0.4365205141750309,0.3615176151761518
"dont, get",time,0.045,0.273,0.025,0.5555555555555556,2.035002035002035,1.0,0.012715,1.63575,0.532565445026178,0.08532423208191127,0.38865963625248356,0.3235653235653236
"dont, time",get,0.046,0.219,0.025,0.5434782608695653,2.4816358943815766,1.0,0.014926000000000002,1.7107619047619051,0.6258280922431867,0.10416666666666666,0.41546512275232433,0.32881675600555893
"dont, get",like,0.045,0.209,0.024,0.5333333333333333,2.5518341307814993,1.0,0.014595000000000002,1.695,0.6367801047120419,0.10434782608695652,0.41002949852507375,0.3240829346092504
"back, dont",place,0.036,0.369,0.02,0.5555555555555556,1.5055706112616682,1.0,0.0067160000000000015,1.41975,0.3483402489626557,0.05194805194805196,0.29565064271878855,0.3048780487804878
"dont, one",get,0.041,0.219,0.022,0.5365853658536585,2.4501614879162488,1.0,0.013020999999999998,1.6853157894736839,0.6171675040288178,0.09243697478991596,0.40663939289841033,0.31852099342911233
"dont, one",place,0.041,0.369,0.027,0.6585365853658536,1.7846519928613918,1.0,0.011871,1.847928571428571,0.4584636774417796,0.07049608355091384,0.4588535425766301,0.3658536585365853
"dont, like",one,0.05,0.224,0.025,0.5,2.232142857142857,1.0,0.0138,1.552,0.5810526315789474,0.10040160642570281,0.3556701030927835,0.30580357142857145
"dont, one",like,0.041,0.209,0.025,0.6097560975609756,2.9174932897654338,1.0,0.016431,2.0269375,0.6853388946819604,0.11111111111111112,0.5066448768153927,0.36468666122067916
"dont, great",place,0.04,0.369,0.024,0.6,1.6260162601626016,1.0,0.00924,1.5775,0.4010416666666667,0.062337662337662345,0.36608557844690964,0.33252032520325203
"also, dont",one,0.034,0.224,0.022,0.6470588235294117,2.8886554621848735,1.0,0.014383999999999997,2.198666666666666,0.6768304159608507,0.09322033898305083,0.5451788963007883,0.3726365546218487
"dont, one",also,0.041,0.155,0.022,0.5365853658536585,3.461841070023603,1.0,0.015645,1.8234210526315786,0.7415394824153948,0.1264367816091954,0.45158031461971415,0.3392604248623131
"also, dont",place,0.034,0.369,0.022,0.6470588235294117,1.753546947234178,1.0,0.009453999999999999,1.787833333333333,0.4448522492000753,0.05774278215223097,0.44066374568844957,0.35333970986768687
"dont, like",place,0.05,0.369,0.03,0.6,1.6260162601626016,1.0,0.011549999999999998,1.5775,0.4052631578947368,0.07712082262210797,0.36608557844690964,0.34065040650406503
"dont, place",good,0.062,0.358,0.031,0.5,1.3966480446927374,1.0,0.008804,1.284,0.30277185501066095,0.07969151670951156,0.22118380062305298,0.29329608938547486
"dont, good",place,0.049,0.369,0.031,0.6326530612244897,1.7145069409877771,1.0,0.012919,1.717722222222222,0.4382144432007056,0.08010335917312661,0.41783369449205976,0.3583319506664454
"dont, like",good,0.05,0.358,0.029,0.58,1.6201117318435754,1.0,0.011100000000000002,1.5285714285714285,0.40290381125226865,0.07651715039577837,0.3457943925233644,0.3305027932960894
"dont, good",like,0.049,0.209,0.029,0.5918367346938775,2.83175471145396,1.0,0.018759,1.93795,0.6801914500163169,0.12663755458515283,0.48399081503650765,0.36529635777756075
"dont, would",place,0.038,0.369,0.025,0.6578947368421053,1.7829125659677652,1.0,0.010978000000000002,1.8444615384615388,0.4564656964656965,0.06544502617801048,0.4578363499874886,0.3628227071744402
"dont, would",like,0.038,0.209,0.021,0.5526315789473685,2.644170234197935,1.0,0.013058000000000002,1.7681176470588238,0.6463716463716465,0.09292035398230089,0.4344267749018565,0.326555023923445
"dont, would",good,0.038,0.358,0.02,0.5263157894736842,1.4701558365186709,1.0,0.006396000000000001,1.3553333333333333,0.3324324324324325,0.053191489361702135,0.26217412690605013,0.29109085563069687
"dont, time",would,0.046,0.207,0.023,0.5,2.4154589371980677,1.0,0.013478,1.586,0.6142557651991615,0.09999999999999999,0.36948297604035313,0.3055555555555556
"dont, would",time,0.038,0.273,0.023,0.6052631578947368,2.2170811644495854,1.0,0.012625999999999998,1.8417333333333332,0.570640874988701,0.07986111111111112,0.4570332295663505,0.34475612107191056
"dont, one",would,0.041,0.207,0.022,0.5365853658536585,2.5921998350418285,1.0,0.013512999999999999,1.7112105263157893,0.640487249976301,0.09734513274336282,0.4156183680374004,0.32143277954518673
"dont, would",one,0.038,0.224,0.022,0.5789473684210527,2.5845864661654137,1.0,0.013487999999999998,1.8430000000000002,0.6373086373086373,0.09166666666666666,0.4574064026044493,0.3385808270676692
"dont, would",go,0.038,0.2,0.02,0.5263157894736842,2.631578947368421,1.0,0.012400000000000001,1.6888888888888889,0.6444906444906445,0.09174311926605504,0.4078947368421052,0.3131578947368421
"dont, would",get,0.038,0.219,0.02,0.5263157894736842,2.403268445085316,1.0,0.011678000000000001,1.6487777777777777,0.606964656964657,0.08438818565400844,0.39349012736707323,0.3088199951934631
"dont, place",time,0.062,0.273,0.031,0.5,1.8315018315018314,1.0,0.014074,1.454,0.4840085287846482,0.1019736842105263,0.312242090784044,0.3067765567765568
"dont, time",place,0.046,0.369,0.031,0.6739130434782609,1.8263226110521975,1.0,0.014026,1.9350666666666667,0.4742679380536958,0.08072916666666667,0.48322193895128507,0.378961941793331
"dont, time",like,0.046,0.209,0.024,0.5217391304347826,2.49635947576451,1.0,0.014386000000000001,1.653909090909091,0.6283193570929421,0.10389610389610389,0.3953718463145166,0.31828583315997505
"dont, like, place",time,0.03,0.273,0.02,0.6666666666666667,2.442002442002442,1.0,0.01181,2.1810000000000005,0.6087628865979381,0.07067137809187278,0.5414947271893628,0.36996336996337
"dont, place, time",like,0.031,0.209,0.02,0.6451612903225806,3.086896125945362,1.0,0.013521000000000002,2.2291818181818184,0.6976780185758514,0.09090909090909091,0.551404918233351,0.3704275351134434
"dont, like, time",place,0.024,0.369,0.02,0.8333333333333334,2.2583559168925023,1.0,0.011144000000000001,3.786000000000001,0.5709016393442624,0.05361930294906166,0.7358689910195457,0.4437669376693767
"dont, go",place,0.042,0.369,0.026,0.619047619047619,1.6776358239772873,1.0,0.010501999999999997,1.6563749999999997,0.421631604303838,0.06753246753246754,0.39627197947324716,0.34475416182733254
"dont, go",get,0.042,0.219,0.024,0.5714285714285714,2.609262883235486,1.0,0.014802,1.8223333333333334,0.6437891440501043,0.10126582278481013,0.45125297237973294,0.3405088062622309
"dont, get",go,0.045,0.2,0.024,0.5333333333333333,2.6666666666666665,1.0,0.015000000000000001,1.7142857142857144,0.6544502617801048,0.1085972850678733,0.41666666666666663,0.32666666666666666
"dont, food",place,0.04,0.369,0.027,0.6749999999999999,1.8292682926829267,1.0,0.01224,1.9415384615384612,0.4722222222222222,0.07068062827225131,0.484944532488114,0.3740853658536585
"dont, food",good,0.04,0.358,0.02,0.5,1.3966480446927374,1.0,0.005680000000000001,1.284,0.2958333333333334,0.05291005291005292,0.22118380062305298,0.2779329608938548
"dont, really",like,0.038,0.209,0.021,0.5526315789473685,2.644170234197935,1.0,0.013058000000000002,1.7681176470588238,0.6463716463716465,0.09292035398230089,0.4344267749018565,0.326555023923445
"dont, really",good,0.038,0.358,0.02,0.5263157894736842,1.4701558365186709,1.0,0.006396000000000001,1.3553333333333333,0.3324324324324325,0.053191489361702135,0.26217412690605013,0.29109085563069687
"dont, really",place,0.038,0.369,0.027,0.7105263157894737,1.925545571245186,1.0,0.012978,2.179818181818182,0.4996534996534997,0.07105263157894738,0.5412461422971057,0.39184852374839535
"dont, really",get,0.038,0.219,0.021,0.5526315789473685,2.523431867339582,1.0,0.012678000000000002,1.745764705882353,0.6275616275616276,0.08898305084745763,0.4271851202911248,0.3242609949531363
"dont, really",food,0.038,0.359,0.02,0.5263157894736842,1.4660606949127695,1.0,0.006358000000000001,1.353222222222222,0.3304573804573805,0.053050397877984094,0.2610230725018474,0.29101304794018473
"dont, food",really,0.04,0.182,0.02,0.5,2.7472527472527473,1.0,0.01272,1.6360000000000001,0.6625000000000001,0.099009900990099,0.3887530562347188,0.30494505494505497
"dont, really",time,0.038,0.273,0.02,0.5263157894736842,1.9278966647387699,1.0,0.009626,1.5347777777777776,0.5003118503118502,0.06872852233676977,0.3484398754796206,0.2997879313668787
let,back,0.039,0.212,0.021,0.5384615384615385,2.5399129172714083,1.0,0.012732000000000002,1.7073333333333338,0.6308904415043853,0.09130434782608696,0.4142912924638814,0.31875907111756174
let,get,0.039,0.219,0.02,0.5128205128205129,2.341646177262616,1.0,0.011459,1.603105263157895,0.5962018730489074,0.08403361344537814,0.3762106438162777,0.30207235686687745
since,time,0.08,0.273,0.043,0.5375,1.9688644688644685,1.0,0.021159999999999995,1.5718918918918918,0.5348837209302325,0.1387096774193548,0.36382393397524065,0.34750457875457874
"good, since",time,0.035,0.273,0.02,0.5714285714285714,2.0931449502878072,1.0,0.010445,1.6963333333333332,0.5411917098445596,0.06944444444444443,0.4104932206720377,0.3223443223443223
"place, since",time,0.039,0.273,0.022,0.5641025641025641,2.0663097586174506,1.0,0.011352999999999999,1.6678235294117647,0.5369879859994324,0.07586206896551724,0.40041618170916654,0.3223443223443223
"since, time",place,0.043,0.369,0.022,0.5116279069767442,1.3865254931619084,1.0,0.0061329999999999996,1.2920476190476191,0.29129856559323647,0.05641025641025641,0.22603471787122695,0.28562425159135313
"place, since",great,0.039,0.349,0.02,0.5128205128205129,1.4693997502020428,1.0,0.006389000000000001,1.336263157894737,0.33241415192507806,0.054347826086956534,0.25164441293473566,0.28506355153919627
"great, since",place,0.037,0.369,0.02,0.5405405405405406,1.4648795136600015,1.0,0.006347000000000002,1.3733529411764707,0.32954309449636565,0.051813471502590684,0.2718550563241531,0.2973705412729803
"great, since",time,0.037,0.273,0.02,0.5405405405405406,1.98000198000198,1.0,0.009899,1.5822941176470589,0.5139667705088266,0.06896551724137932,0.3680062455853378,0.3069003069003069
"like, since",time,0.032,0.273,0.021,0.65625,2.4038461538461537,1.0,0.012264,2.114909090909091,0.6033057851239669,0.07394366197183098,0.5271664374140302,0.36658653846153844
"since, time",back,0.043,0.212,0.022,0.5116279069767442,2.413339183852567,1.0,0.012884,1.6135238095238096,0.6119502232354898,0.09442060085836909,0.3802384606303861,0.3077007459412023
"back, since",time,0.031,0.273,0.022,0.7096774193548386,2.59955098664776,1.0,0.013536999999999999,2.5041111111111105,0.6350032836100948,0.07801418439716311,0.6006566978746061,0.39513174997045963
"get, since",time,0.028,0.273,0.02,0.7142857142857143,2.6164311878597593,1.0,0.012355999999999999,2.5445,0.6355967078189301,0.07117437722419928,0.6069954804480252,0.39377289377289376
wanted,place,0.044,0.369,0.026,0.5909090909090909,1.601379650160138,1.0,0.009763999999999998,1.5424444444444445,0.39282265851303505,0.06718346253229975,0.3516784325025213,0.33068489775806853
wanted,time,0.044,0.273,0.024,0.5454545454545455,1.998001998001998,1.0,0.011988,1.5994000000000002,0.522489539748954,0.08191126279863482,0.37476553707640375,0.31668331668331673
away,place,0.045,0.369,0.028,0.6222222222222222,1.6862390846130684,1.0,0.011395000000000002,1.670294117647059,0.42614061331338826,0.07253886010362695,0.40130304631097025,0.34905149051490514
bit,good,0.081,0.358,0.042,0.5185185185185185,1.4483757500517276,1.0,0.013002000000000003,1.3333846153846154,0.3368568319602052,0.10579345088161209,0.25002884504442136,0.31791847713635424
"bit, like",good,0.037,0.358,0.021,0.5675675675675677,1.585384266948513,1.0,0.007754000000000002,1.4846250000000003,0.3834248133313555,0.056149732620320865,0.3264292329712892,0.3131133927223313
"bit, good",like,0.042,0.209,0.021,0.5,2.3923444976076556,1.0,0.012222000000000002,1.582,0.6075156576200418,0.09130434782608696,0.3678887484197219,0.30023923444976075
"bit, place",like,0.038,0.209,0.023,0.6052631578947368,2.895995970788215,1.0,0.015058,2.0038666666666667,0.6805568109915936,0.10267857142857142,0.500964801383991,0.3576555023923445
"bit, like",place,0.037,0.369,0.023,0.6216216216216216,1.6846114407090016,1.0,0.009347000000000001,1.667642857142857,0.42200550814935217,0.060052219321148834,0.4003512228551848,0.34197612246392733
"bit, place",good,0.038,0.358,0.024,0.6315789473684211,1.7641870038224055,1.0,0.010396,1.7425714285714289,0.4502772002772003,0.06451612903225808,0.42613543203803916,0.3493090267568363
"bit, good",place,0.042,0.369,0.024,0.5714285714285714,1.5485869144405728,1.0,0.008502,1.4723333333333333,0.36978079331941544,0.062015503875969,0.32080597690740315,0.31823461091753774
tasted,good,0.032,0.358,0.022,0.6875,1.9203910614525141,1.0,0.010544,2.0544000000000002,0.49511645379413977,0.05978260869565217,0.5132398753894081,0.3744762569832402
different,place,0.06,0.369,0.033,0.55,1.4905149051490516,1.0,0.010860000000000002,1.4022222222222225,0.3500967117988395,0.08333333333333333,0.28684627575277344,0.3197154471544716
different,good,0.06,0.358,0.03,0.5,1.3966480446927374,1.0,0.00852,1.284,0.30212765957446813,0.07731958762886597,0.22118380062305298,0.2918994413407821
id,place,0.035,0.369,0.022,0.6285714285714284,1.70344560588463,1.0,0.009084999999999998,1.6988461538461532,0.42793217145548745,0.05759162303664921,0.4113651799864159,0.34409601238869525
almost,good,0.033,0.358,0.02,0.6060606060606061,1.6929067208396817,1.0,0.008186,1.6296923076923078,0.42326783867631856,0.05390835579514825,0.38638723685452664,0.3309632639241578
parking,place,0.032,0.369,0.02,0.625,1.6937669376693767,1.0,0.008192,1.6826666666666668,0.4231404958677686,0.05249343832020997,0.40570522979397783,0.33960027100271
quality,place,0.043,0.369,0.023,0.5348837209302326,1.4495493792147225,1.0,0.0071330000000000005,1.3566500000000001,0.32406524010721915,0.059125964010282785,0.2628902074964067,0.29860717211823284
seemed,good,0.036,0.358,0.021,0.5833333333333334,1.6294227188081938,1.0,0.008112000000000003,1.5408000000000002,0.40071132187314773,0.056300268096514755,0.3509865005192109,0.32099627560521415
seemed,like,0.036,0.209,0.02,0.5555555555555556,2.658160552897395,1.0,0.012476000000000001,1.7797500000000002,0.6470954356846474,0.08888888888888889,0.4381233319286417,0.32562466772993093
sit,place,0.034,0.369,0.021,0.6176470588235294,1.6738402678144428,1.0,0.008454000000000001,1.6503076923076925,0.41674060928719314,0.0549738219895288,0.39405239116248725,0.33727881396461024
asked,place,0.051,0.369,0.028,0.5490196078431373,1.4878580158350605,1.0,0.009181000000000002,1.3991739130434784,0.34551407496612985,0.07142857142857144,0.2852925639352414,0.3124501833253627
dry,food,0.03,0.359,0.02,0.6666666666666667,1.8570102135561748,1.0,0.009230000000000002,1.9230000000000005,0.47577319587628875,0.05420054200542006,0.47997919916796683,0.361188486536676
either,good,0.031,0.358,0.021,0.6774193548387097,1.8922328347449993,1.0,0.009902000000000001,1.9902000000000004,0.486608678559143,0.05706521739130435,0.4975379358858407,0.36803928635790234
either,place,0.031,0.369,0.02,0.6451612903225806,1.7484045808200017,1.0,0.008561000000000001,1.7782727272727272,0.44174406604747163,0.05263157894736842,0.4376565615254844,0.3496809161640003
portion,food,0.043,0.359,0.027,0.627906976744186,1.7490445034656994,1.0,0.011563000000000002,1.7226875000000001,0.44750183830643614,0.07200000000000001,0.41951166418749775,0.35155794519660555
portion,good,0.043,0.358,0.025,0.5813953488372093,1.624009354293881,1.0,0.009606000000000003,1.5336666666666667,0.40150470219435747,0.06648936170212767,0.3479678330797653,0.32561387553592314
stop,place,0.032,0.369,0.02,0.625,1.6937669376693767,1.0,0.008192,1.6826666666666668,0.4231404958677686,0.05249343832020997,0.40570522979397783,0.33960027100271
called,would,0.033,0.207,0.021,0.6363636363636364,3.0742204655248133,1.0,0.014169000000000001,2.18075,0.6977396956714433,0.09589041095890412,0.5414421643929841,0.3689064558629776
orleans,new,0.027,0.096,0.026,0.9629629629629629,10.030864197530864,1.0,0.023407999999999998,24.407999999999966,0.9252905368013282,0.26804123711340205,0.9590298262864634,0.6168981481481481
size,good,0.031,0.358,0.021,0.6774193548387097,1.8922328347449993,1.0,0.009902000000000001,1.9902000000000004,0.486608678559143,0.05706521739130435,0.4975379358858407,0.36803928635790234
cream,ice,0.03,0.024,0.021,0.7000000000000001,29.166666666666668,1.0,0.020280000000000003,3.253333333333334,0.9955817378497792,0.6363636363636364,0.6926229508196722,0.7875000000000001
ice,cream,0.024,0.03,0.021,0.875,29.166666666666668,1.0,0.020280000000000003,7.76,0.9894613583138174,0.6363636363636364,0.8711340206185567,0.7875000000000001
else,get,0.044,0.219,0.022,0.5,2.2831050228310503,1.0,0.012364,1.562,0.5878661087866109,0.09128630705394189,0.3597951344430218,0.3002283105022831
