antecedents,consequents,antecedent support,consequent support,support,confidence,lift,representativity,leverage,conviction,zhangs_metric,jaccard,certainty,kulczynski
"frozenset({'good', 'place'})",frozenset({'food'}),0.1499,0.3643,0.0775,0.5170113408939293,1.4191911635847634,1.0,0.022891429999999997,1.3161799723756906,0.34745711130758805,0.17746736890313716,0.2402254851249478,0.3648740481576427
"frozenset({'good', 'time'})",frozenset({'place'}),0.1087,0.3787,0.0549,0.5050597976080956,1.333667276493519,1.0,0.01373531,1.255303159851301,0.28069987208876257,0.1269364161849711,0.2033796839016508,0.3250147152814706
"frozenset({'good', 'food', 'time'})",frozenset({'place'}),0.0538,0.3787,0.0293,0.5446096654275093,1.43810315666097,1.0,0.00892594,1.3643240816326532,0.32196109748857116,0.0726686507936508,0.26703631969661895,0.31098980762793477
"frozenset({'good', 'place', 'time'})",frozenset({'food'}),0.0549,0.3643,0.0293,0.5336976320582878,1.4649948725179462,1.0,0.009299930000000001,1.3632785156249998,0.33584144986373043,0.075147473711208,0.2664741734439009,0.30706292527976153
"frozenset({'food', 'place', 'time'})",frozenset({'good'}),0.0544,0.3481,0.0293,0.5386029411764706,1.547264984706896,1.0,0.010363359999999999,1.412882868525896,0.3740464186922148,0.07851018220793139,0.2922272452469252,0.31138707817226285
"frozenset({'good', 'great', 'time'})",frozenset({'food'}),0.0407,0.3643,0.0224,0.5503685503685504,1.5107563831143298,1.0,0.00757299,1.4138245901639344,0.352423549165314,0.05854678515420804,0.2926986792017467,0.3059281675806518
"frozenset({'good', 'great', 'time'})",frozenset({'place'}),0.0407,0.3787,0.022,0.5405405405405405,1.4273581741234236,1.0,0.00658691,1.352241176470588,0.31210778692796826,0.055359838953195774,0.260486947594625,0.2993170091136819
"frozenset({'food', 'great', 'time'})",frozenset({'place'}),0.0452,0.3787,0.0228,0.504424778761062,1.3319904377107525,1.0,0.005682760000000002,1.2536946428571427,0.26104300340293557,0.056843679880329095,0.2023576030276227,0.282315373272794
"frozenset({'service', 'time'})",frozenset({'food'}),0.0878,0.3643,0.0445,0.5068337129840547,1.3912536727533753,1.0,0.012514459999999998,1.2890175519630482,0.30829184414023136,0.10917566241413149,0.2242153735788181,0.31449289272590053
"frozenset({'food', 'time', 'service'})",frozenset({'place'}),0.0445,0.3787,0.0226,0.5078651685393258,1.3410751743842775,1.0,0.005747849999999999,1.262458904109589,0.2661744071352162,0.056415376934598103,0.20789500811093814,0.2837715068997131
"frozenset({'place', 'service', 'time'})",frozenset({'food'}),0.0395,0.3643,0.0226,0.5721518987341772,1.5705514650951884,1.0,0.008210149999999998,1.485807692307692,0.3782206907353747,0.059286463798530954,0.3269653904895032,0.31709434080271853
"frozenset({'good', 'service', 'time'})",frozenset({'food'}),0.0385,0.3643,0.0216,0.5610389610389611,1.5400465578889957,1.0,0.007574450000000002,1.4481923076923078,0.36471032915390694,0.056663168940188885,0.3094839720606593,0.3101653767588437
"frozenset({'good', 'time', 'service'})",frozenset({'place'}),0.0385,0.3787,0.0212,0.5506493506493506,1.4540516256914462,1.0,0.006620050000000001,1.3826618497109824,0.3247701606177455,0.05353535353535354,0.2767573646376157,0.3033151691192356
"frozenset({'place', 'service', 'time'})",frozenset({'good'}),0.0395,0.3481,0.0212,0.5367088607594936,1.5418237884501396,1.0,0.00745005,1.407106557377049,0.36586928977635463,0.05786026200873363,0.289321768307246,0.29880545020163707
"frozenset({'good', 'like'})",frozenset({'place'}),0.1001,0.3787,0.0561,0.5604395604395604,1.4799037772367585,1.0,0.01819213,1.4134575,0.3603515859060593,0.13271823988644427,0.2925149854169652,0.35428896427047996
"frozenset({'place', 'like'})",frozenset({'good'}),0.112,0.3481,0.0561,0.5008928571428571,1.438933803915131,1.0,0.01711279999999999,1.306132379248658,0.3435146376322845,0.13886138613861385,0.23438082089715775,0.3310267215906759
"frozenset({'good', 'like'})",frozenset({'food'}),0.1001,0.3643,0.0501,0.5004995004995005,1.3738663203390078,1.0,0.013633569999999998,1.2726714,0.30239709490897076,0.12092686459087616,0.2142512199142686,0.3190117595827176
"frozenset({'food', 'like'})",frozenset({'good'}),0.0927,0.3481,0.0501,0.5404530744336569,1.552579932300077,1.0,0.017831129999999994,1.418571126760563,0.3922746373229512,0.12823137957512157,0.29506530822772953,0.342188617078937
"frozenset({'food', 'like'})",frozenset({'place'}),0.0927,0.3787,0.0518,0.5587918015102481,1.4755526842097917,1.0,0.016694509999999996,1.4081787286063567,0.35521639792553483,0.1234509056244042,0.28986287061041066,0.3477877676682479
"frozenset({'good', 'food', 'like'})",frozenset({'place'}),0.0501,0.3787,0.0304,0.6067864271457086,1.602287898457113,1.0,0.01142713,1.5800573604060915,0.39571790105329646,0.07630522088353414,0.3671115840104759,0.343530525429205
"frozenset({'good', 'place', 'like'})",frozenset({'food'}),0.0561,0.3643,0.0304,0.5418894830659536,1.4874814248310557,1.0,0.00996277,1.387656420233463,0.3472006540612576,0.07794871794871795,0.27936052078960777,0.31266859549948794
"frozenset({'food', 'place', 'like'})",frozenset({'good'}),0.0518,0.3481,0.0304,0.5868725868725869,1.685931016583128,1.0,0.012368419999999998,1.577963551401869,0.42908238879206023,0.08227334235453314,0.3662718006942582,0.3371019067657965
"frozenset({'like', 'time'})",frozenset({'good'}),0.0826,0.3481,0.0416,0.5036319612590798,1.4468025316261988,1.0,0.012846939999999994,1.3133399999999997,0.33662597893712987,0.10691338987406836,0.23858254526626757,0.31156892518570195
"frozenset({'like', 'time'})",frozenset({'place'}),0.0826,0.3787,0.0441,0.5338983050847457,1.4098186033397035,1.0,0.012819379999999998,1.3329709090909088,0.3168616621854031,0.10570469798657718,0.24979608093472672,0.3251746608603026
"frozenset({'good', 'like', 'time'})",frozenset({'place'}),0.0416,0.3787,0.0256,0.6153846153846154,1.6249923828482056,1.0,0.009846080000000004,1.61538,0.40130686560934903,0.06485938687610844,0.3809506122398446,0.3414921492555504
"frozenset({'place', 'like', 'time'})",frozenset({'good'}),0.0441,0.3481,0.0256,0.5804988662131519,1.667620988834105,1.0,0.01024879,1.5539886486486485,0.41881301325975523,0.06983087834151665,0.35649465594899826,0.327020475910368
"frozenset({'good', 'like', 'time'})",frozenset({'food'}),0.0416,0.3643,0.0215,0.516826923076923,1.4186849384488691,1.0,0.006345119999999999,1.3156776119402982,0.3079318243584268,0.055931321540062424,0.23993538316332078,0.287922108258198
"frozenset({'food', 'like', 'time'})",frozenset({'good'}),0.0379,0.3481,0.0215,0.567282321899736,1.6296533234695088,1.0,0.008307009999999997,1.5065249999999994,0.401592930193883,0.05898491083676269,0.33622077297090974,0.3145230914296152
"frozenset({'food', 'like', 'time'})",frozenset({'place'}),0.0379,0.3787,0.0226,0.596306068601583,1.5746133314010642,1.0,0.008247269999999998,1.5390372549019602,0.37929887883529106,0.05736040609137056,0.35024314920583133,0.32799195693084165
"frozenset({'place', 'like', 'time'})",frozenset({'food'}),0.0441,0.3643,0.0226,0.5124716553287981,1.4067297703233548,1.0,0.006534369999999998,1.3039241860465114,0.3024703587500821,0.05857957490927942,0.23308424623060897,0.287254219100029
"frozenset({'great', 'like'})",frozenset({'place'}),0.0791,0.3787,0.0436,0.5512010113780025,1.4555083479746567,1.0,0.01364483,1.384361408450704,0.3398358307240324,0.10526315789473684,0.2776452782520562,0.33316586085139893
"frozenset({'good', 'great', 'like'})",frozenset({'place'}),0.0377,0.3787,0.0229,0.6074270557029178,1.6039795503113752,1.0,0.008623010000000002,1.5826358108108107,0.39130276942931946,0.05819567979669631,0.36814269387239307,0.3339485423748283
"frozenset({'place', 'great', 'like'})",frozenset({'good'}),0.0436,0.3481,0.0229,0.5252293577981652,1.508846187297228,1.0,0.00772284,1.3730840579710144,0.35261597803992045,0.0620932754880694,0.2717124678603546,0.29550752578216216
"frozenset({'food', 'great', 'like'})",frozenset({'place'}),0.0357,0.3787,0.0221,0.6190476190476191,1.6346649565556353,1.0,0.008580410000000002,1.6309125,0.40262765337949413,0.0563344379301555,0.3868463206947032,0.3387025789983276
"frozenset({'place', 'great', 'like'})",frozenset({'food'}),0.0436,0.3643,0.0221,0.5068807339449541,1.3913827448392921,1.0,0.00621652,1.289140465116279,0.2941138621262615,0.05728356661482634,0.22428934079747387,0.2837725108099736
"frozenset({'food', 'great', 'like'})",frozenset({'good'}),0.0357,0.3481,0.0209,0.5854341736694677,1.6817988327189535,1.0,0.008472829999999997,1.572488513513513,0.4204070979916015,0.0575916230366492,0.36406530705548046,0.32273719599876716
"frozenset({'good', 'great', 'like'})",frozenset({'food'}),0.0377,0.3643,0.0209,0.5543766578249337,1.5217585995743446,1.0,0.007165889999999999,1.4265410714285713,0.35629798424528153,0.05484124901600629,0.2990037090214468,0.30587347851444324
"frozenset({'get', 'like'})",frozenset({'place'}),0.0709,0.3787,0.0396,0.5585331452750353,1.4748696732902966,1.0,0.012750170000000002,1.4073536741214057,0.3465439564083413,0.09658536585365855,0.28944655605188363,0.33155070255565866
"frozenset({'get', 'like'})",frozenset({'good'}),0.0709,0.3481,0.0373,0.5260930888575458,1.5113274600906228,1.0,0.012619709999999996,1.3755866071428569,0.3641481291676368,0.09772072308095361,0.27303741196126063,0.3166231028889855
"frozenset({'place', 'like', 'get'})",frozenset({'good'}),0.0396,0.3481,0.0232,0.5858585858585857,1.6830180576230558,1.0,0.009415239999999997,1.5740999999999994,0.42256279711039924,0.06364883401920438,0.36471634584842116,0.3262530504702294
"frozenset({'good', 'get', 'like'})",frozenset({'place'}),0.0373,0.3787,0.0232,0.6219839142091153,1.6424185746213764,1.0,0.00907449,1.6435808510638295,0.4062966763735614,0.059063136456211814,0.39157237117192223,0.3416230635212463
"frozenset({'place', 'like', 'get'})",frozenset({'food'}),0.0396,0.3643,0.0203,0.5126262626262625,1.4071541658695101,1.0,0.005873719999999997,1.3043378238341965,0.30127635652632406,0.05291970802919707,0.23332745418634976,0.28417478379734756
"frozenset({'food', 'get', 'like'})",frozenset({'place'}),0.0318,0.3787,0.0203,0.6383647798742138,1.6856740952580245,1.0,0.008257339999999998,1.7180295652173911,0.42012550840877844,0.05202460276781137,0.4179378398104198,0.3459846080517095
"frozenset({'like', 'service'})",frozenset({'good'}),0.0631,0.3481,0.0342,0.5419968304278923,1.557014738373721,1.0,0.012234889999999998,1.4233525951557093,0.38183938695423936,0.09071618037135279,0.29743339534881463,0.32012223020963704
"frozenset({'like', 'service'})",frozenset({'food'}),0.0631,0.3643,0.0335,0.5309033280507132,1.4573245348633355,1.0,0.010512669999999998,1.3551577702702702,0.33494614662836947,0.08504696623508505,0.26207854027168975,0.3114302531002948
"frozenset({'like', 'service'})",frozenset({'place'}),0.0631,0.3787,0.032,0.5071315372424723,1.3391379383218176,1.0,0.008104030000000002,1.2605797427652732,0.2703073300245491,0.07808687164470475,0.20671420769752505,0.2958155705752895
"frozenset({'good', 'like', 'service'})",frozenset({'food'}),0.0342,0.3643,0.0201,0.587719298245614,1.6132838271908152,1.0,0.007640939999999999,1.541910638297872,0.39360765029686934,0.0531183932346723,0.351453984970291,0.3214468025677699
"frozenset({'food', 'like', 'service'})",frozenset({'good'}),0.0335,0.3481,0.0201,0.6,1.7236426314277504,1.0,0.008438649999999999,1.6297499999999998,0.4343852388342817,0.055601659751037334,0.3864089584292069,0.32887101407641484
frozenset({'restaurant'}),frozenset({'food'}),0.135,0.3643,0.0821,0.6081481481481481,1.669360823903783,1.0,0.032919500000000004,1.6222967863894135,0.46354720381883086,0.19678811121764142,0.38358997663701133,0.4167559296875794
"frozenset({'good', 'restaurant'})",frozenset({'food'}),0.0603,0.3643,0.0405,0.6716417910447762,1.8436502636419878,1.0,0.01853271,1.9359954545454547,0.48696155983588146,0.1054412913303827,0.48346986164035893,0.39140695097119405
"frozenset({'restaurant', 'time'})",frozenset({'food'}),0.0451,0.3643,0.0302,0.6696230598669624,1.8381088659537808,1.0,0.013770069999999999,1.9241657718120806,0.4774977304235595,0.07964135021097048,0.4802942580886619,0.37626088486073894
"frozenset({'restaurant', 'like'})",frozenset({'food'}),0.0436,0.3643,0.0274,0.6284403669724771,1.7250627696197558,1.0,0.011516519999999999,1.7108962962962961,0.43947192482759245,0.07201051248357423,0.41551103818228263,0.35182655186394923
"frozenset({'restaurant', 'like'})",frozenset({'good'}),0.0436,0.3481,0.0231,0.5298165137614679,1.522023883256156,1.0,0.007922839999999999,1.3864799999999997,0.3586157325178655,0.0626695604991861,0.27874906237378105,0.29808837753571815
"frozenset({'restaurant', 'like'})",frozenset({'place'}),0.0436,0.3787,0.0231,0.5298165137614679,1.3990401736505622,1.0,0.0065886799999999995,1.3213990243902438,0.2982269368718553,0.05786573146292585,0.24322632184366313,0.2954073326663162
"frozenset({'restaurant', 'service'})",frozenset({'food'}),0.0505,0.3643,0.0346,0.6851485148514851,1.880726090726009,1.0,0.016202849999999998,2.01904716981132,0.4931969061903587,0.09100473435034193,0.50471687093202,0.3900625912165743
"frozenset({'restaurant', 'back'})",frozenset({'food'}),0.0371,0.3643,0.0235,0.6334231805929919,1.7387405451358546,1.0,0.009984469999999999,1.7341522058823524,0.4412411089726734,0.062185763429478694,0.4233493481091582,0.348965227408766
"frozenset({'would', 'restaurant'})",frozenset({'food'}),0.0379,0.3643,0.0252,0.6649076517150395,1.8251651158798778,1.0,0.011393029999999998,1.8970889763779522,0.4699141098423917,0.06684350132625995,0.4728765954302966,0.3670407048034434
"frozenset({'would', 'restaurant'})",frozenset({'place'}),0.0379,0.3787,0.02,0.5277044854881267,1.3934631251336855,1.0,0.005647269999999999,1.3154899441340782,0.29348664380002076,0.05042864346949068,0.23982695233884868,0.2902583689653467
"frozenset({'get', 'restaurant'})",frozenset({'food'}),0.0365,0.3643,0.0223,0.6109589041095891,1.6770763220136948,1.0,0.00900305,1.6340176056338027,0.41901838634835165,0.05891677675033025,0.3880114898687889,0.33608609493154445
"frozenset({'get', 'restaurant'})",frozenset({'place'}),0.0365,0.3787,0.02,0.5479452054794521,1.4469110258237448,1.0,0.006177450000000003,1.3743909090909092,0.3205734302023872,0.05060728744939272,0.27240496616683113,0.3003787289610094
"frozenset({'place', 'restaurant'})",frozenset({'food'}),0.0576,0.3643,0.0366,0.6354166666666667,1.7442126452557418,1.0,0.01561632,1.743634285714286,0.4527540426953157,0.0949909161692188,0.4264852393686751,0.3679416575166987
"frozenset({'restaurant', 'one'})",frozenset({'food'}),0.0453,0.3643,0.028,0.6181015452538632,1.6966828033320427,1.0,0.01149721,1.664578612716763,0.4300980861601999,0.07337526205450734,0.39924735764332736,0.3474806381224024
"frozenset({'restaurant', 'great'})",frozenset({'food'}),0.0516,0.3643,0.0307,0.5949612403100776,1.633162888581053,1.0,0.011902120000000002,1.5694794258373206,0.40878448461801603,0.07969885773624093,0.36284605994978386,0.33961622268042996
"frozenset({'go', 'restaurant'})",frozenset({'food'}),0.0357,0.3643,0.0226,0.6330532212885153,1.737725010399438,1.0,0.009594489999999997,1.7324038167938922,0.4402519503808071,0.05988341282458929,0.4227673765746662,0.3475450020798876
"frozenset({'good', 'come'})",frozenset({'food'}),0.0499,0.3643,0.0258,0.5170340681362725,1.4192535496466443,1.0,0.0076214299999999985,1.3162419087136927,0.31091912805587985,0.06642636457260556,0.24026123664664545,0.29392741013182
"frozenset({'come', 'like'})",frozenset({'good'}),0.0392,0.3481,0.0209,0.5331632653061225,1.5316382226547613,1.0,0.007254479999999999,1.3964196721311475,0.3612659307036799,0.05704148471615719,0.2838829042891892,0.29660174181709453
"frozenset({'come', 'like'})",frozenset({'place'}),0.0392,0.3787,0.0212,0.5408163265306123,1.4280864180898134,1.0,0.0063549600000000015,1.3530533333333334,0.3119923648531885,0.053440887320393246,0.2609308329802226,0.29839865705986646
"frozenset({'come', 'one'})",frozenset({'time'}),0.0398,0.2747,0.0206,0.5175879396984925,1.8841934462995722,1.0,0.009666939999999999,1.5034864583333336,0.48871998754304824,0.0700918679823069,0.3348792771246277,0.2962894194306077
"frozenset({'come', 'one'})",frozenset({'place'}),0.0398,0.3787,0.0204,0.5125628140703518,1.3534798364677891,1.0,0.005327740000000001,1.274625773195876,0.27198888303498864,0.05124340617935193,0.21545600204466728,0.28321565578088487
"frozenset({'would', 'come'})",frozenset({'time'}),0.0394,0.2747,0.0203,0.5152284263959391,1.8756040276517625,1.0,0.009476819999999999,1.4961685863874348,0.4859862832035396,0.06909462219196733,0.3316261221507502,0.2945636125427093
"frozenset({'would', 'come'})",frozenset({'back'}),0.0394,0.2241,0.0215,0.5456852791878173,2.435007939258444,1.0,0.01267046,1.7078469273743018,0.6134954413181685,0.08884297520661155,0.41446743032325983,0.3208122959973
"frozenset({'place', 'come'})",frozenset({'food'}),0.0535,0.3643,0.0269,0.502803738317757,1.3801914310122345,1.0,0.0074099499999999985,1.2785695488721804,0.2910330959099951,0.06881555385008953,0.21787594512782293,0.2883219899384558
"frozenset({'get', 'come'})",frozenset({'time'}),0.0436,0.2747,0.0232,0.5321100917431192,1.9370589433677436,1.0,0.011223079999999998,1.5501509803921567,0.5058066167668988,0.07861741782446627,0.3549015465919194,0.3082829308369764
"frozenset({'come', 'service'})",frozenset({'food'}),0.0395,0.3643,0.0226,0.5721518987341772,1.5705514650951884,1.0,0.008210149999999998,1.485807692307692,0.3782206907353747,0.059286463798530954,0.3269653904895032,0.31709434080271853
"frozenset({'come', 'service'})",frozenset({'time'}),0.0395,0.2747,0.0201,0.5088607594936708,1.8524235875270143,1.0,0.00924935,1.4767706185567009,0.4790907513447857,0.06834410064603877,0.3228467661569982,0.2910157456004939
frozenset({'order'}),frozenset({'food'}),0.119,0.3643,0.0651,0.5470588235294118,1.501671214738984,1.0,0.021748300000000005,1.4034935064935066,0.37920007811260426,0.1556671449067432,0.2874922503215539,0.36287884904167544
"frozenset({'order', 'good'})",frozenset({'food'}),0.0499,0.3643,0.0319,0.6392785571142284,1.7548134974313159,1.0,0.013721429999999996,1.7623016666666664,0.4527301036452523,0.08344232278315458,0.43256025973608375,0.36342187531802556
"frozenset({'order', 'good'})",frozenset({'place'}),0.0499,0.3787,0.0261,0.5230460921843688,1.3811621129769445,1.0,0.007202870000000004,1.3026415966386555,0.2904662989699412,0.06484472049689442,0.2323291359799917,0.29598304081095916
"frozenset({'order', 'time'})",frozenset({'food'}),0.0498,0.3643,0.0292,0.5863453815261045,1.6095124389956204,1.0,0.01105786,1.5367893203883496,0.39854118671483724,0.07586386074305014,0.34929271909093046,0.3332495504940432
"frozenset({'order', 'like'})",frozenset({'food'}),0.0398,0.3643,0.0236,0.5929648241206029,1.6276827453214464,1.0,0.009100859999999999,1.561781481481481,0.4016138939980724,0.06202365308804205,0.35970555941576676,0.3288732986921982
"frozenset({'order', 'like'})",frozenset({'good'}),0.0398,0.3481,0.0209,0.5251256281407034,1.5085481991976541,1.0,0.007045619999999997,1.3727841269841266,0.35108415411860955,0.056948228882833775,0.2715533488889452,0.292582923234385
"frozenset({'order', 'like'})",frozenset({'place'}),0.0398,0.3787,0.0211,0.5301507537688442,1.3999227720328604,1.0,0.00602774,1.322339037433155,0.2975160190758047,0.05309511826874686,0.24376429063068447,0.29293384004787604
"frozenset({'order', 'food'})",frozenset({'place'}),0.0651,0.3787,0.0335,0.5145929339477726,1.3588405966405404,1.0,0.008846630000000001,1.27995664556962,0.28246711676402464,0.08164757494516209,0.21872353765937974,0.3015267283945359
"frozenset({'order', 'place'})",frozenset({'food'}),0.0555,0.3643,0.0335,0.6036036036036037,1.6568860927905673,1.0,0.01328135,1.6036977272727273,0.4197545886238474,0.08672016567434637,0.3764410942325054,0.34778039087674006
"frozenset({'order', 'go'})",frozenset({'place'}),0.038,0.3787,0.0204,0.5368421052631579,1.4175920392478425,1.0,0.006009400000000003,1.3414431818181818,0.30621458562635046,0.05147615442846329,0.25453421094987594,0.29535530137728794
"frozenset({'order', 'go'})",frozenset({'food'}),0.038,0.3643,0.023,0.6052631578947368,1.6614415533756157,1.0,0.009156599999999999,1.6104399999999999,0.41383892253457466,0.06063801740047456,0.37905168773751274,0.3341989684615051
"frozenset({'order', 'great'})",frozenset({'food'}),0.0374,0.3643,0.0222,0.5935828877005347,1.629379323910334,1.0,0.00857518,1.564156578947368,0.40127713418800054,0.05849802371541502,0.3606778161090683,0.3272608372073906
"frozenset({'order', 'service'})",frozenset({'food'}),0.0411,0.3643,0.026,0.6326034063260341,1.7364902726490092,1.0,0.011027269999999999,1.7302827814569535,0.44230448350273144,0.06852925672113865,0.42205978657548227,0.35198657826595414
"frozenset({'order', 'one'})",frozenset({'food'}),0.0407,0.3643,0.0234,0.5749385749385749,1.5782008645033623,1.0,0.00857299,1.4955485549132945,0.38191086627446474,0.061320754716981125,0.3313490246005583,0.31958567506193086
"frozenset({'order', 'one'})",frozenset({'place'}),0.0407,0.3787,0.0216,0.5307125307125308,1.40140620732118,1.0,0.006186910000000002,1.323921989528796,0.2985833613244226,0.05429864253393665,0.24466848658060647,0.2938748816752514
"frozenset({'order', 'one'})",frozenset({'time'}),0.0407,0.2747,0.021,0.515970515970516,1.8783054822370442,1.0,0.00981971,1.4984624365482235,0.4874442177579882,0.07133152173913045,0.3326492706059782,0.29620877454878186
"frozenset({'order', 'get'})",frozenset({'food'}),0.0413,0.3643,0.0244,0.5907990314769975,1.6217376653225295,1.0,0.00935441,1.5535153846153842,0.3998930416359585,0.06400839454354669,0.35629861802264834,0.32888839852740903
"frozenset({'order', 'get'})",frozenset({'place'}),0.0413,0.3787,0.0208,0.5036319612590798,1.3298969138079744,1.0,0.005159689999999998,1.251692195121951,0.25874832505556394,0.052104208416833664,0.20108154073568302,0.2792783518996746
"frozenset({'order', 'would'})",frozenset({'food'}),0.0373,0.3643,0.0218,0.5844504021447722,1.6043107387998137,1.0,0.00821161,1.5297812903225807,0.39127387327118013,0.0573986308583465,0.34631178566111714,0.3221455963510026
"frozenset({'good', 'experience'})",frozenset({'food'}),0.0382,0.3643,0.0203,0.5314136125654451,1.4587252609537333,1.0,0.006383739999999999,1.3566335195530725,0.32695981569860283,0.053113553113553105,0.2628812530524541,0.2935684587669388
"frozenset({'good', 'never'})",frozenset({'place'}),0.0383,0.3787,0.0205,0.5352480417754569,1.4133827350817454,1.0,0.005995790000000001,1.3368421348314605,0.3041255703188206,0.051702395964691054,0.2519685204819845,0.2946903002645439
"frozenset({'way', 'good'})",frozenset({'place'}),0.0419,0.3787,0.0217,0.5178997613365155,1.3675726467824545,1.0,0.005832470000000003,1.2887361386138612,0.2805316974792181,0.05439959889696666,0.22404597028249723,0.2876005276183502
"frozenset({'way', 'place'})",frozenset({'good'}),0.0432,0.3481,0.0217,0.5023148148148148,1.4430187153542509,1.0,0.006662079999999999,1.3098641860465114,0.3208698734645438,0.05871212121212121,0.2365620721196729,0.2823266116590592
"frozenset({'way', 'food'})",frozenset({'good'}),0.0387,0.3481,0.0214,0.5529715762273901,1.5885423045888827,1.0,0.007928529999999998,1.4582965317919072,0.38540731933295147,0.058565955117679244,0.31426840961403607,0.30722408170748994
"frozenset({'way', 'good'})",frozenset({'food'}),0.0419,0.3643,0.0214,0.5107398568019093,1.4019760000052408,1.0,0.006135829999999998,1.2993087804878045,0.29926002300113047,0.0556133056133056,0.23036000755373487,0.2847413256010644
"frozenset({'way', 'food'})",frozenset({'place'}),0.0387,0.3787,0.0203,0.524547803617571,1.3851275511422525,1.0,0.00564431,1.3067559782608693,0.2892383518009018,0.05112062452782674,0.23474618319261398,0.2890761199233881
"frozenset({'way', 'time'})",frozenset({'place'}),0.0385,0.3787,0.02,0.5194805194805195,1.3717468166900437,1.0,0.005420050000000001,1.2929756756756758,0.2818538741549662,0.05035246727089628,0.22659024542172795,0.2861463859615431
"frozenset({'way', 'like'})",frozenset({'place'}),0.0342,0.3787,0.0205,0.5994152046783626,1.5828233553693232,1.0,0.007548460000000002,1.550982481751825,0.38125653445393437,0.05224260958205913,0.3552473920462943,0.32677388171599675
"frozenset({'going', 'back'})",frozenset({'place'}),0.0381,0.3787,0.0201,0.5275590551181102,1.3930790998629792,1.0,0.005671529999999999,1.3150849999999998,0.29334200191474274,0.050668011091504914,0.23959287802689558,0.29031768441144484
frozenset({'want'}),frozenset({'place'}),0.0824,0.3787,0.0417,0.5060679611650486,1.3363294459071788,1.0,0.010495120000000004,1.2578653562653563,0.27428240493916994,0.09942775393419172,0.2050023517866548,0.30809075375390005
"frozenset({'food', 'want'})",frozenset({'place'}),0.0358,0.3787,0.0212,0.5921787709497207,1.563714737126276,1.0,0.0076425400000000015,1.5234616438356166,0.37388215081033066,0.05390287312484109,0.34360014638615927,0.3240798792694207
"frozenset({'place', 'want'})",frozenset({'food'}),0.0417,0.3643,0.0212,0.5083932853717026,1.3955346839739295,1.0,0.006008689999999999,1.2931068292682923,0.29576205111646203,0.05509355509355509,0.2266686886451197,0.2832935408467077
frozenset({'eat'}),frozenset({'food'}),0.0761,0.3643,0.0412,0.5413929040735874,1.4861183202678765,1.0,0.013476769999999999,1.3861538681948424,0.35404921307626913,0.10320641282565131,0.2785793677419969,0.3272432541229864
frozenset({'eat'}),frozenset({'place'}),0.0761,0.3787,0.04,0.5256241787122208,1.3879698408033292,1.0,0.011180930000000002,1.309721052631579,0.3025470830176427,0.09643201542912247,0.2364786394853063,0.31562434179867704
"frozenset({'good', 'eat'})",frozenset({'food'}),0.036,0.3643,0.023,0.638888888888889,1.7537438618964836,1.0,0.0098852,1.7604000000000002,0.44584160202056655,0.06095944871455076,0.431947284708021,0.35101183395858115
"frozenset({'food', 'eat'})",frozenset({'good'}),0.0412,0.3481,0.023,0.558252427184466,1.6037128043219362,1.0,0.008658279999999999,1.47572967032967,0.39262302515825936,0.06279006279006279,0.32236911671186685,0.3121626973612649
"frozenset({'good', 'eat'})",frozenset({'place'}),0.036,0.3787,0.0207,0.5750000000000001,1.5183522577237922,1.0,0.0070668000000000016,1.4618823529411766,0.3541403572072886,0.05253807106598985,0.3159504265250283,0.31483034063902826
"frozenset({'place', 'eat'})",frozenset({'good'}),0.04,0.3481,0.0207,0.5175,1.4866417696064347,1.0,0.006775999999999999,1.3510880829015541,0.34098228663446056,0.056341861731083284,0.2598558061052308,0.28848283539212866
"frozenset({'food', 'eat'})",frozenset({'place'}),0.0412,0.3787,0.023,0.558252427184466,1.4741284055570796,1.0,0.007397560000000001,1.4064593406593404,0.3354537374616822,0.05794910556815319,0.28899473231042333,0.30949325874670885
"frozenset({'place', 'eat'})",frozenset({'food'}),0.04,0.3643,0.023,0.575,1.578369475706835,1.0,0.008427999999999998,1.4957647058823527,0.3817028985507246,0.060319958038290065,0.33144565046405533,0.31906738951413666
frozenset({'tried'}),frozenset({'good'}),0.0662,0.3481,0.0332,0.5015105740181269,1.4407083424824099,1.0,0.01015578,1.307750909090909,0.3275829813148503,0.08711624245604828,0.23532838474938936,0.29844273314523123
frozenset({'long'}),frozenset({'time'}),0.0628,0.2747,0.0345,0.5493630573248408,1.9998655162899193,1.0,0.017248840000000005,1.6094996466431097,0.533468178416127,0.11386138613861385,0.3786888974560055,0.3374773058739239
"frozenset({'like', 'nice'})",frozenset({'place'}),0.0472,0.3787,0.0259,0.548728813559322,1.4489802312102509,1.0,0.008025360000000002,1.3767774647887323,0.32520934032269055,0.06474999999999999,0.27366620563225824,0.3085603402362229
"frozenset({'like', 'nice'})",frozenset({'good'}),0.0472,0.3481,0.0255,0.5402542372881356,1.5520087253321906,1.0,0.009069679999999997,1.4179576036866357,0.3732931627730856,0.06895619253650621,0.2947602964996711,0.3067545245619075
"frozenset({'would', 'nice'})",frozenset({'good'}),0.0415,0.3481,0.0213,0.5132530120481927,1.474441287124943,1.0,0.006853849999999998,1.3392995049504948,0.33570891528968616,0.05783328808036926,0.2533410217030108,0.28722116273193893
"frozenset({'would', 'nice'})",frozenset({'place'}),0.0415,0.3787,0.0222,0.5349397590361445,1.4125686797891328,1.0,0.006483950000000002,1.3359559585492227,0.30471551363570154,0.05577889447236182,0.25147233065531077,0.2967806796236968
"frozenset({'great', 'nice'})",frozenset({'place'}),0.0596,0.3787,0.0311,0.5218120805369127,1.3779035662448185,1.0,0.008529479999999999,1.29928,0.29164164937681303,0.07637524557956779,0.2303429591773906,0.30196756654255197
"frozenset({'good', 'nice'})",frozenset({'place'}),0.0644,0.3787,0.0329,0.5108695652173912,1.3490086221742574,1.0,0.00851172,1.2702133333333332,0.2765229730836055,0.08020477815699659,0.21273066991371523,0.2988728602427067
"frozenset({'also', 'nice'})",frozenset({'place'}),0.0372,0.3787,0.0201,0.5403225806451614,1.4267826264725678,1.0,0.006012360000000001,1.3516000000000001,0.31067967185261897,0.050783223850429514,0.26013613495116916,0.29669944717497043
"frozenset({'food', 'nice'})",frozenset({'place'}),0.0576,0.3787,0.0306,0.53125,1.4028254555056774,1.0,0.00878688,1.32544,0.3047038849495656,0.0754251910278531,0.24553355866731053,0.3060263731185635
"frozenset({'food', 'nice'})",frozenset({'good'}),0.0576,0.3481,0.0319,0.5538194444444444,1.5909780075967952,1.0,0.011849439999999996,1.4610677042801554,0.39415937964032327,0.08533975387907972,0.3155690204700789,0.3227298888410099
"frozenset({'nice', 'time'})",frozenset({'place'}),0.0446,0.3787,0.0223,0.5,1.3203063110641668,1.0,0.005409980000000002,1.2426,0.25392505756751105,0.055610972568578554,0.19523579591179788,0.27944283073673093
"frozenset({'get', 'nice'})",frozenset({'place'}),0.0395,0.3787,0.0206,0.5215189873417722,1.3771296206542702,1.0,0.005641350000000002,1.298484126984127,0.2851139424753492,0.05181086519114689,0.2298712173535686,0.2879578036788079
"frozenset({'get', 'nice'})",frozenset({'good'}),0.0395,0.3481,0.0207,0.5240506329113924,1.5054600198546175,1.0,0.006950049999999999,1.3696835106382979,0.3495587795205295,0.05641864268192968,0.2699043302828538,0.2917581518478249
"frozenset({'nice', 'one'})",frozenset({'place'}),0.0433,0.3787,0.0241,0.5565819861431871,1.4697174178589574,1.0,0.0077022900000000005,1.4011609375,0.33406197913210484,0.06056798190500126,0.2863061100003012,0.31011037516823997
"frozenset({'go', 'nice'})",frozenset({'good'}),0.0384,0.3481,0.0215,0.5598958333333334,1.6084338791535,1.0,0.008132959999999998,1.4812402366863904,0.3933831211546646,0.05890410958904109,0.3248900649383853,0.3108298471464139
"frozenset({'go', 'nice'})",frozenset({'place'}),0.0384,0.3787,0.0224,0.5833333333333334,1.5403573629081948,1.0,0.007857920000000003,1.49112,0.36480865224625636,0.05675196351659488,0.32936316325983167,0.321241528034504
"frozenset({'nice', 'service'})",frozenset({'good'}),0.0409,0.3481,0.0212,0.5183374083129585,1.4890474240533136,1.0,0.00696271,1.3534370558375635,0.34243532163604645,0.0576400217509516,0.2611403717026515,0.2896197239783695
"frozenset({'nice', 'service'})",frozenset({'food'}),0.0409,0.3643,0.0206,0.5036674816625917,1.3825623981954205,1.0,0.005700129999999999,1.280794581280788,0.2885052025918311,0.05356214248569943,0.21923467305740393,0.2801071418743922
"frozenset({'really', 'nice'})",frozenset({'good'}),0.0413,0.3481,0.0243,0.5883777239709442,1.690254880697915,1.0,0.009923469999999997,1.5837335294117643,0.42596563161448464,0.06655710764174198,0.368580647293978,0.32909262527188404
"frozenset({'really', 'nice'})",frozenset({'place'}),0.0413,0.3787,0.0225,0.5447941888619854,1.4385904115711259,1.0,0.006859689999999998,1.3648771276595741,0.318008877762711,0.05660377358490566,0.26733331540638244,0.30210398642993647
"frozenset({'even', 'like'})",frozenset({'place'}),0.0458,0.3787,0.0262,0.5720524017467249,1.5105687925712303,1.0,0.008855540000000002,1.4518132653061224,0.35422103324634685,0.06577956314335928,0.3112061834004908,0.32061822622324365
"frozenset({'even', 'like'})",frozenset({'good'}),0.0458,0.3481,0.0231,0.5043668122270742,1.448913565719834,1.0,0.007157019999999997,1.3152872246696035,0.3246989159795698,0.06229773462783171,0.23970979019339506,0.28536352676852134
"frozenset({'even', 'get'})",frozenset({'time'}),0.0468,0.2747,0.0238,0.5085470085470085,1.8512814290025792,1.0,0.010944040000000002,1.4758278260869566,0.4824104211554534,0.0799462546187437,0.3224141852295719,0.2975934897121646
"frozenset({'even', 'get'})",frozenset({'place'}),0.0468,0.3787,0.0245,0.5235042735042735,1.3823719923535083,1.0,0.006776840000000003,1.3038941704035873,0.29018643966189084,0.061097256857855366,0.2330665918304741,0.2940996413732089
"frozenset({'would', 'even'})",frozenset({'time'}),0.0405,0.2747,0.0204,0.5037037037037038,1.8336501772977931,1.0,0.00927465,1.4614253731343287,0.47382981332188945,0.06919945725915877,0.3157365279245881,0.2889832679421322
"frozenset({'go', 'even'})",frozenset({'place'}),0.0393,0.3787,0.0215,0.5470737913486005,1.4446099586707168,1.0,0.006617089999999999,1.371746629213483,0.32036184855519595,0.05422446406052964,0.271002400367939,0.30192348136217984
"frozenset({'even', 'one'})",frozenset({'place'}),0.0482,0.3787,0.0243,0.504149377593361,1.3312632099111725,1.0,0.006046659999999999,1.2529983263598325,0.2614349073922747,0.060357675111773465,0.20191433702456302,0.28415813215553976
"frozenset({'even', 'back'})",frozenset({'time'}),0.0419,0.2747,0.0214,0.5107398568019093,1.859264131059007,1.0,0.009890069999999999,1.4824424390243902,0.4823638490119171,0.07249322493224931,0.32543755246368294,0.2943215119466408
"frozenset({'good', 'even'})",frozenset({'place'}),0.0533,0.3787,0.0283,0.5309568480300187,1.4020513547135431,1.0,0.00811529,1.3246116,0.3029041554426928,0.07010156056477582,0.2450617222437128,0.3028430926181253
"frozenset({'food', 'even'})",frozenset({'place'}),0.0531,0.3787,0.0266,0.5009416195856874,1.3227927636273764,1.0,0.006491029999999998,1.2449445283018867,0.2577079778334843,0.06564659427443238,0.19675135938465704,0.28559095766715054
"frozenset({'like', 'make'})",frozenset({'good'}),0.045,0.3481,0.0244,0.5422222222222223,1.5576622298828562,1.0,0.0087355,1.4240533980582524,0.37488198437902326,0.06617846487659343,0.2977791413134258,0.3061585112834754
"frozenset({'like', 'make'})",frozenset({'place'}),0.045,0.3787,0.0243,0.54,1.4259308159493005,1.0,0.007258500000000001,1.3506521739130435,0.31277874733372124,0.06084126189283926,0.2596169322388541,0.3020834433588593
"frozenset({'great', 'make'})",frozenset({'place'}),0.0444,0.3787,0.0224,0.5045045045045045,1.3322009625151954,1.0,0.005585719999999999,1.2538963636363634,0.26094861866889907,0.0559021712003993,0.2024859238765564,0.28182711362008955
"frozenset({'good', 'make'})",frozenset({'food'}),0.0559,0.3643,0.0285,0.5098389982110912,1.399503151828414,1.0,0.008135630000000001,1.296920802919708,0.3023627812248554,0.07275976512637222,0.22894289477912733,0.2940356121991498
"frozenset({'food', 'make'})",frozenset({'good'}),0.0515,0.3481,0.0285,0.5533980582524273,1.5897674755887021,1.0,0.010572850000000002,1.4596891304347828,0.39111986608587895,0.07679870654810025,0.31492262348892053,0.3176355416226227
"frozenset({'food', 'make'})",frozenset({'place'}),0.0515,0.3787,0.0278,0.5398058252427185,1.425418075634324,1.0,0.00829695,1.3500822784810127,0.31465623494878325,0.06908548707753479,0.2593044024508587,0.3066074280689431
"frozenset({'make', 'time'})",frozenset({'good'}),0.0496,0.3481,0.0248,0.5,1.4363688595231254,1.0,0.007534239999999998,1.3037999999999998,0.319654882154882,0.06650576562080987,0.23301119803650866,0.2856219477161735
"frozenset({'go', 'make'})",frozenset({'place'}),0.0409,0.3787,0.0214,0.5232273838630807,1.3816408340720376,1.0,0.00591117,1.303136923076923,0.2880021866294044,0.05374183827222501,0.2326209300870444,0.2898682469883135
"frozenset({'go', 'make'})",frozenset({'good'}),0.0409,0.3481,0.0212,0.5183374083129585,1.4890474240533136,1.0,0.00696271,1.3534370558375635,0.34243532163604645,0.0576400217509516,0.2611403717026515,0.2896197239783695
"frozenset({'good', 'make'})",frozenset({'place'}),0.0559,0.3787,0.0285,0.5098389982110912,1.3462872939294726,1.0,0.007330670000000004,1.267542700729927,0.2724462358098404,0.07017975868012806,0.21107194304054608,0.2925482289708744
"frozenset({'place', 'make'})",frozenset({'good'}),0.0566,0.3481,0.0285,0.5035335689045937,1.4465198761982005,1.0,0.00879754,1.3130797153024911,0.32720544205542473,0.07575757575757576,0.23843161359808815,0.2927032969487059
"frozenset({'get', 'make'})",frozenset({'good'}),0.0464,0.3481,0.0254,0.5474137931034483,1.5725762513744563,1.0,0.009248159999999998,1.4403885714285714,0.38181710088252385,0.06881603901381739,0.30574289477442596,0.3101906655836115
"frozenset({'get', 'make'})",frozenset({'place'}),0.0464,0.3787,0.0236,0.5086206896551725,1.3430702129790666,1.0,0.00602832,1.2644000000000002,0.2678662836992379,0.05877957658779577,0.20911104080987045,0.2854695737687006
"frozenset({'make', 'one'})",frozenset({'good'}),0.0442,0.3481,0.023,0.5203619909502262,1.4948635189607187,1.0,0.007613979999999998,1.3591499999999996,0.34635133782763344,0.06227998916869753,0.2642460361255195,0.293217479244145
"frozenset({'make', 'one'})",frozenset({'place'}),0.0442,0.3787,0.0223,0.504524886877828,1.3322547844674626,1.0,0.005561460000000001,1.2539479452054794,0.2609257429505207,0.055666500249625564,0.20251872988544675,0.28170527417564495
"frozenset({'make', 'back'})",frozenset({'good'}),0.0383,0.3481,0.02,0.5221932114882507,1.500124135272194,1.0,0.00666777,1.3643590163934427,0.3466658001455755,0.05458515283842795,0.26705508741870027,0.2898239829345879
"frozenset({'ive', 'like'})",frozenset({'place'}),0.0426,0.3787,0.0244,0.5727699530516432,1.5124635676040223,1.0,0.008267380000000001,1.4542516483516483,0.3539033310845288,0.06147644242882338,0.31236110261008093,0.3186004505157873
"frozenset({'ive', 'like'})",frozenset({'good'}),0.0426,0.3481,0.0224,0.5258215962441315,1.510547533019625,1.0,0.00757094,1.3747990099009901,0.3530273583216449,0.06081998370893292,0.2726209483726515,0.29508546057538376
"frozenset({'ive', 'great'})",frozenset({'place'}),0.0452,0.3787,0.0227,0.502212389380531,1.3261483743874598,1.0,0.005582760000000003,1.2481226666666667,0.2575791410522121,0.05658025922233301,0.19879669946971038,0.28107714795142213
"frozenset({'ive', 'get'})",frozenset({'place'}),0.0418,0.3787,0.0228,0.5454545454545455,1.4403341575245459,1.0,0.006970340000000002,1.3668600000000002,0.3190530856466987,0.05732964546140307,0.2683961781016346,0.3028302566195358
"frozenset({'ive', 'get'})",frozenset({'time'}),0.0418,0.2747,0.0211,0.5047846889952153,1.8375853257925567,1.0,0.00961754,1.4646154589371982,0.47569148709913234,0.07142857142857144,0.3172269254035783,0.2907978778066721
"frozenset({'good', 'ive'})",frozenset({'place'}),0.052,0.3787,0.027,0.5192307692307693,1.3710873230281735,1.0,0.007307600000000001,1.2923040000000001,0.28549773402094086,0.0668813475352985,0.22618826529980574,0.29526365501411717
"frozenset({'food', 'ive'})",frozenset({'place'}),0.0505,0.3787,0.0267,0.5287128712871287,1.3961258814025053,1.0,0.00757565,1.3183046218487395,0.29882275907090855,0.06633540372670808,0.2414499779287442,0.29960861414897766
"frozenset({'food', 'ive'})",frozenset({'good'}),0.0505,0.3481,0.0254,0.502970297029703,1.4449017438371243,1.0,0.007820949999999997,1.3115916334661353,0.32428795926575515,0.06806002143622722,0.23756756715708385,0.28796891754673887
"frozenset({'food', 'always'})",frozenset({'good'}),0.0456,0.3481,0.023,0.5043859649122807,1.4489685863610478,1.0,0.007126639999999997,1.315338053097345,0.3246583330296292,0.062044780145670345,0.23973916998355685,0.28522946622517226
"frozenset({'good', 'lot'})",frozenset({'food'}),0.0392,0.3643,0.0202,0.5153061224489796,1.414510355336205,1.0,0.00591944,1.3115494736842104,0.3049974855936884,0.052700234803026345,0.23754305875252407,0.2853774641890794
"frozenset({'food', 'lot'})",frozenset({'good'}),0.033,0.3481,0.0202,0.6121212121212121,1.7584636946889172,1.0,0.008712699999999999,1.6806796874999996,0.4460411397913317,0.05597118315322804,0.40500262635559453,0.33507525702297314
frozenset({'every'}),frozenset({'time'}),0.0702,0.2747,0.0368,0.5242165242165242,1.9083237139298297,1.0,0.01751606,1.5244329341317366,0.5119164242894685,0.11944173969490425,0.34401837062804935,0.3290904244671991
"frozenset({'good', 'also'})",frozenset({'place'}),0.0764,0.3787,0.0407,0.5327225130890053,1.406713792154754,1.0,0.011767320000000005,1.3296168067226892,0.3130395642305561,0.09821428571428573,0.24790361031547617,0.32009772340481424
"frozenset({'also', 'place'})",frozenset({'good'}),0.0798,0.3481,0.0407,0.5100250626566416,1.4651682351526618,1.0,0.012921619999999998,1.3304762148337594,0.34501686685994437,0.10511363636363637,0.24838941962976163,0.313472743910912
"frozenset({'also', 'like'})",frozenset({'place'}),0.0573,0.3787,0.0326,0.568935427574171,1.5023380712283365,1.0,0.010900489999999999,1.4413153846153846,0.3546948752473804,0.08081308874566187,0.30618932492221324,0.32750969952777736
"frozenset({'also', 'like'})",frozenset({'good'}),0.0573,0.3481,0.0305,0.5322862129144852,1.5291186811677253,1.0,0.01055387,1.393801119402985,0.3670611271774307,0.08135502800746866,0.2825375255629471,0.30995235667269794
"frozenset({'also', 'get'})",frozenset({'place'}),0.0523,0.3787,0.0284,0.5430210325047802,1.4339081925132828,1.0,0.008593990000000003,1.3595811715481172,0.319304929503156,0.07054148037754596,0.26447936987732207,0.3090072154866124
"frozenset({'also', 'get'})",frozenset({'good'}),0.0523,0.3481,0.0272,0.520076481835564,1.494043326157897,1.0,0.008994369999999998,1.3583414342629478,0.3489240979709389,0.07288317256162914,0.2638080715379107,0.299107473896811
"frozenset({'also', 'would'})",frozenset({'place'}),0.0485,0.3787,0.025,0.5154639175257733,1.3611405268702754,1.0,0.0066330500000000014,1.2822574468085106,0.2788460325801366,0.06215813028344109,0.2201254104712269,0.2907396165394908
"frozenset({'also', 'would'})",frozenset({'good'}),0.0485,0.3481,0.0252,0.5195876288659794,1.4926389797931037,1.0,0.008317149999999999,1.356959227467811,0.34686877027917484,0.06785137318255251,0.26305818203095477,0.29599030969297246
"frozenset({'go', 'also'})",frozenset({'place'}),0.0473,0.3787,0.0263,0.5560253699788583,1.4682476101897501,1.0,0.008387490000000001,1.3994042857142854,0.33474962693581306,0.0657993495121341,0.28541022047136383,0.31273674097041676
"frozenset({'go', 'also'})",frozenset({'good'}),0.0473,0.3481,0.0252,0.53276955602537,1.5305071991536052,1.0,0.008734869999999999,1.3952429864253393,0.36383103327052096,0.06807131280388978,0.2832789630700568,0.30258127327266776
"frozenset({'also', 'really'})",frozenset({'place'}),0.0464,0.3787,0.0254,0.5474137931034483,1.4455077715961138,1.0,0.00782832,1.372777142857143,0.32319796015430957,0.06354766074555916,0.27154964285119637,0.30724267685275397
"frozenset({'also', 'really'})",frozenset({'good'}),0.0464,0.3481,0.0287,0.6185344827586208,1.7768873391514528,1.0,0.01254816,1.7089355932203392,0.45849215443257013,0.07845817386550027,0.41484043988130204,0.3504910276476241
"frozenset({'also', 'great'})",frozenset({'place'}),0.0664,0.3787,0.0352,0.5301204819277109,1.3998428358270687,1.0,0.010054320000000002,1.3222538461538462,0.3059491119420426,0.08587460356184436,0.24371556724241256,0.3115350231133141
"frozenset({'also', 'time'})",frozenset({'place'}),0.0594,0.3787,0.03,0.505050505050505,1.3336427384486533,1.0,0.00750522,1.2552795918367343,0.2659727833297895,0.07351139426611124,0.20336472726622404,0.2921344418571775
"frozenset({'good', 'also'})",frozenset({'food'}),0.0764,0.3643,0.0385,0.5039267015706806,1.3832739543526782,1.0,0.01066748,1.281463852242744,0.29999718774079975,0.09572352063649925,0.21964244387396673,0.3048044158416126
"frozenset({'food', 'also'})",frozenset({'good'}),0.0678,0.3481,0.0385,0.5678466076696165,1.6312743684849653,1.0,0.01489882,1.508492150170648,0.4151280172305703,0.1020137784843667,0.337086374704121,0.3392235049264486
"frozenset({'food', 'also'})",frozenset({'place'}),0.0678,0.3787,0.0372,0.5486725663716814,1.448831704176608,1.0,0.011524139999999999,1.376605882352941,0.3323200060903447,0.09088688003909112,0.2735756741858706,0.3234516779574277
"frozenset({'good', 'food', 'also'})",frozenset({'place'}),0.0385,0.3787,0.0231,0.6,1.5843675732770002,1.0,0.00852005,1.5532499999999998,0.38360201074709654,0.05861456483126111,0.3561886367294383,0.33049907578558224
"frozenset({'good', 'also', 'place'})",frozenset({'food'}),0.0407,0.3643,0.0231,0.5675675675675675,1.5579675200866525,1.0,0.00827299,1.4700562499999998,0.3733327376608936,0.060487038491751764,0.3197539209809148,0.31548842281754713
"frozenset({'food', 'also', 'place'})",frozenset({'good'}),0.0372,0.3481,0.0231,0.6209677419354839,1.783877454569043,1.0,0.010150679999999999,1.7199063829787231,0.45640151290338243,0.06377691882937603,0.4185730049631598,0.34366399162272615
"frozenset({'also', 'one'})",frozenset({'place'}),0.0534,0.3787,0.0309,0.5786516853932584,1.5279949442652718,1.0,0.01067742,1.4745519999999999,0.36504074880153603,0.07701894317048853,0.3218279179032004,0.33012330770851195
"frozenset({'also', 'back'})",frozenset({'good'}),0.0476,0.3481,0.0243,0.5105042016806722,1.4665446758996616,1.0,0.007730439999999998,1.331778540772532,0.3340246775311407,0.06542810985460419,0.24912440816179204,0.29015586412674804
"frozenset({'also', 'back'})",frozenset({'place'}),0.0476,0.3787,0.0239,0.5021008403361344,1.32585381657284,1.0,0.0058738800000000015,1.2478430379746834,0.2580523284931791,0.05939363817097415,0.19861715811384914,0.2826057410025008
frozenset({'menu'}),frozenset({'food'}),0.1091,0.3643,0.0593,0.5435380384967919,1.492006693650266,1.0,0.019554869999999995,1.3926680722891565,0.3701444831826844,0.14320212509055782,0.2819538123278149,0.35315798438701795
"frozenset({'good', 'menu'})",frozenset({'food'}),0.0535,0.3643,0.0317,0.5925233644859813,1.6264709428657187,1.0,0.012209949999999997,1.5600894495412843,0.4069433959748766,0.0821030821030821,0.359011112924306,0.33976977996464863
"frozenset({'food', 'menu'})",frozenset({'good'}),0.0593,0.3481,0.0317,0.5345699831365935,1.5356793540264106,1.0,0.011057669999999999,1.400640217391304,0.3708115206509415,0.08437583178067606,0.2860407779361766,0.3128178844151798
"frozenset({'good', 'menu'})",frozenset({'place'}),0.0535,0.3787,0.0288,0.5383177570093458,1.421488663874692,1.0,0.00853955,1.3457307692307692,0.31327221635264424,0.07139315815567675,0.2569093143559405,0.3071837002633209
"frozenset({'place', 'menu'})",frozenset({'good'}),0.0532,0.3481,0.0288,0.5413533834586466,1.5551662839949627,1.0,0.010281079999999998,1.4213557377049177,0.3770404989907524,0.07731543624161073,0.2964463621086771,0.3120441148835893
"frozenset({'food', 'menu'})",frozenset({'place'}),0.0593,0.3787,0.0312,0.5261382799325464,1.3893273829747725,1.0,0.008743090000000002,1.311141992882562,0.29789225426782573,0.07669616519174041,0.2373061000040985,0.30426269687147517
"frozenset({'place', 'menu'})",frozenset({'food'}),0.0532,0.3643,0.0312,0.5864661654135338,1.6098439896061867,1.0,0.011819239999999998,1.5372381818181815,0.40010751465124084,0.08076624385192856,0.3494827204869181,0.3360549328302915
"frozenset({'great', 'menu'})",frozenset({'good'}),0.0448,0.3481,0.0225,0.5022321428571428,1.4427812205031392,1.0,0.006905119999999999,1.3096466367713002,0.321287921086916,0.060745140388768895,0.2364352551881313,0.2834343707678417
"frozenset({'great', 'menu'})",frozenset({'place'}),0.0448,0.3787,0.0231,0.515625,1.3615658832849222,1.0,0.006134239999999999,1.282683870967742,0.27800619257905684,0.057692307692307696,0.22038467728955421,0.28831157578558225
"frozenset({'great', 'menu'})",frozenset({'food'}),0.0448,0.3643,0.0269,0.6004464285714286,1.6482196776596996,1.0,0.01057936,1.5910256983240223,0.41173027466950607,0.07038199895342752,0.37147463987954793,0.3371433350652916
"frozenset({'like', 'menu'})",frozenset({'good'}),0.0391,0.3481,0.0235,0.6010230179028132,1.7265814935444217,1.0,0.009889289999999998,1.6339288461538455,0.4379444802412631,0.06461369260379433,0.38797824498053873,0.3342661771502001
"frozenset({'like', 'menu'})",frozenset({'food'}),0.0391,0.3643,0.0244,0.6240409207161125,1.712986331913567,1.0,0.010155870000000001,1.6908755102040813,0.43316076628980005,0.06437994722955144,0.4085904054052423,0.34550934314696646
"frozenset({'like', 'menu'})",frozenset({'place'}),0.0391,0.3787,0.0229,0.5856777493606138,1.5465480574613515,1.0,0.00809283,1.4995574074074072,0.36777884270614203,0.05798936439604963,0.33313656745632353,0.3230738892036763
"frozenset({'menu', 'time'})",frozenset({'good'}),0.0371,0.3481,0.0203,0.5471698113207547,1.5718753557045524,1.0,0.007385489999999998,1.4396124999999997,0.3778349167923048,0.05563167991230473,0.30536863218400784,0.3027431935086968
"frozenset({'menu', 'time'})",frozenset({'food'}),0.0371,0.3643,0.0223,0.601078167115903,1.649953793894875,1.0,0.008784469999999999,1.5935452702702702,0.40910003273929135,0.0588235294117647,0.372468408236437,0.3311457264347014
"frozenset({'menu', 'time'})",frozenset({'place'}),0.0371,0.3787,0.0201,0.5417789757412399,1.4306284017460784,1.0,0.00605023,1.355895882352941,0.31260407899230613,0.05079605761940864,0.26248024423183636,0.2974276447230097
"frozenset({'menu', 'one'})",frozenset({'good'}),0.0352,0.3481,0.0201,0.5710227272727272,1.6403985270690238,1.0,0.007846879999999999,1.5196609271523174,0.4046351987987095,0.05534140969162995,0.3419584710426863,0.31438237771277844
"frozenset({'menu', 'one'})",frozenset({'food'}),0.0352,0.3643,0.021,0.5965909090909091,1.6376363137274472,1.0,0.00817664,1.5758197183098588,0.40356945431572294,0.055482166446499344,0.3654096414832611,0.3271178536670576
"frozenset({'menu', 'back'})",frozenset({'food'}),0.0368,0.3643,0.0206,0.5597826086956522,1.5365978827769755,1.0,0.00719376,1.4440592592592592,0.3625536238428539,0.05413929040735874,0.30750764306379147,0.30816470539092244
"frozenset({'menu', 'service'})",frozenset({'good'}),0.0389,0.3481,0.0204,0.5244215938303343,1.5065256932787539,1.0,0.006858910000000001,1.370751891891892,0.34982944379499803,0.05564648117839607,0.2704733760244428,0.29151272164943887
"frozenset({'menu', 'service'})",frozenset({'food'}),0.0389,0.3643,0.0249,0.6401028277634961,1.7570761124444032,1.0,0.010728729999999999,1.766337857142857,0.4483120286786518,0.06582077716098333,0.43385689438964314,0.35422654426879174
"frozenset({'restaurant', 'menu'})",frozenset({'food'}),0.0324,0.3643,0.0219,0.6759259259259259,1.8554101727310621,1.0,0.01009668,1.9615885714285712,0.47647335307808614,0.05843116328708644,0.4902091016610444,0.36802060776120615
"frozenset({'good', 'day'})",frozenset({'place'}),0.0383,0.3787,0.0219,0.5718015665796344,1.5099064340629376,1.0,0.007395789999999999,1.4509628048780485,0.3511566038640668,0.055429005315110094,0.310802457073289,0.31481549150212246
frozenset({'chicken'}),frozenset({'food'}),0.0964,0.3643,0.051,0.529045643153527,1.4522252076682047,1.0,0.015881479999999996,1.3498123348017619,0.3446232499197111,0.12448132780082986,0.25915627364091076,0.33452007658637095
"frozenset({'good', 'chicken'})",frozenset({'food'}),0.0452,0.3643,0.0274,0.6061946902654868,1.6639986007836585,1.0,0.010933640000000001,1.6142494382022472,0.4179283160917256,0.07170897670766814,0.38051705248621487,0.3407037135104541
"frozenset({'chicken', 'food'})",frozenset({'good'}),0.051,0.3481,0.0274,0.5372549019607844,1.543392421605241,1.0,0.0096469,1.4087669491525425,0.37099751563305206,0.07371536185095506,0.2901593832808474,0.30798395773132586
"frozenset({'chicken', 'place'})",frozenset({'good'}),0.0395,0.3481,0.0211,0.5341772151898734,1.5345510347310352,1.0,0.00735005,1.3994592391304346,0.36266902852236815,0.05757162346521146,0.2854382807023675,0.2973959905308746
"frozenset({'chicken', 'place'})",frozenset({'food'}),0.0395,0.3643,0.0235,0.5949367088607594,1.6330955499883597,1.0,0.00911015,1.5693843749999996,0.40360849291703116,0.061793321062319224,0.3628074702859202,0.3297219915426498
"frozenset({'chicken', 'great'})",frozenset({'food'}),0.0361,0.3643,0.0208,0.5761772853185595,1.5816011125955516,1.0,0.007648769999999999,1.499919607843137,0.3815015322368263,0.054794520547945195,0.33329760157080307,0.31663654274162945
"frozenset({'place', 'two'})",frozenset({'one'}),0.0391,0.2237,0.0211,0.5396419437340153,2.412346641636188,1.0,0.01235333,1.686296111111111,0.6092890797973266,0.08729830368225072,0.4069843407626115,0.3169823487109951
"frozenset({'two', 'one'})",frozenset({'place'}),0.0411,0.3787,0.0211,0.51338199513382,1.355642976323792,1.0,0.005535430000000003,1.2767715,0.27358708314572544,0.05292199648858792,0.21677449723775957,0.2845494607303639
"frozenset({'good', 'two'})",frozenset({'food'}),0.0381,0.3643,0.0201,0.5275590551181102,1.4481445377933302,1.0,0.006220169999999999,1.3455649999999997,0.3217186755690308,0.052576510593774516,0.2568177680008026,0.291366681004018
"frozenset({'food', 'two'})",frozenset({'good'}),0.0379,0.3481,0.0201,0.5303430079155672,1.5235363628714944,1.0,0.006907009999999998,1.3880342696629209,0.35716904511844677,0.05493304181470347,0.2795566926147679,0.29404251803419845
"frozenset({'fresh', 'place'})",frozenset({'food'}),0.0403,0.3643,0.0205,0.5086848635235732,1.3963350631994873,1.0,0.0058187099999999995,1.2938742424242424,0.29575858309380215,0.053371517833897424,0.22712736121373797,0.28247858328525627
"frozenset({'good', 'fresh'})",frozenset({'food'}),0.0372,0.3643,0.0201,0.5403225806451614,1.4831802927399433,1.0,0.00654804,1.3829263157894738,0.3383601312093459,0.05270057682223387,0.27689567507497465,0.2977484437675436
frozenset({'meal'}),frozenset({'food'}),0.0774,0.3643,0.0426,0.5503875968992248,1.5108086656580422,1.0,0.014403179999999998,1.4138844827586206,0.36646739312964277,0.10674016537208719,0.29272864070980775,0.33366209381057865
"frozenset({'good', 'meal'})",frozenset({'food'}),0.0376,0.3643,0.0228,0.6063829787234043,1.664515450791667,1.0,0.00910232,1.6150216216216216,0.41482186346998,0.06014244262727512,0.3808132432332929,0.33448437983658547
"frozenset({'food', 'meal'})",frozenset({'good'}),0.0426,0.3481,0.0228,0.5352112676056339,1.5375215961092612,1.0,0.007970940000000001,1.4025727272727273,0.36515837850318295,0.06197336232671921,0.2870244939494307,0.3003548437999442
"frozenset({'place', 'meal'})",frozenset({'food'}),0.0338,0.3643,0.021,0.6213017751479291,1.7054674036451525,1.0,0.008686660000000002,1.6786453125,0.42812096480074135,0.05568814638027049,0.40428154026731017,0.3394732866955676
frozenset({'next'}),frozenset({'time'}),0.077,0.2747,0.047,0.6103896103896104,2.2220226078981082,1.0,0.0258481,1.8616033333333333,0.5958391922731149,0.15425008204791596,0.46282863696347765,0.39074267559888237
"frozenset({'good', 'next'})",frozenset({'time'}),0.0344,0.2747,0.0227,0.6598837209302326,2.4021977463787136,1.0,0.013250320000000001,2.1325059829059834,0.6045096700962448,0.07925977653631286,0.531068138605036,0.3712596617028302
"frozenset({'next', 'place'})",frozenset({'time'}),0.0335,0.2747,0.022,0.6567164179104477,2.390667702622671,1.0,0.012797549999999998,2.1128304347826083,0.6018694445750834,0.07686932215234102,0.5267012517722979,0.3684018929741536
"frozenset({'next', 'back'})",frozenset({'time'}),0.0317,0.2747,0.0208,0.6561514195583596,2.3886109193970135,1.0,0.012092009999999999,2.1093587155963305,0.6003786374216509,0.07282913165266106,0.5259222660393763,0.36593519285162246
frozenset({'fried'}),frozenset({'good'}),0.0473,0.3481,0.0255,0.5391120507399577,1.5487275229530528,1.0,0.009034869999999997,1.414443577981651,0.37189947250024175,0.0689375506893755,0.29300820791525956,0.30618343128781855
frozenset({'served'}),frozenset({'food'}),0.0359,0.3643,0.0214,0.596100278551532,1.6362895376105737,1.0,0.008321629999999998,1.5739055172413792,0.403341162693985,0.05649419218585005,0.3646378457629889,0.3274215364758758
frozenset({'hotel'}),frozenset({'room'}),0.0343,0.0654,0.0203,0.5918367346938775,9.049491356175498,1.0,0.018056779999999998,2.28977,0.9210899365477248,0.25566750629722923,0.5632749140743394,0.45111714410534853
"frozenset({'good', 'dont'})",frozenset({'place'}),0.0642,0.3787,0.0339,0.5280373831775701,1.3943421789743071,1.0,0.009587460000000003,1.3164178217821783,0.3022183470864927,0.08288508557457214,0.2403627606270242,0.3087770755338603
"frozenset({'dont', 'also'})",frozenset({'place'}),0.0343,0.3787,0.0205,0.5976676384839651,1.5782087100183921,1.0,0.007510590000000003,1.5442456521739132,0.37938308367240253,0.052229299363057334,0.35243463461124275,0.325900098618798
"frozenset({'dont', 'time'})",frozenset({'place'}),0.0567,0.3787,0.0293,0.5167548500881834,1.3645493796888921,1.0,0.007827710000000002,1.2856828467153285,0.2832156661549444,0.0721497168185176,0.22220320310346608,0.29706239995827183
"frozenset({'dont', 'time'})",frozenset({'good'}),0.0567,0.3481,0.0292,0.5149911816578483,1.4794345925247006,1.0,0.009462729999999999,1.3440992727272725,0.3435451032443665,0.07774227902023428,0.25600733495604894,0.2994375615269994
"frozenset({'go', 'dont'})",frozenset({'place'}),0.0484,0.3787,0.0265,0.5475206611570248,1.4457899687272904,1.0,0.008170920000000002,1.3731013698630137,0.32401912964857604,0.06615077383924114,0.27172165001935433,0.30874844782171285
"frozenset({'go', 'dont'})",frozenset({'time'}),0.0484,0.2747,0.0247,0.5103305785123967,1.8577742210134573,1.0,0.01140452,1.4812033755274263,0.48520539879138136,0.08277479892761394,0.3248732641836436,0.30012342540472403
"frozenset({'go', 'dont'})",frozenset({'good'}),0.0484,0.3481,0.0244,0.5041322314049588,1.448239676543978,1.0,0.00755196,1.3146650000000002,0.3252485890889546,0.06557377049180328,0.23934994846595917,0.28711351587484363
"frozenset({'dont', 'great'})",frozenset({'place'}),0.047,0.3787,0.0253,0.5382978723404255,1.421436156166954,1.0,0.0075011,1.3456728110599077,0.3111082539432373,0.06318681318681318,0.25687730941642606,0.30255268584013617
"frozenset({'dont', 'service'})",frozenset({'place'}),0.044,0.3787,0.0228,0.5181818181818182,1.3683174496483186,1.0,0.006137200000000002,1.2894905660377358,0.28156426631432147,0.057014253563390856,0.22449994878773252,0.2891938929831721
"frozenset({'dont', 'service'})",frozenset({'food'}),0.044,0.3643,0.0229,0.5204545454545455,1.4286427270231827,1.0,0.0068708,1.3256303317535545,0.31384407374248596,0.05941878567721847,0.24564188367869358,0.29165741272178275
"frozenset({'dont', 'service'})",frozenset({'good'}),0.044,0.3481,0.0223,0.5068181818181818,1.4559557076075318,1.0,0.0069835999999999995,1.3218248847926266,0.3275794134754301,0.060302866414277984,0.24347013624510175,0.2854401164764566
"frozenset({'dont', 'place'})",frozenset({'like'}),0.0687,0.2246,0.0345,0.5021834061135372,2.235901184833202,1.0,0.019069980000000004,1.557601754385965,0.5935284478452282,0.13330757341576507,0.3579873692462434,0.3278949087557891
"frozenset({'dont', 'like'})",frozenset({'place'}),0.0589,0.3787,0.0345,0.5857385398981325,1.5467085817220294,1.0,0.012194570000000005,1.4997774590163937,0.37558792593927254,0.08558670305135202,0.33323441155340827,0.33841983768078004
"frozenset({'dont', 'like'})",frozenset({'good'}),0.0589,0.3481,0.0304,0.5161290322580645,1.482703338862581,1.0,0.009896909999999998,1.34726,0.3459316225693337,0.08072225172596918,0.25775277229339544,0.3017301294585353
"frozenset({'good', 'dont'})",frozenset({'food'}),0.0642,0.3643,0.0328,0.5109034267912773,1.4024249980545629,1.0,0.009411940000000004,1.2997433121019109,0.30663538175240707,0.08289107910032854,0.23061731444278327,0.3004695558331901
"frozenset({'food', 'dont'})",frozenset({'good'}),0.0584,0.3481,0.0328,0.5616438356164384,1.6134554312451548,1.0,0.01247096,1.4871468749999999,0.40379375012951485,0.08777093925608777,0.3275714612922816,0.3279348164005777
"frozenset({'food', 'dont'})",frozenset({'place'}),0.0584,0.3787,0.0325,0.5565068493150686,1.4695190106022409,1.0,0.010383920000000001,1.4009235521235521,0.33932161296647284,0.08032624814631736,0.2861851751409441,0.3211633797671197
"frozenset({'dont', 'get'})",frozenset({'place'}),0.0567,0.3787,0.0309,0.544973544973545,1.4390640215831663,1.0,0.009427710000000002,1.3654151162790698,0.32344310770184004,0.07639060568603213,0.2676219941631177,0.31328423749865525
"frozenset({'dont', 'get'})",frozenset({'good'}),0.0567,0.3481,0.0292,0.5149911816578483,1.4794345925247006,1.0,0.009462729999999999,1.3440992727272725,0.3435451032443665,0.07774227902023428,0.25600733495604894,0.2994375615269994
"frozenset({'dont', 'one'})",frozenset({'place'}),0.0477,0.3787,0.0263,0.5513626834381552,1.4559352612573415,1.0,0.008236010000000002,1.384860280373832,0.32884203902578873,0.06573356660834791,0.2779054940256804,0.3104053977000652
"frozenset({'dont', 'one'})",frozenset({'time'}),0.0477,0.2747,0.0252,0.5283018867924528,1.9231958019383066,1.0,0.01209681,1.537636,0.5040765965107034,0.08479138627187079,0.3496510227388016,0.31001916327245505
"frozenset({'dont', 'one'})",frozenset({'like'}),0.0477,0.2246,0.025,0.5241090146750524,2.333521881901391,1.0,0.014286580000000002,1.6293647577092512,0.6000873674262313,0.10109179134654267,0.3862638827380093,0.3177090042208744
"frozenset({'dont', 'one'})",frozenset({'good'}),0.0477,0.3481,0.0247,0.5178197064989518,1.4875602025249979,1.0,0.00809563,1.351983913043478,0.3441754694898054,0.06655887900835354,0.26034622871445284,0.2943881640796971
"frozenset({'dont', 'back'})",frozenset({'good'}),0.0418,0.3481,0.0226,0.5406698564593302,1.5532026902020402,1.0,0.008049419999999998,1.419240625,0.37170635206498903,0.061530084399673286,0.2953978470000463,0.30279686445488774
"frozenset({'dont', 'back'})",frozenset({'like'}),0.0418,0.2246,0.0213,0.5095693779904307,2.2687861887374474,1.0,0.01191172,1.581059512195122,0.5836314764675159,0.08690330477356181,0.3675127392190233,0.30220232033982797
"frozenset({'dont', 'back'})",frozenset({'place'}),0.0418,0.3787,0.021,0.5023923444976077,1.3266235661410293,1.0,0.0051703400000000024,1.2485740384615385,0.25694705350309616,0.0525657071339174,0.19908634234284203,0.2789226047811514
"frozenset({'dont', 'would'})",frozenset({'place'}),0.0387,0.3787,0.0212,0.5478036175710594,1.4465371470057022,1.0,0.006544310000000001,1.3739605714285714,0.3211212607141666,0.05350832912670368,0.2721770764060188,0.30189230258009003
"frozenset({'dont', 'would'})",frozenset({'like'}),0.0387,0.2246,0.0202,0.5219638242894057,2.323970722570818,1.0,0.01150798,1.622052972972973,0.5926370333902213,0.08309337721102428,0.38349732304540324,0.3059507456264482
"frozenset({'dont', 'really'})",frozenset({'good'}),0.0386,0.3481,0.0227,0.5880829015544041,1.6894079332214997,1.0,0.00926334,1.5825999999999998,0.4244608404226949,0.062362637362637356,0.3681283963098698,0.326647023888377
"frozenset({'dont', 'really'})",frozenset({'place'}),0.0386,0.3787,0.0223,0.577720207253886,1.5255352713332082,1.0,0.00768218,1.4712993865030672,0.35832367035741036,0.056455696202531644,0.3203286773762852,0.3183029343636739
"frozenset({'dont', 'really'})",frozenset({'like'}),0.0386,0.2246,0.0215,0.5569948186528496,2.4799413119004883,1.0,0.012830439999999999,1.7503181286549703,0.6207246215548061,0.0889532478278858,0.42867528843545216,0.32636027664610423
"frozenset({'service', 'delicious'})",frozenset({'food'}),0.0399,0.3643,0.0248,0.6215538847117794,1.7061594419757875,1.0,0.01026443,1.67976357615894,0.43108874747590137,0.06536636794939378,0.4046781260213614,0.3448148232233067
"frozenset({'service', 'delicious'})",frozenset({'great'}),0.0399,0.3464,0.0202,0.506265664160401,1.4615059588926125,1.0,0.00637864,1.3237888324873095,0.32889725802077135,0.055176181371210054,0.2445925094253381,0.2822898759601081
"frozenset({'great', 'delicious'})",frozenset({'food'}),0.049,0.3643,0.0269,0.5489795918367347,1.5069437052888683,1.0,0.0090493,1.409470588235294,0.3537383853427619,0.06961697722567288,0.2905137515128752,0.31140991669794466
"frozenset({'place', 'delicious'})",frozenset({'food'}),0.0536,0.3643,0.0286,0.5335820895522388,1.4646777094489125,1.0,0.009073519999999998,1.3629408,0.3352239476499831,0.07346519393783715,0.2662924171027825,0.3060444073893503
"frozenset({'good', 'delicious'})",frozenset({'food'}),0.0451,0.3643,0.0255,0.5654101995565409,1.552045565623225,1.0,0.009070069999999996,1.4627586734693874,0.3724882391955629,0.06642354779890597,0.31636023211662884,0.31770372728307417
frozenset({'try'}),frozenset({'place'}),0.1207,0.3787,0.0616,0.5103562551781275,1.3476531692055125,1.0,0.01589091,1.2688817258883247,0.2933803231909681,0.14070351758793972,0.21190448282331817,0.3365089963506165
"frozenset({'good', 'try'})",frozenset({'place'}),0.0527,0.3787,0.0289,0.5483870967741935,1.4480778895542474,1.0,0.00894251,1.375735714285714,0.3266435255618135,0.07180124223602484,0.2731162027590432,0.31235040077685117
"frozenset({'try', 'time'})",frozenset({'place'}),0.0434,0.3787,0.0217,0.5,1.3203063110641668,1.0,0.005264420000000002,1.2426,0.25360652310265536,0.0541958041958042,0.19523579591179788,0.27865064695009245
"frozenset({'try', 'great'})",frozenset({'place'}),0.0431,0.3787,0.0224,0.5197215777262181,1.3723833581363034,1.0,0.006078030000000002,1.2936246376811593,0.2835621538300764,0.05608412618928393,0.22697823551620488,0.28943565023094636
"frozenset({'try', 'like'})",frozenset({'place'}),0.0382,0.3787,0.0226,0.5916230366492147,1.5622472581178102,1.0,0.008133660000000001,1.5213884615384614,0.37419053875752883,0.057316763885366474,0.34270567624209675,0.3256504409546575
"frozenset({'try', 'one'})",frozenset({'place'}),0.0369,0.3787,0.021,0.5691056910569106,1.5027876711299462,1.0,0.007025970000000001,1.4418849056603773,0.3473886408472641,0.05321844906234162,0.3064633688345575,0.3122792780608028
"frozenset({'food', 'try'})",frozenset({'place'}),0.0514,0.3787,0.0294,0.5719844357976653,1.5103893208282688,1.0,0.00993482,1.451582727272727,0.35622923004327184,0.07337159970052408,0.3110967902746908,0.32480922344411917
"frozenset({'food', 'try'})",frozenset({'good'}),0.0514,0.3481,0.0263,0.5116731517509727,1.4699027628582957,1.0,0.008407659999999997,1.3349665338645416,0.3370049438476072,0.07047159699892819,0.25091755138974187,0.29361307688094457
"frozenset({'try', 'back'})",frozenset({'place'}),0.0408,0.3787,0.0222,0.5441176470588235,1.4368039267462993,1.0,0.006749040000000001,1.3628516129032255,0.3169420462998445,0.055877170903599296,0.2662444021548745,0.3013696236350363
frozenset({'kind'}),frozenset({'place'}),0.0437,0.3787,0.0221,0.505720823798627,1.3354127905957938,1.0,0.00555081,1.2569819444444446,0.26264548081477296,0.05520859355483388,0.20444362433385976,0.2820391813738316
"frozenset({'good', 'great'})",frozenset({'food'}),0.1211,0.3643,0.0629,0.5194054500412881,1.4257629701929402,1.0,0.018783269999999998,1.322736597938144,0.339766918505047,0.14887573964497042,0.24399158414549021,0.3460326728658266
"frozenset({'good', 'food', 'great'})",frozenset({'place'}),0.0629,0.3787,0.0321,0.5103338632750397,1.3475940408635854,1.0,0.008279769999999999,1.2688237012987011,0.2752499841261451,0.07838827838827839,0.21186844241918515,0.2975487642226796
"frozenset({'good', 'place', 'great'})",frozenset({'food'}),0.0575,0.3643,0.0321,0.5582608695652173,1.532420723483989,1.0,0.011152749999999996,1.4390846456692907,0.3686341588371881,0.08237105465742879,0.30511384232376476,0.32318753058277333
"frozenset({'good', 'one'})",frozenset({'place'}),0.0909,0.3787,0.0471,0.5181518151815182,1.3682382233470247,1.0,0.012676170000000007,1.2894102739726028,0.2960434726862924,0.11147928994082841,0.22445165810641918,0.3212623348418814
"frozenset({'time', 'one'})",frozenset({'place'}),0.0869,0.3787,0.0444,0.5109321058688148,1.3491737678078024,1.0,0.011490970000000003,1.2703757647058824,0.28343623987584127,0.10541310541310542,0.21283133086884726,0.3140876531456564
"frozenset({'good', 'time', 'one'})",frozenset({'place'}),0.0394,0.3787,0.023,0.583756345177665,1.5414743733236467,1.0,0.008079220000000002,1.4926353658536584,0.3656781540522681,0.058213110604910155,0.3300440128402784,0.32224521774330833
"frozenset({'place', 'time', 'one'})",frozenset({'good'}),0.0444,0.3481,0.023,0.518018018018018,1.4881298995059407,1.0,0.007544359999999998,1.3525401869158875,0.3432562287295029,0.06224627875507442,0.260650434143301,0.29204549277804087
"frozenset({'great', 'one'})",frozenset({'place'}),0.0766,0.3787,0.0384,0.5013054830287206,1.323753586027781,1.0,0.009391579999999997,1.2458528795811517,0.26486072756479667,0.09210841928520028,0.19733700793291584,0.3013525038592243
"frozenset({'like', 'one'})",frozenset({'good'}),0.0762,0.3481,0.0381,0.5,1.4363688595231254,1.0,0.01157478,1.3037999999999998,0.3288590604026846,0.09865354738477473,0.23301119803650866,0.3047256535478311
"frozenset({'like', 'one'})",frozenset({'place'}),0.0762,0.3787,0.0411,0.5393700787401574,1.424267437919613,1.0,0.012243059999999997,1.3488051282051279,0.32245580378095545,0.09932334461092315,0.25860305607622314,0.323949628754816
"frozenset({'good', 'place', 'one'})",frozenset({'like'}),0.0471,0.2246,0.024,0.5095541401273885,2.2687183442893524,1.0,0.01342134,1.5810103896103895,0.5868637842375906,0.09689140088817118,0.3674930876030288,0.3082053870717085
"frozenset({'good', 'like', 'one'})",frozenset({'place'}),0.0381,0.3787,0.024,0.6299212598425197,1.6633780296871394,1.0,0.00957153,1.6788319148936168,0.4146104064871608,0.061099796334012225,0.4043477544544016,0.34664798138679986
"frozenset({'place', 'like', 'one'})",frozenset({'good'}),0.0411,0.3481,0.024,0.5839416058394161,1.6775110768153292,1.0,0.00969309,1.5668473684210527,0.4211896443841902,0.06571741511500548,0.36177574143183944,0.32644365554826305
"frozenset({'place', 'like', 'one'})",frozenset({'time'}),0.0411,0.2747,0.0206,0.5012165450121655,1.8245960866842574,1.0,0.009309830000000002,1.454138048780488,0.4713040933837012,0.06978319783197832,0.3123073831685723,0.2881037220874442
"frozenset({'like', 'time', 'one'})",frozenset({'place'}),0.0351,0.3787,0.0206,0.586894586894587,1.5497612540126406,1.0,0.007307630000000001,1.5039744827586208,0.3676436111393404,0.05239064089521872,0.33509510203538867,0.3206456034552153
"frozenset({'get', 'one'})",frozenset({'place'}),0.0735,0.3787,0.0391,0.5319727891156463,1.4047340615675898,1.0,0.011265550000000006,1.3274869186046512,0.3109783954408626,0.09465020576131689,0.2466969082820639,0.31761037132043207
"frozenset({'place', 'get', 'one'})",frozenset({'time'}),0.0391,0.2747,0.0207,0.5294117647058824,1.9272361292533031,1.0,0.00995923,1.5412625000000002,0.500699575629329,0.0706243602865916,0.351181255626475,0.30238334867984323
"frozenset({'get', 'time', 'one'})",frozenset({'place'}),0.0353,0.3787,0.0207,0.5864022662889519,1.5484612260072668,1.0,0.007331890000000001,1.5021842465753426,0.36715827152592806,0.052631578947368425,0.3343026980346884,0.3205314737835042
"frozenset({'place', 'get', 'one'})",frozenset({'good'}),0.0391,0.3481,0.0204,0.5217391304347826,1.4988196795023918,1.0,0.00678929,1.3630636363636361,0.3463506434939467,0.05561613958560523,0.2663585372523126,0.2901714899516631
"frozenset({'good', 'get', 'one'})",frozenset({'place'}),0.0352,0.3787,0.0204,0.5795454545454546,1.53035504236983,1.0,0.007069760000000001,1.4776864864864865,0.35920072838422273,0.05184243964421856,0.32326646474401194,0.3167069760184363
"frozenset({'food', 'one'})",frozenset({'good'}),0.0862,0.3481,0.0437,0.5069605568445475,1.4563647137160227,1.0,0.013693780000000003,1.322206588235294,0.3429183738987196,0.11187916026625705,0.24368853634690527,0.31624959758343435
"frozenset({'food', 'one'})",frozenset({'place'}),0.0862,0.3787,0.0449,0.5208816705336428,1.3754467138464292,1.0,0.012256060000000006,1.2967569007263924,0.2987124911222674,0.10690476190476192,0.22884543784587605,0.3197225886336025
"frozenset({'good', 'food', 'one'})",frozenset({'place'}),0.0437,0.3787,0.0252,0.5766590389016018,1.5227331367879635,1.0,0.008650809999999998,1.467611351351351,0.35897324177675527,0.0634441087613293,0.318620696767426,0.32160123848961786
"frozenset({'good', 'place', 'one'})",frozenset({'food'}),0.0471,0.3643,0.0252,0.535031847133758,1.4686572800816853,1.0,0.008041469999999998,1.367190410958904,0.33487874108610804,0.06525116519937857,0.26857298589548206,0.30210280251280264
"frozenset({'food', 'place', 'one'})",frozenset({'good'}),0.0449,0.3481,0.0252,0.5612472160356348,1.6123160472152678,1.0,0.009570309999999999,1.485802538071066,0.397627689612822,0.06851549755301795,0.32696305573804996,0.31682010327780014
"frozenset({'food', 'time', 'one'})",frozenset({'place'}),0.0363,0.3787,0.0204,0.5619834710743802,1.4839806471465018,1.0,0.006653190000000003,1.4184396226415095,0.33842146384339783,0.05169792194627472,0.29499995344339325,0.3079259842828991
"frozenset({'good', 'time', 'one'})",frozenset({'food'}),0.0394,0.3643,0.02,0.5076142131979696,1.3933961383419424,1.0,0.00564658,1.2910608247422681,0.29390901519883406,0.05212405525149857,0.22544315431488063,0.28125701052432106
"frozenset({'food', 'time', 'one'})",frozenset({'good'}),0.0363,0.3481,0.02,0.5509641873278237,1.5827756027803035,1.0,0.007363969999999999,1.4517773006134969,0.382067552142783,0.054884742041712405,0.3111891199997296,0.3042094708543744
"frozenset({'good', 'would'})",frozenset({'place'}),0.0813,0.3787,0.0411,0.5055350553505535,1.3349222480870175,1.0,0.010311690000000002,1.2565097014925373,0.2730953529225286,0.0981141083790881,0.2041446247393426,0.30703211706001404
"frozenset({'would', 'like'})",frozenset({'good'}),0.0676,0.3481,0.0341,0.5044378698224853,1.449117695554396,1.0,0.010568439999999998,1.3154758208955224,0.332394816265784,0.08936058700209644,0.23981879095334452,0.30119911302098124
"frozenset({'would', 'like'})",frozenset({'place'}),0.0676,0.3787,0.0359,0.5310650887573966,1.4023371765444852,1.0,0.010299880000000004,1.324917350157729,0.3077056363964443,0.08747563352826511,0.24523593876934907,0.31293154094590186
"frozenset({'would', 'place', 'like'})",frozenset({'good'}),0.0359,0.3481,0.0203,0.565459610027855,1.6244171503242029,1.0,0.007803209999999998,1.5002057692307686,0.39870820587157774,0.055815232334341484,0.33342477378103247,0.31188809286224695
"frozenset({'good', 'would', 'like'})",frozenset({'place'}),0.0341,0.3787,0.0203,0.5953079178885631,1.5719776020294773,1.0,0.00738633,1.5352413043478261,0.376704235106797,0.05171974522292993,0.3486365972775843,0.32445617705888413
"frozenset({'would', 'get'})",frozenset({'place'}),0.0666,0.3787,0.0336,0.5045045045045045,1.3322009625151954,1.0,0.008378579999999997,1.2538963636363634,0.26715502464109697,0.08161282487247996,0.2024859238765564,0.29661454430400824
"frozenset({'go', 'would'})",frozenset({'place'}),0.0625,0.3787,0.0324,0.5184,1.3688935833113283,1.0,0.00873125,1.2900747508305646,0.28744855967078187,0.07925636007827788,0.2248511186222437,0.301977924478479
"frozenset({'go', 'would'})",frozenset({'back'}),0.0625,0.2241,0.0317,0.5072,2.2632753235162872,1.0,0.01769375,1.5744724025974026,0.595373291272345,0.12436249509611615,0.36486660652145897,0.324327353859884
"frozenset({'food', 'would'})",frozenset({'place'}),0.0791,0.3787,0.0417,0.527180783817952,1.3920802318931924,1.0,0.011744830000000001,1.3140328877005347,0.3058427619941185,0.10021629416005769,0.2389840396232931,0.31864716508035174
"frozenset({'food', 'would'})",frozenset({'good'}),0.0791,0.3481,0.0401,0.5069532237673829,1.4563436477086553,1.0,0.012565289999999993,1.3221869230769225,0.3402637396085201,0.10359080340997158,0.2436772875707669,0.3110750031505688
"frozenset({'would', 'food', 'place'})",frozenset({'good'}),0.0417,0.3481,0.023,0.5515587529976019,1.5844836340063255,1.0,0.008484229999999999,1.453702139037433,0.38493119609453325,0.06270447110141766,0.3121011704212332,0.30881586026783286
"frozenset({'good', 'would', 'place'})",frozenset({'food'}),0.0411,0.3643,0.023,0.559610705596107,1.5361260104202772,1.0,0.00802727,1.443495580110497,0.3639709449686461,0.060146443514644356,0.30723722761696876,0.3113727423121902
"frozenset({'good', 'food', 'would'})",frozenset({'place'}),0.0401,0.3787,0.023,0.57356608478803,1.514565843116002,1.0,0.007814130000000002,1.4569666666666667,0.3539376837261129,0.058110156644770095,0.3136424992564461,0.31715008754849083
frozenset({'really'}),frozenset({'good'}),0.1768,0.3481,0.0906,0.5124434389140271,1.472115595846099,1.0,0.029055919999999992,1.3370756380510438,0.3895839635128727,0.20861155883030164,0.25209915464645977,0.38635673812980875
"frozenset({'great', 'really'})",frozenset({'good'}),0.0705,0.3481,0.0375,0.5319148936170213,1.5280519782160908,1.0,0.01295895,1.3926954545454544,0.371782678859602,0.09839937024403042,0.2819679300767315,0.31982127904062785
"frozenset({'great', 'really'})",frozenset({'place'}),0.0705,0.3787,0.0359,0.5092198581560284,1.3446523848852086,1.0,0.009201650000000006,1.2659436416184973,0.27575402955732947,0.08686184369707235,0.21007541953328257,0.3020089256452178
"frozenset({'good', 'great', 'really'})",frozenset({'place'}),0.0375,0.3787,0.0208,0.5546666666666666,1.4646598010738492,1.0,0.0065987500000000004,1.395134730538922,0.32960789210789215,0.05260495700556399,0.28322334889210793,0.304795704603468
"frozenset({'place', 'great', 'really'})",frozenset({'good'}),0.0359,0.3481,0.0208,0.5793871866295264,1.66442742496273,1.0,0.008303209999999998,1.5498814569536419,0.41405745095066737,0.057268722466960346,0.3547893643649737,0.3195700655928442
"frozenset({'good', 'great', 'really'})",frozenset({'food'}),0.0375,0.3643,0.0211,0.5626666666666668,1.5445145941989205,1.0,0.007438750000000001,1.453582317073171,0.3662830060934327,0.05542421854478592,0.3120444654186987,0.3102929819745631
"frozenset({'food', 'great', 'really'})",frozenset({'good'}),0.0335,0.3481,0.0211,0.6298507462686567,1.8093959961753996,1.0,0.00943865,1.7611814516129027,0.46283433407786434,0.058529819694868236,0.4321993346658332,0.34523275607026627
"frozenset({'like', 'really'})",frozenset({'good'}),0.0661,0.3481,0.0391,0.5915279878971256,1.6993047627036069,1.0,0.01609059,1.5959477777777775,0.4406510771182312,0.10423886963476407,0.37341308160319925,0.351926016355917
"frozenset({'like', 'really'})",frozenset({'place'}),0.0661,0.3787,0.0367,0.5552193645990923,1.4661192622104364,1.0,0.011667930000000003,1.3968683673469386,0.3404296476672057,0.08992893898554277,0.28411293191548737,0.32606492391560105
"frozenset({'good', 'place', 'really'})",frozenset({'like'}),0.0461,0.2246,0.0234,0.5075921908893709,2.2599830404691494,1.0,0.01304594,1.5747110132158588,0.5844625258609953,0.09462191670036393,0.36496284613021784,0.30588870452749933
"frozenset({'good', 'like', 'really'})",frozenset({'place'}),0.0391,0.3787,0.0234,0.59846547314578,1.5803154822967522,1.0,0.008592830000000001,1.5473140127388534,0.38215730800807296,0.05933062880324543,0.3537187721644617,0.3301279042517915
"frozenset({'place', 'like', 'really'})",frozenset({'good'}),0.0367,0.3481,0.0234,0.6376021798365122,1.8316638317624596,1.0,0.010624729999999999,1.7988518796992479,0.47134671504026837,0.0647482014388489,0.4440898601572515,0.3524121212310973
"frozenset({'good', 'like', 'really'})",frozenset({'food'}),0.0391,0.3643,0.0215,0.5498721227621483,1.5093936941041675,1.0,0.007255869999999998,1.4122653409090904,0.3512148252486162,0.05629746006808064,0.2919177642947117,0.3044447081008106
"frozenset({'food', 'like', 'really'})",frozenset({'good'}),0.031,0.3481,0.0215,0.6935483870967741,1.9923826115965932,1.0,0.010708899999999997,2.127252631578947,0.5140230878152974,0.06012304250559284,0.5299100891191504,0.37765612402813425
"frozenset({'really', 'time'})",frozenset({'good'}),0.0621,0.3481,0.0336,0.5410628019323671,1.5543315194839618,1.0,0.011982989999999995,1.420455789473684,0.38025014089226683,0.08921933085501858,0.29600061655524945,0.3187933946461606
"frozenset({'really', 'time'})",frozenset({'place'}),0.0621,0.3787,0.0319,0.5136876006441223,1.3564499620916883,1.0,0.008382729999999998,1.2775738410596025,0.2801807279051011,0.07801418439716312,0.21726637798828644,0.2989615716450081
"frozenset({'really', 'one'})",frozenset({'good'}),0.0552,0.3481,0.0308,0.5579710144927537,1.6029043794678357,1.0,0.011584879999999999,1.474790163934426,0.3981080308345337,0.08268456375838927,0.3219374359453193,0.3232256681196891
"frozenset({'really', 'one'})",frozenset({'place'}),0.0552,0.3787,0.0288,0.5217391304347826,1.377710933284348,1.0,0.007895760000000002,1.299081818181818,0.29017605136889646,0.07109355714638362,0.23022554391563274,0.2988943869760393
"frozenset({'would', 'really'})",frozenset({'good'}),0.0484,0.3481,0.0275,0.5681818181818182,1.6322373403671881,1.0,0.010651959999999999,1.5096631578947368,0.40704497688104235,0.07452574525745258,0.3376005801224394,0.3235910527277951
"frozenset({'would', 'really'})",frozenset({'like'}),0.0484,0.2246,0.0245,0.506198347107438,2.253777146515753,1.0,0.013629360000000002,1.570266108786611,0.5845947963043983,0.09859154929577464,0.36316526580789016,0.30764058049940024
"frozenset({'would', 'really'})",frozenset({'place'}),0.0484,0.3787,0.0251,0.518595041322314,1.3694086118888673,1.0,0.006770920000000003,1.2905974248927037,0.28347810942024265,0.06243781094527364,0.22516504317127647,0.2924372090688676
"frozenset({'good', 'really'})",frozenset({'place'}),0.0906,0.3787,0.0461,0.5088300220750552,1.3436229788092295,1.0,0.011789780000000007,1.2649388764044944,0.2812223453570256,0.10893194706994329,0.20944796728642404,0.3152811319775857
"frozenset({'place', 'really'})",frozenset({'good'}),0.083,0.3481,0.0461,0.555421686746988,1.5955808294943636,1.0,0.0172077,1.4663333333333333,0.40705450433721196,0.11974025974025974,0.31802682427824513,0.34392744779751006
"frozenset({'go', 'really'})",frozenset({'place'}),0.0515,0.3787,0.0284,0.5514563106796118,1.4561824945329067,1.0,0.008896950000000004,1.3851493506493509,0.3302824326029982,0.07068193130910902,0.27805618973058394,0.3132248545740282
"frozenset({'go', 'really'})",frozenset({'good'}),0.0515,0.3481,0.0283,0.5495145631067961,1.5786112126021146,1.0,0.01037285,1.4471056034482757,0.38643310713773465,0.0762186910853757,0.30896542891056317,0.3154065202779025
"frozenset({'really', 'back'})",frozenset({'good'}),0.0511,0.3481,0.0286,0.5596868884540117,1.6078336353174711,1.0,0.01081209,1.4805373333333331,0.3984035250238222,0.07717215326497572,0.32456954817305067,0.32092359360936723
"frozenset({'get', 'really'})",frozenset({'good'}),0.0543,0.3481,0.0299,0.5506445672191528,1.5818574180383589,1.0,0.010998169999999998,1.4507446721311472,0.38895185849133,0.08026845637583892,0.3106988299112637,0.31826971250931785
"frozenset({'get', 'really'})",frozenset({'place'}),0.0543,0.3787,0.0291,0.5359116022099447,1.4151349411405987,1.0,0.00853659,1.3387535714285712,0.31019732287979557,0.07204753651894033,0.25303653985183444,0.3063767147569396
"frozenset({'good', 'really'})",frozenset({'food'}),0.0906,0.3643,0.0467,0.5154525386313465,1.414912266350114,1.0,0.013694419999999999,1.311945785876993,0.3224570027347019,0.11440470357667809,0.2377733815185568,0.32182179498133345
"frozenset({'food', 'really'})",frozenset({'good'}),0.0752,0.3481,0.0467,0.6210106382978723,1.784000684567286,1.0,0.020522879999999997,1.7201010526315785,0.4751969058186317,0.12400424853956453,0.41863880702235357,0.3775837448886661
"frozenset({'food', 'really'})",frozenset({'place'}),0.0752,0.3787,0.0397,0.5279255319148936,1.3940468231182825,1.0,0.01122176,1.3161059154929575,0.3056487671376152,0.09584741670690489,0.24018273284225589,0.3163789265066942
"frozenset({'good', 'food', 'really'})",frozenset({'place'}),0.0467,0.3787,0.026,0.556745182012848,1.470148354932263,1.0,0.00831471,1.4016768115942029,0.3354626439332198,0.06509764646970456,0.2865687783886174,0.31270055509409234
"frozenset({'good', 'place', 'really'})",frozenset({'food'}),0.0461,0.3643,0.026,0.5639913232104121,1.5481507636849083,1.0,0.009205769999999999,1.4579985074626862,0.37117944954720294,0.06763787721123829,0.31412824163978625,0.3176805367081432
"frozenset({'food', 'place', 'really'})",frozenset({'good'}),0.0397,0.3481,0.026,0.654911838790932,1.8813899419446478,1.0,0.012180429999999999,1.8890824817518244,0.4878455450620399,0.0718629076838032,0.4706424893249455,0.36480150974306724
"frozenset({'really', 'service'})",frozenset({'good'}),0.0526,0.3481,0.0301,0.5722433460076045,1.6439050445492802,1.0,0.011789939999999995,1.523997333333333,0.4134392640954049,0.08121964382083108,0.3438308728449218,0.32935637567544834
"frozenset({'really', 'service'})",frozenset({'food'}),0.0526,0.3643,0.0274,0.5209125475285171,1.4298999383159954,1.0,0.00823782,1.326897619047619,0.31734258493086726,0.07034659820282413,0.24636235256963523,0.29806264214196926
"frozenset({'well', 'like'})",frozenset({'good'}),0.0469,0.3481,0.0246,0.5245202558635395,1.5068091234229803,1.0,0.008274110000000001,1.371036322869955,0.3528967946273734,0.066414686825054,0.27062472137373744,0.2975948018760386
"frozenset({'well', 'like'})",frozenset({'place'}),0.0469,0.3787,0.0252,0.5373134328358209,1.4188366327853734,1.0,0.007438970000000003,1.3428096774193548,0.309723242285408,0.06293706293706294,0.25529282606763387,0.30192843545672743
"frozenset({'well', 'one'})",frozenset({'good'}),0.0408,0.3481,0.0207,0.5073529411764706,1.4574919309867007,1.0,0.006497519999999998,1.3232597014925371,0.32724130011724734,0.056219445953286255,0.24429044512420703,0.28340930598036396
"frozenset({'well', 'one'})",frozenset({'place'}),0.0408,0.3787,0.0211,0.517156862745098,1.365610939384996,1.0,0.005649040000000001,1.2867532994923856,0.2791149022289507,0.05296184738955824,0.22285025389521648,0.2864368945360029
"frozenset({'well', 'really'})",frozenset({'good'}),0.0356,0.3481,0.0205,0.5758426966292135,1.654245034844049,1.0,0.008107640000000001,1.5369298013245032,0.4100939798282263,0.05644273127753304,0.3493521960871506,0.3173669099348308
"frozenset({'good', 'well'})",frozenset({'food'}),0.0608,0.3643,0.0312,0.513157894736842,1.408613490905413,1.0,0.00905056,1.3057621621621618,0.30886078714017384,0.0792079207920792,0.23416374820959893,0.2994007974919456
"frozenset({'food', 'well'})",frozenset({'good'}),0.0569,0.3481,0.0312,0.5483304042179261,1.5752094346967138,1.0,0.011393109999999998,1.4433116731517506,0.3871951882634736,0.08346709470304975,0.3071489556955455,0.31897991052608454
"frozenset({'food', 'well'})",frozenset({'place'}),0.0569,0.3787,0.0291,0.5114235500878734,1.3504714816157208,1.0,0.007551970000000002,1.271653597122302,0.27517534663960086,0.07158671586715867,0.21362232430045625,0.294132688695904
"frozenset({'well', 'service'})",frozenset({'food'}),0.0449,0.3643,0.0234,0.5211581291759465,1.4305740575787715,1.0,0.007042929999999999,1.3275781395348834,0.31512921634374885,0.06065318818040435,0.24674866946035318,0.29269545218061666
"frozenset({'go', 'well'})",frozenset({'good'}),0.0399,0.3481,0.0213,0.5338345864661654,1.5335667522728107,1.0,0.007410809999999999,1.3984306451612902,0.36238449339930845,0.05808562857922007,0.28491269591373747,0.2975119499409253
"frozenset({'go', 'well'})",frozenset({'place'}),0.0399,0.3787,0.021,0.5263157894736843,1.3897961169096495,1.0,0.005889870000000004,1.3116333333333334,0.2921258202270599,0.05281690140845072,0.23759180665328233,0.29088432726918967
"frozenset({'get', 'well'})",frozenset({'place'}),0.0422,0.3787,0.0221,0.523696682464455,1.382880069882374,1.0,0.00611886,1.304420895522388,0.2890702581046875,0.055416248746238725,0.23337627951787385,0.2910271107067456
"frozenset({'u', 'time'})",frozenset({'food'}),0.0495,0.3643,0.0255,0.5151515151515151,1.4140859597900497,1.0,0.007467149999999995,1.3111312499999999,0.3080793390475599,0.06567087303631212,0.23729985079678328,0.2925743850805613
"frozenset({'good', 'u'})",frozenset({'food'}),0.0491,0.3643,0.0288,0.5865580448065173,1.6100961976571981,1.0,0.010912869999999998,1.5375798029556649,0.3984846957852794,0.0748829953198128,0.34962725311706355,0.3328068840557429
"frozenset({'u', 'one'})",frozenset({'time'}),0.046,0.2747,0.0232,0.5043478260869565,1.8359949984963833,1.0,0.010563799999999998,1.4633245614035089,0.47729162148485504,0.07798319327731092,0.31662460511092855,0.29440179800889504
"frozenset({'u', 'great'})",frozenset({'food'}),0.0429,0.3643,0.0218,0.5081585081585082,1.3948902227793252,1.0,0.006171529999999998,1.2924895734597155,0.29578696732004833,0.05656460819927348,0.22629936787558308,0.2839996493578706
"frozenset({'u', 'would'})",frozenset({'food'}),0.0393,0.3643,0.0205,0.5216284987277354,1.4318652174793725,1.0,0.006183009999999999,1.328883510638298,0.31394841667787965,0.053510832680762205,0.2474885932479714,0.28895040088733737
"frozenset({'u', 'get'})",frozenset({'food'}),0.0386,0.3643,0.0201,0.5207253886010362,1.4293861888581834,1.0,0.006038019999999998,1.3263794594594591,0.312459959408284,0.05250783699059561,0.24606793865193682,0.28794984774548105
"frozenset({'u', 'place'})",frozenset({'food'}),0.0521,0.3643,0.0279,0.5355086372360844,1.4699660643318266,1.0,0.00891997,1.3685938016528925,0.33728472030797374,0.07181467181467181,0.26932300965248457,0.3060469345938863
"frozenset({'u', 'restaurant'})",frozenset({'food'}),0.0305,0.3643,0.0209,0.6852459016393442,1.880993416523042,1.0,0.009788849999999998,2.0196718749999993,0.4831005969140112,0.05589729874297939,0.504870067074633,0.37130810042164847
"frozenset({'u', 'service'})",frozenset({'food'}),0.0442,0.3643,0.025,0.5656108597285068,1.5525963758674355,1.0,0.00889794,1.4634343749999998,0.372376647834275,0.0651890482398957,0.3166758844242674,0.31711780977092374
"frozenset({'u', 'back'})",frozenset({'food'}),0.0439,0.3643,0.0223,0.5079726651480637,1.3943800855011357,1.0,0.0063072300000000005,1.2920013888888886,0.2958220123511857,0.0577869914485618,0.22600702398625722,0.28459297545078177
"frozenset({'good', 'much'})",frozenset({'place'}),0.0463,0.3787,0.0247,0.5334773218142549,1.4087069496019407,1.0,0.007166189999999999,1.3317680555555556,0.30421427052277533,0.06170372220834374,0.24911849640150477,0.29935022679041234
"frozenset({'much', 'time'})",frozenset({'place'}),0.041,0.3787,0.0212,0.5170731707317073,1.3653899411980654,1.0,0.005673300000000001,1.286530303030303,0.27904952092391844,0.053199498117942286,0.22271554922212677,0.286527079160414
"frozenset({'much', 'like'})",frozenset({'good'}),0.0404,0.3481,0.0212,0.5247524752475248,1.5074762288064485,1.0,0.007136760000000001,1.37170625,0.35081244543717116,0.05771848625102096,0.2709809407079687,0.29282725744565263
"frozenset({'much', 'like'})",frozenset({'place'}),0.0404,0.3787,0.0235,0.5816831683168318,1.5359999163370261,1.0,0.008200520000000001,1.4852378698224853,0.36364974767855407,0.05940343781597574,0.3267071757875934,0.3218687824684238
"frozenset({'much', 'great'})",frozenset({'place'}),0.0384,0.3787,0.0213,0.5546875,1.4647148138368102,1.0,0.006757920000000002,1.3952,0.3299430526587145,0.05381505811015665,0.283256880733945,0.30546627442566676
"frozenset({'much', 'one'})",frozenset({'place'}),0.0367,0.3787,0.0207,0.5640326975476838,1.489391860437507,1.0,0.006801709999999999,1.4251068749999996,0.3411035234657836,0.05244489485685331,0.29829824166696256,0.30934668941287013
"frozenset({'food', 'much'})",frozenset({'place'}),0.0427,0.3787,0.0231,0.540983606557377,1.428528139839918,1.0,0.00692951,1.3535464285714283,0.31335922686596457,0.05799648506151142,0.2612000749354209,0.30099087906427074
"frozenset({'good', 'much'})",frozenset({'food'}),0.0463,0.3643,0.0242,0.5226781857451404,1.4347465982573164,1.0,0.007332909999999998,1.3318058823529408,0.31772340349937644,0.06262939958592131,0.24913982341535373,0.29455347662222703
"frozenset({'food', 'much'})",frozenset({'good'}),0.0427,0.3481,0.0242,0.5667447306791569,1.628108964892723,1.0,0.009336129999999998,1.5046556756756753,0.4029985332369879,0.06601200218221494,0.3353961200784735,0.31813249174003805
"frozenset({'good', 'area'})",frozenset({'place'}),0.0368,0.3787,0.0209,0.5679347826086956,1.4996957555022328,1.0,0.006963839999999999,1.4379773584905657,0.34592824556104845,0.05296502787633046,0.30457875842378174,0.31156179320558886
"frozenset({'good', 'cheese'})",frozenset({'food'}),0.0377,0.3643,0.0203,0.5384615384615384,1.4780717498257985,1.0,0.00656589,1.3773499999999999,0.3361143688484434,0.053183128111081994,0.27396812720078406,0.2970924217149855
"frozenset({'food', 'cheese'})",frozenset({'good'}),0.0359,0.3481,0.0203,0.565459610027855,1.6244171503242029,1.0,0.007803209999999998,1.5002057692307686,0.39870820587157774,0.055815232334341484,0.33342477378103247,0.31188809286224695
"frozenset({'food', 'cheese'})",frozenset({'place'}),0.0359,0.3787,0.0203,0.565459610027855,1.4931597835433195,1.0,0.006704669999999999,1.429786538461538,0.34257785535196306,0.051483641897032716,0.3005948978397796,0.3095320231285301
"frozenset({'cheese', 'place'})",frozenset({'food'}),0.0362,0.3643,0.0203,0.5607734806629834,1.5393178168075305,1.0,0.0071123399999999965,1.4473169811320752,0.363521037927661,0.05339295107837979,0.3090663530957738,0.308248392815708
frozenset({'salad'}),frozenset({'good'}),0.0667,0.3481,0.0336,0.5037481259370314,1.4471362422781713,1.0,0.010381729999999999,1.313647432024169,0.3310618874143464,0.08814270724029381,0.23876073928061273,0.30013605664849274
frozenset({'maybe'}),frozenset({'good'}),0.0376,0.3481,0.0206,0.5478723404255319,1.5738935375625736,1.0,0.0075114399999999994,1.4418494117647056,0.37887885464332693,0.056422897836209254,0.30644629609684293,0.3035253687189423
"frozenset({'food', 'back'})",frozenset({'good'}),0.0882,0.3481,0.0444,0.5034013605442177,1.4461400762545753,1.0,0.01369758,1.3127301369863011,0.3383461878197566,0.11329420770604746,0.2382288089342195,0.3154754576349356
"frozenset({'good', 'place', 'back'})",frozenset({'food'}),0.0409,0.3643,0.0218,0.5330073349633252,1.46310001362428,1.0,0.006900129999999999,1.3612633507853402,0.3300174379841958,0.056859676577986434,0.2653882884431732,0.2964240627602791
"frozenset({'food', 'place', 'back'})",frozenset({'good'}),0.0406,0.3481,0.0218,0.5369458128078818,1.5425044895371496,1.0,0.007667139999999999,1.4078265957446807,0.3665871062380348,0.059416734805124,0.289685247442678,0.299785747541545
"frozenset({'get', 'back'})",frozenset({'place'}),0.0677,0.3787,0.0339,0.5007385524372231,1.3222565419520018,1.0,0.008262010000000004,1.2444381656804735,0.26141489772020043,0.08218181818181819,0.19642451704043637,0.2951276601636868
"frozenset({'like', 'back'})",frozenset({'place'}),0.0646,0.3787,0.0339,0.5247678018575851,1.3857084812716798,1.0,0.00943598,1.307360912052117,0.29757055016609874,0.08280410356619443,0.2351002766096654,0.3071422848738678
"frozenset({'like', 'back'})",frozenset({'good'}),0.0646,0.3481,0.0329,0.5092879256965944,1.4630506340034313,1.0,0.010412739999999997,1.328477602523659,0.33835434737540554,0.08662453923117429,0.24725866804202243,0.30190049832660804
"frozenset({'go', 'great'})",frozenset({'place'}),0.0781,0.3787,0.0421,0.5390524967989756,1.4234288270371682,1.0,0.012523529999999998,1.347875833333333,0.32267167955057185,0.10151917048468773,0.2580918989199672,0.32511114409528924
"frozenset({'go', 'good', 'great'})",frozenset({'place'}),0.0344,0.3787,0.0209,0.6075581395348837,1.6043256919326214,1.0,0.00787272,1.5831644444444442,0.39010477160740975,0.053289138194798566,0.36835367702379485,0.3313734716686829
"frozenset({'go', 'food', 'great'})",frozenset({'place'}),0.0359,0.3787,0.0205,0.5710306406685237,1.5078707173713328,1.0,0.006904670000000002,1.448355194805195,0.3493550157988875,0.05201725450393302,0.309561629918757,0.3125815997110773
"frozenset({'go', 'get'})",frozenset({'place'}),0.0727,0.3787,0.0411,0.5653370013755158,1.4928360215883703,1.0,0.013568509999999999,1.4293832278481011,0.35601645989468417,0.10017060687301974,0.3003975557307514,0.33693309007249517
"frozenset({'go', 'place', 'get'})",frozenset({'time'}),0.0411,0.2747,0.0213,0.5182481751824818,1.8865969245812952,1.0,0.01000983,1.5055469696969699,0.49008767381638885,0.07232597623089983,0.33578957008476734,0.2978936543913865
"frozenset({'go', 'get', 'time'})",frozenset({'place'}),0.0355,0.3787,0.0213,0.6000000000000001,1.5843675732770006,1.0,0.007856150000000001,1.5532500000000002,0.3824088474166235,0.05421226775260881,0.35618863672943846,0.3281225244256668
"frozenset({'go', 'place', 'get'})",frozenset({'good'}),0.0411,0.3481,0.0208,0.5060827250608273,1.4538429332399518,1.0,0.006493089999999998,1.3198566502463054,0.3255478031719036,0.05646036916395222,0.24234196205066313,0.28291783480849464
"frozenset({'go', 'good', 'get'})",frozenset({'place'}),0.0327,0.3787,0.0208,0.636085626911315,1.6796557351764325,1.0,0.00841651,1.7072697478991596,0.4183189329537412,0.05325140809011777,0.41426947837005473,0.34550518472579217
"frozenset({'go', 'like'})",frozenset({'place'}),0.0679,0.3787,0.039,0.5743740795287187,1.516699444226878,1.0,0.01328627,1.4597325259515568,0.3654903870224115,0.09568204121687929,0.31494298974524176,0.3386789858958619
"frozenset({'go', 'like'})",frozenset({'good'}),0.0679,0.3481,0.0342,0.5036818851251841,1.446945949799437,1.0,0.010564009999999999,1.3134721068249255,0.33139060324702246,0.08957569408067051,0.23865912735877293,0.30096475755828295
"frozenset({'go', 'good', 'like'})",frozenset({'place'}),0.0342,0.3787,0.0212,0.6198830409356725,1.6368709821380314,1.0,0.00824846,1.6344969230769228,0.4028559762754116,0.0541230533571611,0.3881909559563375,0.3379320142623966
"frozenset({'go', 'place', 'like'})",frozenset({'good'}),0.039,0.3481,0.0212,0.5435897435897435,1.5615907600969363,1.0,0.0076241,1.428320224719101,0.37422201715979814,0.05793932768515988,0.29987688846409505,0.302245891616762
"frozenset({'go', 'good'})",frozenset({'place'}),0.0892,0.3787,0.0478,0.5358744394618834,1.415036808718995,1.0,0.014019960000000005,1.3386463768115942,0.3220296470250992,0.11378243275410618,0.25297672535310384,0.3310478613998089
"frozenset({'go', 'food'})",frozenset({'good'}),0.0885,0.3481,0.0448,0.5062146892655367,1.4542220317883845,1.0,0.01399315,1.3202093821510295,0.3426737226706371,0.11434405308831036,0.2425443921852074,0.3174566695394044
"frozenset({'go', 'good'})",frozenset({'food'}),0.0892,0.3643,0.0448,0.5022421524663677,1.378649883245588,1.0,0.01230444,1.277127027027027,0.3015510304912479,0.10961585515047712,0.21699253180174252,0.3126088610259371
"frozenset({'go', 'food'})",frozenset({'place'}),0.0885,0.3787,0.0471,0.5322033898305085,1.405342988725927,1.0,0.013585050000000008,1.328141304347826,0.31643437883240005,0.11211616281837661,0.24706806668358047,0.32828812216637654
"frozenset({'go', 'food', 'good'})",frozenset({'place'}),0.0448,0.3787,0.0258,0.5758928571428571,1.520709947564978,1.0,0.00883424,1.4649599999999998,0.3584719462947814,0.06487301986421926,0.31738750546089994,0.32201033139688406
"frozenset({'go', 'food', 'place'})",frozenset({'good'}),0.0471,0.3481,0.0258,0.5477707006369427,1.5736015531081373,1.0,0.009404489999999998,1.4415253521126759,0.3825323919394162,0.06984298863021116,0.3062903829374792,0.31094366689416797
"frozenset({'go', 'place', 'good'})",frozenset({'food'}),0.0478,0.3643,0.0258,0.5397489539748954,1.4816056930411623,1.0,0.008386459999999998,1.3812027272727272,0.3413742797177975,0.0667874708775563,0.2759933207092896,0.3052848530511315
"frozenset({'go', 'one'})",frozenset({'place'}),0.0679,0.3787,0.0374,0.5508100147275405,1.454475877284237,1.0,0.011686270000000002,1.383156393442623,0.3352291731568129,0.0913978494623656,0.2770159580356359,0.3247844633975701
"frozenset({'go', 'good', 'one'})",frozenset({'place'}),0.0332,0.3787,0.0207,0.6234939759036144,1.6464060625920636,1.0,0.00812716,1.6501727999999998,0.4060989088961242,0.05291411042944785,0.3940028583673177,0.3390773285908355
"frozenset({'go', 'place', 'one'})",frozenset({'good'}),0.0374,0.3481,0.0207,0.553475935828877,1.5899911974400371,1.0,0.007681059999999998,1.45994371257485,0.38548275554029887,0.056743421052631575,0.31504208594704247,0.3064708033065672
"frozenset({'go', 'service'})",frozenset({'food'}),0.0618,0.3643,0.0313,0.5064724919093851,1.390262124373827,1.0,0.00878626,1.2880740983606558,0.29920185686274375,0.0792806484295846,0.2236471478832549,0.29619534559784383
"frozenset({'go', 'time'})",frozenset({'place'}),0.0833,0.3787,0.0428,0.5138055222088835,1.3567613472640179,1.0,0.01125429,1.2778837037037036,0.28684487938756353,0.10209923664122138,0.2174561760967062,0.3134118712179881
"frozenset({'go', 'food', 'time'})",frozenset({'place'}),0.036,0.3787,0.0201,0.5583333333333333,1.4743420473549864,1.0,0.006466800000000002,1.4067169811320754,0.33374620672570765,0.05093765838824126,0.2891249530554215,0.3057048235190564
"frozenset({'good', 'go', 'time'})",frozenset({'place'}),0.0373,0.3787,0.0231,0.6193029490616622,1.6353391842135256,1.0,0.00897449,1.6320063380281689,0.403558803995077,0.05879358615423772,0.38725728160576567,0.34015055031641334
"frozenset({'go', 'place', 'time'})",frozenset({'good'}),0.0428,0.3481,0.0231,0.5397196261682243,1.550472927803,1.0,0.008201319999999998,1.4163106598984772,0.37091046577047404,0.06280587275693311,0.2939402150149169,0.3030399337390964
"frozenset({'go', 'best'})",frozenset({'place'}),0.0394,0.3787,0.0207,0.5253807106598986,1.3873269359912823,1.0,0.005779220000000002,1.3090491978609626,0.29064061209731046,0.052088575742325116,0.2360867707386103,0.2900206959689775
"frozenset({'best', 'service'})",frozenset({'food'}),0.045,0.3643,0.0234,0.52,1.4273950041174857,1.0,0.007006500000000002,1.3243749999999999,0.3135320177204995,0.060637470847369784,0.2449268522888155,0.2921163875926434
"frozenset({'get', 'best'})",frozenset({'place'}),0.0411,0.3787,0.0206,0.5012165450121655,1.3235187351786784,1.0,0.005035430000000002,1.2456307317073172,0.2549153712739214,0.05160320641282566,0.19719385966870356,0.2778065825140046
frozenset({'im'}),frozenset({'place'}),0.1211,0.3787,0.0614,0.5070189925681255,1.3388407514341842,1.0,0.015539430000000007,1.260291959798995,0.287956740417675,0.14005474452554748,0.206533063846975,0.33457630378340264
"frozenset({'great', 'im'})",frozenset({'place'}),0.0415,0.3787,0.0235,0.5662650602409638,1.4952866655425503,1.0,0.007783950000000001,1.4324416666666664,0.3455732028102421,0.05923871943534158,0.3018912928391499,0.31415972843048984
"frozenset({'go', 'im'})",frozenset({'place'}),0.0386,0.3787,0.0231,0.5984455958549222,1.5802629940716193,1.0,0.008482179999999999,1.5472374193548382,0.3819366958538999,0.05859969558599695,0.35368677910014845,0.32972187371304335
"frozenset({'go', 'im'})",frozenset({'good'}),0.0386,0.3481,0.0202,0.5233160621761658,1.5033497907962245,1.0,0.006763339999999998,1.3675728260869562,0.34826171404325773,0.05511596180081854,0.268777515226516,0.29067268205045005
"frozenset({'good', 'im'})",frozenset({'place'}),0.0539,0.3787,0.0294,0.5454545454545454,1.4403341575245456,1.0,0.008988069999999997,1.3668599999999997,0.32313356586689207,0.07291666666666666,0.2683961781016344,0.3115442782725592
"frozenset({'good', 'im'})",frozenset({'food'}),0.0539,0.3643,0.0271,0.5027829313543599,1.3801343160976116,1.0,0.007464229999999999,1.2785160447761192,0.2911244491368917,0.06929174124264893,0.21784321433751758,0.2885860854960106
"frozenset({'food', 'im'})",frozenset({'good'}),0.049,0.3481,0.0271,0.5530612244897959,1.5887998405337427,1.0,0.010043099999999996,1.4585890410958902,0.38968884956988353,0.07324324324324324,0.3144059280407975,0.31545620833797466
"frozenset({'food', 'im'})",frozenset({'place'}),0.049,0.3787,0.029,0.5918367346938775,1.562811551871871,1.0,0.0104437,1.522185,0.37868305594836654,0.07273639327815401,0.3430496293157534,0.33420725036779964
"frozenset({'im', 'one'})",frozenset({'place'}),0.0425,0.3787,0.0231,0.5435294117647058,1.4352506252038708,1.0,0.007005249999999998,1.361095360824742,0.3167180947859798,0.05802562170308968,0.2652976207383001,0.30226378166793516
"frozenset({'im', 'one'})",frozenset({'time'}),0.0425,0.2747,0.0213,0.5011764705882352,1.8244502023597933,1.0,0.009625249999999998,1.4540212264150942,0.47194743745326606,0.0719837783034809,0.31225213096406346,0.2893578020942632
"frozenset({'like', 'im'})",frozenset({'place'}),0.048,0.3787,0.0275,0.5729166666666666,1.5128509814276911,1.0,0.009322400000000002,1.454751219512195,0.35608861726508795,0.06888777555110222,0.3125972423413273,0.3227667568875979
"frozenset({'like', 'im'})",frozenset({'good'}),0.048,0.3481,0.0255,0.53125,1.5261419132433207,1.0,0.008791199999999996,1.3907199999999997,0.36213544241225887,0.06880733944954129,0.2809479981592269,0.3022524059178397
"frozenset({'time', 'im'})",frozenset({'place'}),0.0499,0.3787,0.0266,0.533066132264529,1.4076211572868473,1.0,0.0077028700000000005,1.3305952789699569,0.3047906314570766,0.06616915422885572,0.24845667514007574,0.30165321400657136
"frozenset({'get', 'im'})",frozenset({'place'}),0.0429,0.3787,0.0237,0.5524475524475524,1.4587999800569116,1.0,0.0074537699999999985,1.3882171874999998,0.32860209308446264,0.05956270419703443,0.27965162151545536,0.3075150357959969
"frozenset({'get', 'im'})",frozenset({'good'}),0.0429,0.3481,0.0231,0.5384615384615384,1.5468587717941351,1.0,0.008166509999999998,1.4124499999999998,0.3693747481230502,0.06278880130470237,0.2920103366490849,0.30241088988575343
"frozenset({'get', 'im'})",frozenset({'time'}),0.0429,0.2747,0.0218,0.5081585081585082,1.8498671574754575,1.0,0.01001537,1.474662085308057,0.4800132088620153,0.07369844489519946,0.3218785442692791,0.29375890460710263
"frozenset({'go', 'went'})",frozenset({'back'}),0.0359,0.2241,0.0203,0.565459610027855,2.52324680958436,1.0,0.012254809999999998,1.7855647435897433,0.6261645282386441,0.0846891948268669,0.43995309966214086,0.32802208524596677
"frozenset({'good', 'went'})",frozenset({'food'}),0.0441,0.3643,0.0221,0.5011337868480726,1.3756074302719534,1.0,0.006034370000000001,1.2742895454545455,0.2856453774344521,0.0572094227284494,0.21524899614294893,0.28089903726153287
frozenset({'customer'}),frozenset({'service'}),0.06,0.2799,0.0378,0.63,2.2508038585209005,1.0,0.021006,1.9462162162162162,0.5911854103343465,0.12512413108242304,0.48618247465629777,0.382524115755627
frozenset({'full'}),frozenset({'place'}),0.0459,0.3787,0.0231,0.5032679738562091,1.3289357640776582,1.0,0.005717669999999998,1.250775,0.2594258272908309,0.057534246575342465,0.2004956926705443,0.2821330627136868
frozenset({'busy'}),frozenset({'food'}),0.0408,0.3643,0.0204,0.5,1.372495196266813,1.0,0.005536559999999999,1.2713999999999999,0.2829441201000833,0.05302833376657135,0.2134654711341828,0.277998902003843
"frozenset({'get', 'great'})",frozenset({'place'}),0.0763,0.3787,0.0393,0.5150720838794233,1.360105845997949,1.0,0.010405190000000002,1.281221351351351,0.28663321893006366,0.09453933124849652,0.21949474308614728,0.3094240799645334
"frozenset({'get', 'time'})",frozenset({'place'}),0.0878,0.3787,0.045,0.5125284738041002,1.353389157127278,1.0,0.01175014,1.274535981308411,0.2862466807961217,0.10676156583629894,0.215400730410591,0.3156780208999376
"frozenset({'place', 'get', 'time'})",frozenset({'good'}),0.045,0.3481,0.0243,0.54,1.5512783682849756,1.0,0.008635499999999997,1.4171739130434782,0.37211557106845056,0.06588937093275488,0.294370302193588,0.30490376328641194
"frozenset({'good', 'get', 'time'})",frozenset({'place'}),0.0409,0.3787,0.0243,0.5941320293398533,1.5688725358855382,1.0,0.00881117,1.5307933734939758,0.3780623381058975,0.06147229951935239,0.3467439712535866,0.3291494580287859
"frozenset({'food', 'get', 'time'})",frozenset({'place'}),0.0374,0.3787,0.022,0.588235294117647,1.5533015424284315,1.0,0.007836619999999999,1.5088714285714282,0.37004986494909614,0.05582339507739153,0.3372530083979511,0.3231643859022352
"frozenset({'good', 'get', 'time'})",frozenset({'food'}),0.0409,0.3643,0.0218,0.5330073349633252,1.46310001362428,1.0,0.006900129999999999,1.3612633507853402,0.3300174379841958,0.056859676577986434,0.2653882884431732,0.2964240627602791
"frozenset({'food', 'get', 'time'})",frozenset({'good'}),0.0374,0.3481,0.0218,0.5828877005347594,1.6744834832943387,1.0,0.008781059999999999,1.5628884615384613,0.41845098424183735,0.05993951058564751,0.3601590742978361,0.3227566914049838
"frozenset({'good', 'get'})",frozenset({'place'}),0.0947,0.3787,0.0498,0.525871172122492,1.388622054720074,1.0,0.013937109999999996,1.310403340757238,0.3091369121687234,0.11756373937677053,0.23687618239577024,0.3286868403522415
"frozenset({'food', 'get'})",frozenset({'place'}),0.088,0.3787,0.0482,0.5477272727272727,1.4463355498475647,1.0,0.014874400000000003,1.3737286432160802,0.33837446312877634,0.11517323775388293,0.2720541972111263,0.3375024005569292
"frozenset({'food', 'get'})",frozenset({'good'}),0.088,0.3481,0.0471,0.5352272727272728,1.5375675746258912,1.0,0.0164672,1.4026210268948656,0.3833575446046113,0.12107969151670951,0.2870490454475729,0.3352666096471756
"frozenset({'food', 'place', 'get'})",frozenset({'good'}),0.0482,0.3481,0.0275,0.5705394190871369,1.6390101094143548,1.0,0.010721579999999998,1.5179507246376809,0.4096192859462453,0.07456616052060737,0.3412170871101962,0.32476985318045437
"frozenset({'good', 'place', 'get'})",frozenset({'food'}),0.0498,0.3643,0.0275,0.5522088353413654,1.5158079476842312,1.0,0.009357859999999999,1.4196349775784751,0.3581202043588909,0.07113295395757889,0.2955935745498906,0.3138480355680201
"frozenset({'good', 'food', 'get'})",frozenset({'place'}),0.0471,0.3787,0.0275,0.583864118895966,1.5417589619645262,1.0,0.009663229999999998,1.4930219387755101,0.36875871740810345,0.06904343459703742,0.33021747770153875,0.3282404830022476
"frozenset({'great', 'price'})",frozenset({'place'}),0.0473,0.3787,0.0244,0.5158562367864694,1.3621764900619737,1.0,0.006487490000000002,1.2832965065502184,0.2790812823605732,0.060756972111553786,0.22075685946639215,0.29014359238320037
"frozenset({'get', 'price'})",frozenset({'place'}),0.0359,0.3787,0.0203,0.565459610027855,1.4931597835433195,1.0,0.006704669999999999,1.429786538461538,0.34257785535196306,0.051483641897032716,0.3005948978397796,0.3095320231285301
"frozenset({'good', 'price'})",frozenset({'place'}),0.0503,0.3787,0.0252,0.5009940357852883,1.3229311745056467,1.0,0.006151390000000003,1.245075298804781,0.2570314602272064,0.06240713224368499,0.1968357247469634,0.2837687369314612
"frozenset({'food', 'price'})",frozenset({'good'}),0.0495,0.3481,0.0248,0.501010101010101,1.4392706147948893,1.0,0.007569049999999997,1.3064392712550605,0.3210979789923808,0.06652360515021459,0.23456067036370765,0.286126998221224
"frozenset({'food', 'price'})",frozenset({'place'}),0.0495,0.3787,0.0262,0.5292929292929293,1.3976575898941888,1.0,0.007454350000000002,1.3199291845493561,0.2993342194345283,0.06517412935323384,0.2423835977674703,0.29923848999634584
"frozenset({'time', 'price'})",frozenset({'place'}),0.0395,0.3787,0.0202,0.5113924050632911,1.3503892396706922,1.0,0.0052413500000000005,1.2715725388601034,0.27014343808144486,0.05075376884422111,0.2135721954986176,0.28236639001514174
frozenset({'first'}),frozenset({'time'}),0.1138,0.2747,0.0699,0.6142355008787347,2.2360229373088267,1.0,0.03863914,1.880162642369021,0.6237614491992785,0.2193973634651601,0.46813111936955004,0.4343474555722396
"frozenset({'first', 'one'})",frozenset({'place'}),0.0424,0.3787,0.0237,0.5589622641509434,1.476002810010413,1.0,0.00764312,1.4087229946524065,0.33677372051789106,0.05963764469048818,0.2901372350731425,0.31077239164769244
"frozenset({'first', 'one'})",frozenset({'time'}),0.0424,0.2747,0.0258,0.6084905660377359,2.2151094504468,1.0,0.01415272,1.852573493975904,0.5728436077273287,0.08856848609680741,0.4602103488732054,0.3512056033683401
"frozenset({'great', 'first'})",frozenset({'time'}),0.0419,0.2747,0.0261,0.6229116945107399,2.2676071878803783,1.0,0.014590070000000002,1.9234221518987347,0.5834532025988537,0.08984509466437178,0.48009333311835084,0.35896221784146387
"frozenset({'get', 'first'})",frozenset({'time'}),0.0364,0.2747,0.0244,0.6703296703296704,2.4402245006540606,1.0,0.014400920000000001,2.2000766666666673,0.6124965123954569,0.0851063829787234,0.5454703851229428,0.37957692107673907
"frozenset({'get', 'first'})",frozenset({'place'}),0.0364,0.3787,0.0202,0.5549450549450549,1.4653949166756137,1.0,0.006415319999999999,1.3960074074074071,0.32958706829587064,0.05115219042795645,0.2836714227346771,0.30414271495602363
"frozenset({'first', 'like'})",frozenset({'time'}),0.0373,0.2747,0.0243,0.6514745308310992,2.371585478089185,1.0,0.014053689999999999,2.081053076923077,0.600749093449023,0.08446298227320125,0.5194740532622352,0.3699673345819129
"frozenset({'first', 'like'})",frozenset({'place'}),0.0373,0.3787,0.0206,0.5522788203753352,1.4583544240172568,1.0,0.006474490000000001,1.387694011976048,0.32647307683386434,0.052099140111279724,0.2793800424518513,0.3033377201955894
"frozenset({'would', 'first'})",frozenset({'time'}),0.0343,0.2747,0.0215,0.6268221574344023,2.2818425825788218,1.0,0.01207779,1.94357734375,0.5817103390479493,0.07478260869565218,0.4854848441119568,0.35254467900842795
"frozenset({'place', 'first'})",frozenset({'time'}),0.0516,0.2747,0.0328,0.6356589147286822,2.3140113386555594,1.0,0.018625480000000003,1.990717021276596,0.5987452551665964,0.11175468483816015,0.49766843337747435,0.37753094990165453
"frozenset({'food', 'first'})",frozenset({'time'}),0.0451,0.2747,0.0285,0.6319290465631929,2.3004333693600034,1.0,0.01611103,1.9705439759036147,0.5919984273176395,0.09783728115345007,0.4925259155703749,0.36783929576066454
"frozenset({'food', 'first'})",frozenset({'place'}),0.0451,0.3787,0.0234,0.5188470066518847,1.3700739547184702,1.0,0.006320630000000001,1.2912732718894007,0.2828698221409501,0.05844155844155845,0.2255705885270959,0.2903186710048438
"frozenset({'first', 'back'})",frozenset({'time'}),0.0424,0.2747,0.0276,0.6509433962264151,2.3696519702454135,1.0,0.01595272,2.0778864864864866,0.6035892872277312,0.09533678756476685,0.5187417568267131,0.37570831988241027
"frozenset({'first', 'service'})",frozenset({'time'}),0.0359,0.2747,0.023,0.6406685236768802,2.3322479929992,1.0,0.013138269999999999,2.018470542635659,0.5924998759825564,0.07997218358831712,0.5045753807760653,0.36219811331277574
"frozenset({'good', 'first'})",frozenset({'time'}),0.0452,0.2747,0.0293,0.6482300884955753,2.359774621389062,1.0,0.01688356,2.061859119496856,0.6035093388390756,0.10082587749483826,0.5150008113822905,0.3774459506911804
"frozenset({'good', 'first'})",frozenset({'place'}),0.0452,0.3787,0.023,0.5088495575221239,1.343674564357338,1.0,0.005882760000000001,1.2649891891891891,0.26788036647784197,0.05737091544025942,0.2094794101434475,0.2847918239155378
"frozenset({'go', 'first'})",frozenset({'time'}),0.0329,0.2747,0.0225,0.6838905775075987,2.489590744476151,1.0,0.01346237,2.2944586538461538,0.6186821999333633,0.07891967730620836,0.5641673480044102,0.38289905650043204
"frozenset({'didnt', 'get'})",frozenset({'good'}),0.0415,0.3481,0.0215,0.5180722891566264,1.4882858062528768,1.0,0.007053849999999997,1.3526924999999996,0.34229112833763986,0.058408041293126864,0.260733684854466,0.2899180750580604
"frozenset({'didnt', 'get'})",frozenset({'time'}),0.0415,0.2747,0.0212,0.5108433734939759,1.859640966486989,1.0,0.00979995,1.4827561576354682,0.4822762571234535,0.07186440677966102,0.32558027505029075,0.29400923680159297
"frozenset({'didnt', 'one'})",frozenset({'place'}),0.0403,0.3787,0.0203,0.5037220843672456,1.3301348940249422,1.0,0.0050383899999999985,1.2519194999999999,0.25861889311674263,0.050915475294707795,0.20122659643850904,0.2786632602982254
"frozenset({'didnt', 'one'})",frozenset({'good'}),0.0403,0.3481,0.0203,0.5037220843672456,1.4470614316783843,1.0,0.006271569999999997,1.3135784999999998,0.32191761485398496,0.055148057593045356,0.2387207920957902,0.28101933003194224
"frozenset({'didnt', 'one'})",frozenset({'time'}),0.0403,0.2747,0.0202,0.5012406947890818,1.8246839999602542,1.0,0.009129589999999998,1.4542084577114427,0.47093873188506713,0.06852103120759837,0.3123406794279358,0.28738772999374007
"frozenset({'good', 'didnt'})",frozenset({'place'}),0.0493,0.3787,0.0258,0.5233265720081136,1.3819027515397773,1.0,0.007130090000000002,1.303408085106383,0.29069115127735345,0.06414719045251119,0.23278057622422926,0.2957271888295123
"frozenset({'didnt', 'place'})",frozenset({'good'}),0.0484,0.3481,0.0258,0.5330578512396694,1.5313353956899436,1.0,0.008951959999999998,1.3961044247787608,0.3646229443027002,0.06959805772862152,0.2837212014721114,0.30358724219553135
"frozenset({'didnt', 'like'})",frozenset({'place'}),0.0419,0.3787,0.0213,0.5083532219570406,1.3423639343993679,1.0,0.005432470000000002,1.26371213592233,0.26619929016397387,0.05334335086401202,0.2086805439514576,0.28229913540418705
"frozenset({'didnt', 'like'})",frozenset({'good'}),0.0419,0.3481,0.0224,0.5346062052505967,1.535783410659571,1.0,0.00781461,1.4007492307692306,0.36412328343298495,0.06093579978237214,0.2860963418478243,0.29947776507861634
"frozenset({'good', 'didnt'})",frozenset({'food'}),0.0493,0.3643,0.0249,0.5050709939148073,1.3864150258435555,1.0,0.00694001,1.284426639344262,0.29316846643965155,0.06405968613326472,0.2214424947535115,0.2867106273444473
"frozenset({'food', 'didnt'})",frozenset({'good'}),0.046,0.3481,0.0249,0.5413043478260869,1.5550254174837315,1.0,0.008887399999999997,1.4212037914691942,0.37413385196972365,0.06744312026002167,0.2963711425465362,0.3064177585151693
"frozenset({'didnt', 'back'})",frozenset({'good'}),0.0414,0.3481,0.0211,0.5096618357487923,1.4641247795139105,1.0,0.006688660000000001,1.3294906403940887,0.33068861283684836,0.05727470141150923,0.24783223768797716,0.2851383008103341
frozenset({'know'}),frozenset({'place'}),0.09,0.3787,0.045,0.5,1.3203063110641668,1.0,0.010917000000000003,1.2426,0.2665934065934067,0.10620722209110219,0.19523579591179788,0.3094137839978875
"frozenset({'like', 'know'})",frozenset({'place'}),0.0366,0.3787,0.0214,0.5846994535519126,1.5439647572007198,1.0,0.007539579999999999,1.496025,0.3657014972284684,0.054328509774054325,0.331561972560619,0.32060428183272943
"frozenset({'good', 'know'})",frozenset({'food'}),0.041,0.3643,0.0206,0.5024390243902439,1.3791902947851877,1.0,0.005663699999999999,1.2776323529411764,0.2866912337892424,0.05354821939173382,0.21730222493352824,0.2794929132382183
"frozenset({'food', 'know'})",frozenset({'good'}),0.0344,0.3481,0.0206,0.5988372093023255,1.720302238731185,1.0,0.00862536,1.6250260869565214,0.4336234425398766,0.056921801602652665,0.3846252635409197,0.32900780315733913
"frozenset({'dont', 'know'})",frozenset({'place'}),0.0355,0.3787,0.0203,0.571830985915493,1.5099841191325403,1.0,0.00685615,1.4510625,0.35017250317298587,0.051535922823051535,0.310849808330103,0.3127177110723491
"frozenset({'good', 'know'})",frozenset({'place'}),0.041,0.3787,0.0235,0.573170731707317,1.5135218687808742,1.0,0.007973300000000001,1.4556171428571427,0.3537949548510195,0.059313478041393246,0.3130061672417786,0.31761256416366646
"frozenset({'place', 'know'})",frozenset({'good'}),0.045,0.3481,0.0235,0.5222222222222223,1.5002074755019312,1.0,0.007835499999999999,1.3644418604651163,0.34913668263339637,0.06358225108225109,0.2670995892348861,0.2948657793099046
"frozenset({'time', 'know'})",frozenset({'place'}),0.039,0.3787,0.0206,0.5282051282051282,1.3947851286113764,1.0,0.005830700000000001,1.3168858695652172,0.2945303739025894,0.05187610173759759,0.2406327510142093,0.29130087411048594
frozenset({'highly'}),frozenset({'recommend'}),0.046,0.0907,0.0344,0.7478260869565218,8.245050572839268,1.0,0.0302278,3.605844827586207,0.9210850275461948,0.33626588465298146,0.7226724809815481,0.5635492066535641
frozenset({'orleans'}),frozenset({'new'}),0.0207,0.0959,0.0207,1.0,10.427528675703858,1.0,0.01871487,inf,0.9232104564484837,0.21584984358706985,1.0,0.607924921793535
"frozenset({'food', 'definitely'})",frozenset({'place'}),0.047,0.3787,0.0241,0.5127659574468085,1.3540162594317628,1.0,0.0063011000000000005,1.2751572052401747,0.27435092501077624,0.06000996015936256,0.21578296708000733,0.2882023608200507
frozenset({'pretty'}),frozenset({'good'}),0.0925,0.3481,0.055,0.5945945945945946,1.708114319432906,1.0,0.02280075,1.60802,0.45681442524417737,0.14263485477178423,0.3781171875971693,0.3762975845710692
frozenset({'pretty'}),frozenset({'place'}),0.0925,0.3787,0.0467,0.5048648648648648,1.3331525346312776,1.0,0.01167025,1.2548089519650654,0.27537001315471243,0.11001177856301532,0.20306593411373708,0.314090737159129
"frozenset({'pretty', 'like'})",frozenset({'good'}),0.0343,0.3481,0.0228,0.664723032069971,1.9095749269461963,1.0,0.01086017,1.9443626086956527,0.49324142654451186,0.06340378197997774,0.4856926400827903,0.36511072603211275
"frozenset({'pretty', 'like'})",frozenset({'place'}),0.0343,0.3787,0.0216,0.6297376093294461,1.6628930798242572,1.0,0.008610590000000003,1.6779992125984253,0.4127973759199814,0.055186509964230974,0.40405216373643354,0.34338742098370906
"frozenset({'pretty', 'get'})",frozenset({'good'}),0.0335,0.3481,0.0206,0.6149253731343284,1.7665193138015753,1.0,0.00893865,1.6929186046511626,0.4489550424663107,0.05706371191135733,0.4093041465475202,0.33705188507334055
"frozenset({'pretty', 'food'})",frozenset({'good'}),0.0421,0.3481,0.0281,0.667458432304038,1.9174330143752887,1.0,0.01344499,1.9603564285714283,0.499498272280816,0.07760287213476941,0.4898886827796258,0.3740911811046188
"frozenset({'pretty', 'good'})",frozenset({'food'}),0.055,0.3643,0.0281,0.5109090909090909,1.4024405460035434,1.0,0.008063499999999998,1.2997583643122674,0.3036585136229264,0.07183026584867076,0.2306262244912551,0.2940216604696429
"frozenset({'pretty', 'food'})",frozenset({'place'}),0.0421,0.3787,0.023,0.5463182897862233,1.4426149717090662,1.0,0.007056730000000001,1.3694623036649216,0.32029893290122874,0.05781799899446959,0.2697863991408713,0.3035261900475875
"frozenset({'pretty', 'good'})",frozenset({'place'}),0.055,0.3787,0.0287,0.5218181818181818,1.3779196773651488,1.0,0.0078715,1.299296577946768,0.29023099754807075,0.0708641975308642,0.23035277936291948,0.2988018820366325
"frozenset({'pretty', 'place'})",frozenset({'good'}),0.0467,0.3481,0.0287,0.6145610278372591,1.7654726453239271,1.0,0.01244373,1.691318333333333,0.4548195138033261,0.07839388145315487,0.4087452490217197,0.34850430018694323
frozenset({'looking'}),frozenset({'place'}),0.0614,0.3787,0.0307,0.5,1.3203063110641668,1.0,0.007447820000000001,1.2426,0.25847006179416154,0.07498778700537373,0.19523579591179788,0.2905334037496699
frozenset({'thats'}),frozenset({'place'}),0.0423,0.3787,0.0229,0.541371158392435,1.4295515141073014,1.0,0.0068809900000000035,1.354690206185567,0.3137516055797803,0.05752323536799799,0.26182385062358765,0.3009205937195869
"frozenset({'good', 'service'})",frozenset({'food'}),0.1134,0.3643,0.0639,0.5634920634920635,1.5467803005546623,1.0,0.022588379999999998,1.456330909090909,0.39870942324372577,0.15442242629289513,0.31334287162508023,0.3694484747874811
"frozenset({'good', 'great', 'service'})",frozenset({'food'}),0.0465,0.3643,0.0274,0.589247311827957,1.6174782097940075,1.0,0.010460050000000002,1.5476465968586386,0.4003708963136199,0.0714658320292123,0.35385765585646844,0.3322300242916892
"frozenset({'great', 'service'})",frozenset({'food'}),0.118,0.3643,0.0611,0.5177966101694915,1.4213467202017336,1.0,0.0181126,1.3183233743409488,0.33610192576757925,0.14506172839506173,0.24146076792432206,0.34275776157664806
"frozenset({'place', 'service'})",frozenset({'food'}),0.1046,0.3643,0.058,0.5544933078393882,1.522078802743311,1.0,0.019894220000000004,1.4269145922746782,0.38307325564378863,0.14115356534436604,0.29918720754976913,0.35685137530316924
"frozenset({'place', 'great', 'service'})",frozenset({'food'}),0.0462,0.3643,0.0268,0.5800865800865801,1.5923320891753503,1.0,0.00996934,1.513883505154639,0.3900087004691368,0.06984623403700807,0.33944719220792846,0.32682616130324066
"frozenset({'good', 'place', 'service'})",frozenset({'food'}),0.0481,0.3643,0.0294,0.6112266112266113,1.6778111754779337,1.0,0.01187717,1.6351427807486631,0.4243989643341316,0.07676240208877284,0.38843261165111104,0.34596466438354995
"frozenset({'food', 'place', 'service'})",frozenset({'good'}),0.058,0.3481,0.0294,0.5068965517241378,1.4561808437924098,1.0,0.009210199999999998,1.3220349650349645,0.33256062509929657,0.07804619060260153,0.2435903539256601,0.2956775203320488
frozenset({'waitress'}),frozenset({'food'}),0.0367,0.3643,0.0217,0.5912806539509536,1.6230597143863674,1.0,0.00833019,1.5553459999999997,0.39850485155434867,0.05721065119957817,0.3570562434339368,0.32542347273446665
frozenset({'plate'}),frozenset({'food'}),0.0355,0.3643,0.0216,0.6084507042253522,1.6701913374289108,1.0,0.008667350000000002,1.6235503597122303,0.4160354626269609,0.05711263881544157,0.38406591824028974,0.33387124835203924
"frozenset({'back', 'came'})",frozenset({'time'}),0.045,0.2747,0.0229,0.508888888888889,1.8525259879464469,1.0,0.010538500000000001,1.4768552036199099,0.48188115869132814,0.07715633423180593,0.3228855492746297,0.2961262791732395
"frozenset({'one', 'came'})",frozenset({'time'}),0.0409,0.2747,0.0229,0.5599022004889975,2.0382315270804425,1.0,0.011664770000000001,1.6480427777777777,0.5311006178918647,0.07823710283566791,0.39321963392940507,0.3216329349732938
"frozenset({'one', 'came'})",frozenset({'place'}),0.0409,0.3787,0.0206,0.5036674816625917,1.3299907094338308,1.0,0.005111170000000002,1.2517817733990146,0.2586957027877066,0.05162907268170427,0.20113871183420523,0.27903205083921767
"frozenset({'one', 'came'})",frozenset({'food'}),0.0409,0.3643,0.0206,0.5036674816625917,1.3825623981954205,1.0,0.005700129999999999,1.280794581280788,0.2885052025918311,0.05356214248569943,0.21923467305740393,0.2801071418743922
"frozenset({'food', 'came'})",frozenset({'place'}),0.0516,0.3787,0.026,0.5038759689922481,1.3305412437080752,1.0,0.006459079999999999,1.2523078125,0.2619423806897446,0.06430868167202573,0.201474278114032,0.2862659485837924
"frozenset({'place', 'came'})",frozenset({'food'}),0.0472,0.3643,0.026,0.5508474576271186,1.5120709789380142,1.0,0.00880504,1.4153320754716978,0.35543176387005104,0.06744487678339818,0.2934520333917235,0.3111086039164964
"frozenset({'service', 'came'})",frozenset({'food'}),0.041,0.3643,0.0235,0.573170731707317,1.5733481518180539,1.0,0.008563699999999999,1.4893542857142854,0.37999245668138354,0.061550550026191725,0.3285680851145462,0.3188390029659286
"frozenset({'service', 'came'})",frozenset({'time'}),0.041,0.2747,0.0206,0.5024390243902439,1.8290463210420236,1.0,0.0093373,1.4577107843137256,0.4726454539012118,0.06980684513724163,0.3139928641806754,0.2887149617764834
"frozenset({'u', 'came'})",frozenset({'food'}),0.0348,0.3643,0.0204,0.5862068965517242,1.609132299071436,1.0,0.007722360000000003,1.536275,0.3921954608615101,0.053868497491418005,0.3490748726627721,0.3211023502797051
"frozenset({'good', 'came'})",frozenset({'food'}),0.0471,0.3643,0.0279,0.5923566878980892,1.6260134172332943,1.0,0.01074147,1.5594515624999998,0.4040286753396818,0.0727509778357236,0.35874891914124457,0.3344709599248887
"frozenset({'food', 'came'})",frozenset({'good'}),0.0516,0.3481,0.0279,0.5406976744186047,1.5532826039029148,1.0,0.009938039999999999,1.419326582278481,0.3755821916255107,0.0750403442711135,0.2954405191265604,0.31042352838999754
"frozenset({'food', 'made'})",frozenset({'place'}),0.042,0.3787,0.0216,0.5142857142857142,1.358029348523143,1.0,0.005694600000000001,1.2791470588235292,0.2751971700301555,0.05412177399148084,0.21822905888574642,0.2856614734618431
"frozenset({'good', 'made'})",frozenset({'food'}),0.043,0.3643,0.0216,0.5023255813953489,1.3788788948541006,1.0,0.005935100000000002,1.2773411214953272,0.2871192770618059,0.05600207415089448,0.21712377126844248,0.2808086869370376
"frozenset({'food', 'made'})",frozenset({'good'}),0.042,0.3481,0.0216,0.5142857142857142,1.4774079697952147,1.0,0.0069797999999999995,1.3421470588235291,0.33730572952911153,0.05861601085481683,0.25492516380689406,0.2881684245085566
"frozenset({'good', 'made'})",frozenset({'place'}),0.043,0.3787,0.0221,0.5139534883720931,1.357152068582237,1.0,0.005815900000000002,1.2782727272727274,0.2749873520664597,0.055305305305305315,0.21769433183984085,0.28615551366056463
"frozenset({'could', 'time'})",frozenset({'place'}),0.0424,0.3787,0.0214,0.5047169811320754,1.3327620309798665,1.0,0.00534312,1.2544342857142854,0.2607336097252477,0.05354015511633725,0.20282791104470535,0.28061304562281086
"frozenset({'could', 'one'})",frozenset({'time'}),0.0409,0.2747,0.0207,0.5061124694376529,1.8424188912910553,1.0,0.00946477,1.46855297029703,0.4767336729230353,0.07019328585961343,0.3190575891874436,0.2907337010457285
"frozenset({'could', 'one'})",frozenset({'place'}),0.0409,0.3787,0.0209,0.511002444987775,1.3493595061731583,1.0,0.00541117,1.2705585,0.2699485512484541,0.05242036619011788,0.21294454367901988,0.2830956243951286
"frozenset({'food', 'could'})",frozenset({'place'}),0.0424,0.3787,0.024,0.5660377358490566,1.4946863898839626,1.0,0.007943120000000001,1.4316913043478259,0.34561751601225293,0.060438176781667095,0.3015254077725038,0.3147062193900683
"frozenset({'could', 'place'})",frozenset({'food'}),0.0468,0.3643,0.024,0.5128205128205128,1.4076873807864747,1.0,0.00695076,1.3048578947368419,0.30383445237096096,0.061999483337638855,0.23363302315638315,0.28935014112065993
"frozenset({'good', 'could'})",frozenset({'place'}),0.0423,0.3787,0.0236,0.557919621749409,1.4732495953245552,1.0,0.007580990000000003,1.4054005347593583,0.33541650812416063,0.05938600905888274,0.2884590725083036,0.31011903981581884
"frozenset({'place', 'could'})",frozenset({'good'}),0.0468,0.3481,0.0236,0.5042735042735043,1.4486455164421266,1.0,0.0073089199999999965,1.3150396551724135,0.32490558120016766,0.06356046323727443,0.23956665788235046,0.2860350572214979
"frozenset({'good', 'could'})",frozenset({'food'}),0.0423,0.3643,0.0228,0.5390070921985816,1.4795692895925927,1.0,0.007390110000000002,1.3789799999999999,0.33844380450970807,0.0594059405940594,0.2748263209038565,0.3007964365741741
"frozenset({'food', 'could'})",frozenset({'good'}),0.0424,0.3481,0.0228,0.5377358490566038,1.544774056468267,1.0,0.00804056,1.4102326530612244,0.36827082325697286,0.06200707098177862,0.290897145354508,0.30161713452542915
"frozenset({'could', 'like'})",frozenset({'place'}),0.0368,0.3787,0.0207,0.5625,1.485344599947188,1.0,0.00676384,1.4201142857142857,0.33923957179771136,0.05243161094224924,0.29583132142282315,0.3085803406390283
frozenset({'thing'}),frozenset({'place'}),0.0954,0.3787,0.0493,0.5167714884696016,1.364593315208877,1.0,0.01317202,1.2857271149674618,0.295358095360248,0.11605461393596987,0.22222998305102473,0.3234768453702642
"frozenset({'thing', 'one'})",frozenset({'place'}),0.0401,0.3787,0.0221,0.5511221945137158,1.4553002231679848,1.0,0.0069141300000000044,1.3841183333333336,0.3259262017772404,0.05570960423493825,0.2775184202699434,0.304739866731376
"frozenset({'thing', 'time'})",frozenset({'place'}),0.0393,0.3787,0.0231,0.5877862595419847,1.5521158160601656,1.0,0.00821709,1.5072277777777776,0.37026978434285607,0.0584958217270195,0.3365302744921692,0.3243922055565746
"frozenset({'thing', 'time'})",frozenset({'good'}),0.0393,0.3481,0.0217,0.5521628498727735,1.586219045885589,1.0,0.00801967,1.455663068181818,0.3846882961204843,0.059338255400601586,0.3130278414983487,0.3072506291880386
"frozenset({'get', 'thing'})",frozenset({'place'}),0.0359,0.3787,0.0208,0.5793871866295264,1.529937118113352,1.0,0.00720467,1.4771304635761586,0.3592763877031588,0.05281868969019807,0.3230117280372226,0.31715596458489786
"frozenset({'get', 'thing'})",frozenset({'good'}),0.0359,0.3481,0.0207,0.5766016713091922,1.6564253700350247,1.0,0.008203209999999999,1.5396848684210522,0.41104692268877835,0.056977704376548303,0.35051644624818556,0.31803367104672475
"frozenset({'good', 'thing'})",frozenset({'place'}),0.0459,0.3787,0.0267,0.5816993464052288,1.5360426364014492,1.0,0.00931767,1.4852953125000001,0.36576501886005874,0.06710228700678564,0.3267332148804584,0.32610185170802763
"frozenset({'place', 'thing'})",frozenset({'good'}),0.0493,0.3481,0.0267,0.54158215010142,1.5558234705585174,1.0,0.009538670000000003,1.4220650442477878,0.37577948674916856,0.07202589695171298,0.296797285015217,0.30914212359997745
"frozenset({'food', 'thing'})",frozenset({'place'}),0.0401,0.3787,0.0241,0.6009975062344141,1.5870016008302459,1.0,0.008914130000000003,1.5571331250000002,0.3853327563944897,0.061059032176336465,0.35779415135106085,0.33231813521385345
"frozenset({'good', 'thing'})",frozenset({'food'}),0.0459,0.3643,0.0231,0.5032679738562091,1.3814657531051582,1.0,0.006378629999999996,1.2797644736842104,0.28941533259738883,0.059674502712477394,0.21860621968886132,0.28333862596186793
"frozenset({'food', 'thing'})",frozenset({'good'}),0.0401,0.3481,0.0231,0.5760598503740648,1.6548688605977155,1.0,0.009141189999999999,1.5377170588235292,0.412253891887187,0.06327033689400165,0.34968530506836143,0.3212100458420166
"frozenset({'like', 'thing'})",frozenset({'place'}),0.0375,0.3787,0.022,0.5866666666666667,1.549159404981956,1.0,0.00779875,1.5031451612903226,0.3682998819362456,0.055809233891425676,0.33472825795375294,0.322380072176745
"frozenset({'like', 'thing'})",frozenset({'good'}),0.0375,0.3481,0.0212,0.5653333333333334,1.624054390500814,1.0,0.008146249999999999,1.4997699386503067,0.39922813036020577,0.05817782656421515,0.33323106815973824,0.3131176864885569
frozenset({'probably'}),frozenset({'good'}),0.0453,0.3481,0.0232,0.5121412803532008,1.4712475735512807,1.0,0.007431069999999998,1.336247511312217,0.33550302857369885,0.06266882766072393,0.25163565018131745,0.28939439771753694
frozenset({'getting'}),frozenset({'time'}),0.0432,0.2747,0.022,0.5092592592592592,1.853874260135636,1.0,0.010132959999999998,1.4779698113207547,0.4813849194283976,0.07434944237918216,0.32339619365677535,0.2946733136485593
frozenset({'local'}),frozenset({'place'}),0.0403,0.3787,0.021,0.5210918114143921,1.3760016145085612,1.0,0.005738390000000001,1.2973259067357512,0.2847313396547533,0.05276381909547739,0.2291836655631613,0.28827233823954357
"frozenset({'great', 'love'})",frozenset({'place'}),0.0538,0.3787,0.0293,0.5446096654275093,1.43810315666097,1.0,0.00892594,1.3643240816326532,0.32196109748857116,0.0726686507936508,0.26703631969661895,0.31098980762793477
"frozenset({'like', 'love'})",frozenset({'place'}),0.0385,0.3787,0.0212,0.5506493506493506,1.4540516256914462,1.0,0.006620050000000001,1.3826618497109824,0.3247701606177455,0.05353535353535354,0.2767573646376157,0.3033151691192356
"frozenset({'go', 'love'})",frozenset({'place'}),0.0393,0.3787,0.0226,0.5750636132315521,1.5185202356259628,1.0,0.007717089999999999,1.46210119760479,0.35543266294580556,0.05715730905412241,0.3160528138283472,0.3173707292458262
"frozenset({'food', 'love'})",frozenset({'place'}),0.0537,0.3787,0.028,0.521415270018622,1.3768557433816266,1.0,0.0076638100000000035,1.2982027237354086,0.28923967029483266,0.0692383778437191,0.2297042813755384,0.2976762117191077
"frozenset({'good', 'love'})",frozenset({'place'}),0.0489,0.3787,0.026,0.5316973415132924,1.4040067111520793,1.0,0.00748157,1.3267061135371176,0.3025472529783328,0.0647410358565737,0.24625356754111127,0.30017663484431456
"frozenset({'good', 'love'})",frozenset({'food'}),0.0489,0.3643,0.0258,0.5276073619631902,1.4482771396189684,1.0,0.00798573,1.3457025974025973,0.32543835412117667,0.06659783169850284,0.25689375800407466,0.2992140570452789
frozenset({'dinner'}),frozenset({'food'}),0.0617,0.3643,0.0323,0.5235008103727715,1.4370046949568254,1.0,0.009822690000000002,1.3341051020408163,0.32410534960631326,0.08204216408432817,0.25043386876320833,0.3060820000258038
frozenset({'taste'}),frozenset({'food'}),0.0598,0.3643,0.0305,0.5100334448160535,1.4000369058908961,1.0,0.008714859999999998,1.297435494880546,0.3039067376665585,0.07748983739837396,0.22924877271677443,0.29687782589416456
frozenset({'taste'}),frozenset({'good'}),0.0598,0.3481,0.0303,0.5066889632107023,1.4555844964398228,1.0,0.009483619999999998,1.3214786440677964,0.3328980632587827,0.0802436440677966,0.24327191779521756,0.2968664580489019
"frozenset({'great', 'little'})",frozenset({'place'}),0.0454,0.3787,0.0242,0.5330396475770924,1.407551221486909,1.0,0.007007019999999999,1.3305198113207544,0.3033168667418139,0.06051512878219555,0.24841404728326485,0.29847123651629903
"frozenset({'little', 'like'})",frozenset({'good'}),0.0415,0.3481,0.0238,0.5734939759036145,1.6474977762241152,1.0,0.00935385,1.5284661016949153,0.41003537565260845,0.06506287588846364,0.34574931109620266,0.32093256680845766
"frozenset({'little', 'like'})",frozenset({'place'}),0.0415,0.3787,0.0237,0.5710843373493976,1.5080125095046146,1.0,0.00798395,1.4485365168539324,0.35146116580715736,0.05977301387137453,0.3096480562520483,0.3168334282469195
"frozenset({'good', 'little'})",frozenset({'place'}),0.0558,0.3787,0.031,0.5555555555555556,1.4670070122935188,1.0,0.009868539999999999,1.397925,0.3371531455200169,0.0768277571251549,0.28465404081048706,0.318707273420767
"frozenset({'place', 'little'})",frozenset({'good'}),0.0563,0.3481,0.031,0.5506216696269982,1.581791639261701,1.0,0.011401969999999997,1.450670750988142,0.38974831394613507,0.0830208891269416,0.3106637055177147,0.319838269458716
"frozenset({'good', 'little'})",frozenset({'food'}),0.0558,0.3643,0.0291,0.521505376344086,1.431527247719149,1.0,0.008772059999999998,1.3285415730337076,0.3192600728921226,0.07442455242966751,0.24729491323593836,0.3006922983834073
"frozenset({'food', 'little'})",frozenset({'good'}),0.0506,0.3481,0.0291,0.575098814229249,1.6521080558151364,1.0,0.011486139999999999,1.5342390697674417,0.41574964691029304,0.07873376623376624,0.3482110971456497,0.32934774092674746
"frozenset({'food', 'little'})",frozenset({'place'}),0.0506,0.3787,0.027,0.5335968379446641,1.409022545404447,1.0,0.007837780000000003,1.3321093220338982,0.3057595830505037,0.06711409395973156,0.24931086100863364,0.30244668937106456
"frozenset({'little', 'time'})",frozenset({'place'}),0.0451,0.3787,0.0244,0.541019955654102,1.428624123723533,1.0,0.007320630000000002,1.3536536231884058,0.3141960620715585,0.06109163745618428,0.26125857983921136,0.30272545181701666
"frozenset({'little', 'time'})",frozenset({'good'}),0.0451,0.3481,0.023,0.5099778270509978,1.4650325396466468,1.0,0.007300689999999999,1.3303479638009048,0.33241313681833284,0.06212857914640735,0.24831696126859612,0.2880253972945308
"frozenset({'little', 'one'})",frozenset({'place'}),0.0394,0.3787,0.0225,0.5710659898477157,1.507964060860089,1.0,0.007579220000000001,1.4484745562130177,0.35067064566127654,0.05687563195146613,0.3096185254268723,0.31523988692280164
"frozenset({'little', 'one'})",frozenset({'good'}),0.0394,0.3481,0.0204,0.517766497461929,1.4874073469173485,1.0,0.006684860000000001,1.3518347368421053,0.34112972692720644,0.055570689185508046,0.2602646072433334,0.2881851734652363
"frozenset({'get', 'little'})",frozenset({'place'}),0.0375,0.3787,0.0218,0.5813333333333334,1.5350761376639381,1.0,0.007598750000000001,1.4839968152866243,0.362147027284642,0.0552738336713996,0.32614410644347885,0.31944934424786553
"frozenset({'get', 'little'})",frozenset({'good'}),0.0375,0.3481,0.0201,0.536,1.5397874174087907,1.0,0.007046249999999999,1.404956896551724,0.3642178716805582,0.05499316005471956,0.2882343917778801,0.29687101407641486
"frozenset({'food', 'better'})",frozenset({'place'}),0.0408,0.3787,0.0225,0.551470588235294,1.4562201960266545,1.0,0.0070490399999999995,1.3851934426229504,0.3266166249652488,0.056675062972292196,0.2780791698620539,0.3054421861165908
"frozenset({'good', 'better'})",frozenset({'food'}),0.0423,0.3643,0.0224,0.5295508274231678,1.4536119336348279,1.0,0.006990110000000001,1.351261809045226,0.3258415810200033,0.05830296720458094,0.2599509633839356,0.2955193061079605
"frozenset({'food', 'better'})",frozenset({'good'}),0.0408,0.3481,0.0224,0.5490196078431372,1.577189335946961,1.0,0.008197519999999998,1.4455173913043475,0.38152701656142013,0.061118690313778985,0.30820617862116456,0.3066844663748866
"frozenset({'good', 'better'})",frozenset({'place'}),0.0423,0.3787,0.0233,0.5508274231678487,1.4545218462314464,1.0,0.0072809900000000045,1.38321,0.32629094831546096,0.058586874528539105,0.2770439774148539,0.30617684863171946
"frozenset({'time', 'better'})",frozenset({'place'}),0.0359,0.3787,0.0201,0.5598885793871866,1.4784488497153068,1.0,0.006504670000000001,1.4116879746835442,0.3356658260404234,0.05095057034220533,0.2916281657608026,0.30648244654598306
"frozenset({'get', 'better'})",frozenset({'place'}),0.0348,0.3787,0.0203,0.5833333333333334,1.5403573629081948,1.0,0.007121240000000001,1.49112,0.3634479900538749,0.05162767039674466,0.32936316325983167,0.3184688847812693
frozenset({'fry'}),frozenset({'food'}),0.053,0.3643,0.0265,0.5,1.372495196266813,1.0,0.0071921,1.2713999999999999,0.2865892291446674,0.06780962128966224,0.2134654711341828,0.28637112270107057
frozenset({'atmosphere'}),frozenset({'food'}),0.0639,0.3643,0.0324,0.5070422535211268,1.391826114524092,1.0,0.009121229999999998,1.289562857142857,0.3007365072582463,0.08185952501263263,0.22454342224496893,0.2979899711196081
frozenset({'atmosphere'}),frozenset({'great'}),0.0639,0.3464,0.0346,0.5414710485133021,1.563138130812073,1.0,0.01246504,1.425427986348123,0.38485340420500014,0.09209475645461805,0.29845631657481964,0.32067778753609677
frozenset({'server'}),frozenset({'food'}),0.0558,0.3643,0.0335,0.6003584229390682,1.6479781030443814,1.0,0.01317206,1.59067533632287,0.41643276942969953,0.08665287118468701,0.3713362009423756,0.3461578005444723
frozenset({'sweet'}),frozenset({'good'}),0.0531,0.3481,0.0274,0.5160075329566856,1.482354303236672,1.0,0.00891589,1.3469217898832684,0.34364499446137337,0.07330123060460139,0.2575663950861874,0.29736027322927644
"frozenset({'got', 'get'})",frozenset({'good'}),0.047,0.3481,0.0246,0.5234042553191489,1.5036031465646333,1.0,0.008239299999999998,1.3678258928571427,0.3514489971762256,0.06639676113360324,0.26891280153267205,0.2970368016038433
"frozenset({'got', 'get'})",frozenset({'time'}),0.047,0.2747,0.0255,0.5425531914893617,1.9750753239510799,1.0,0.012589099999999999,1.585539534883721,0.5180379811945764,0.08609047940580689,0.36929986417945904,0.3176908658575312
"frozenset({'got', 'great'})",frozenset({'place'}),0.046,0.3787,0.0231,0.5021739130434782,1.3260467732861851,1.0,0.005679799999999999,1.2480262008733622,0.25773457848929543,0.057519920318725104,0.19873477071218135,0.2815860323073214
"frozenset({'got', 'like'})",frozenset({'place'}),0.0446,0.3787,0.0228,0.5112107623318386,1.3499095915813009,1.0,0.005909980000000002,1.2711000000000001,0.2713100786296913,0.05692883895131086,0.21327983636220607,0.2857083650581823
"frozenset({'got', 'like'})",frozenset({'good'}),0.0446,0.3481,0.0248,0.5560538116591928,1.597396758572803,1.0,0.009274739999999998,1.4684212121212117,0.39143966046985884,0.06740962217994019,0.31899648973645156,0.3136488535457699
"frozenset({'got', 'like'})",frozenset({'time'}),0.0446,0.2747,0.0228,0.5112107623318386,1.8609783848993033,1.0,0.010548380000000001,1.483870642201835,0.48424559934481376,0.07689713322091062,0.32608680867480844,0.29710519914917377
"frozenset({'go', 'got'})",frozenset({'place'}),0.0407,0.3787,0.0206,0.5061425061425061,1.3365262903155695,1.0,0.005186910000000001,1.2580552238805969,0.2624744580139848,0.051654964894684054,0.20512233404555952,0.2802695630791749
"frozenset({'go', 'got'})",frozenset({'good'}),0.0407,0.3481,0.021,0.515970515970516,1.4822479631442573,1.0,0.006832330000000001,1.3468187817258883,0.3391525566757507,0.057096247960848286,0.25750961185843846,0.2881490040352436
"frozenset({'go', 'got'})",frozenset({'back'}),0.0407,0.2241,0.0206,0.5061425061425061,2.258556475423945,1.0,0.01147913,1.5711009950248755,0.5808811846016361,0.08435708435708436,0.3635036810703778,0.2990328773461303
"frozenset({'got', 'one'})",frozenset({'place'}),0.0489,0.3787,0.0248,0.5071574642126789,1.3392064014065987,1.0,0.00628157,1.2606460580912862,0.26631175786271244,0.061569016881827206,0.2067559378926106,0.2863223286207308
"frozenset({'got', 'one'})",frozenset({'time'}),0.0489,0.2747,0.0246,0.5030674846625767,1.831334126911455,1.0,0.01116717,1.4595543209876545,0.47728945431605513,0.0822742474916388,0.31485934739084054,0.2963098617342734
"frozenset({'got', 'service'})",frozenset({'good'}),0.0404,0.3481,0.0204,0.504950495049505,1.45059033337979,1.0,0.006336760000000002,1.316838,0.3237030952439334,0.0554197229013855,0.24060514657080068,0.2817771722590242
"frozenset({'got', 'time'})",frozenset({'place'}),0.0551,0.3787,0.028,0.5081669691470054,1.3418721128782822,1.0,0.007133630000000002,1.2632335793357932,0.26962906127632563,0.06899950714637754,0.20838076476260334,0.2910520612832994
"frozenset({'got', 'back'})",frozenset({'time'}),0.0484,0.2747,0.0244,0.5041322314049588,1.8352101616489216,1.0,0.011104520000000001,1.4626883333333338,0.47825060812161063,0.08168731168396384,0.3163273561353354,0.29647820161438326
"frozenset({'got', 'food'})",frozenset({'good'}),0.0528,0.3481,0.0276,0.5227272727272727,1.501658353137813,1.0,0.009220319999999997,1.3658857142857141,0.35269168625146874,0.07393517278328422,0.2678743253984855,0.3010074168864746
"frozenset({'got', 'food'})",frozenset({'place'}),0.0528,0.3787,0.0265,0.5018939393939393,1.3253074713333493,1.0,0.006504639999999999,1.247324714828897,0.259140744518103,0.0654320987654321,0.19828414516970766,0.2859350869401701
"frozenset({'got', 'really'})",frozenset({'good'}),0.0363,0.3481,0.0222,0.6115702479338844,1.7568809190861372,1.0,0.00956397,1.678295744680851,0.447036898889135,0.061292103810049695,0.404157459631668,0.33767251264835557
frozenset({'bar'}),frozenset({'place'}),0.0874,0.3787,0.044,0.5034324942791761,1.3293701987831428,1.0,0.010901619999999994,1.2511894009216586,0.271492538800231,0.10424070125562662,0.20076049296503487,0.3098097248264114
"frozenset({'bar', 'great'})",frozenset({'place'}),0.0396,0.3787,0.0201,0.5075757575757576,1.3403109521408967,1.0,0.005103479999999999,1.261716923076923,0.2643736751477928,0.050477147162230035,0.2074291929434373,0.28032603564026853
"frozenset({'bar', 'food'})",frozenset({'place'}),0.0389,0.3787,0.0223,0.5732647814910026,1.5137702178267827,1.0,0.007568570000000002,1.4559379518072288,0.35313469758353316,0.056412850999241086,0.31315754304040333,0.3160752214822322
"frozenset({'bar', 'place'})",frozenset({'food'}),0.044,0.3643,0.0223,0.5068181818181818,1.3912110398522697,1.0,0.0062708,1.2889769585253454,0.29414413569244047,0.057772020725388604,0.22419094198235306,0.28401573378584083
"frozenset({'bar', 'good'})",frozenset({'place'}),0.036,0.3787,0.02,0.5555555555555556,1.4670070122935188,1.0,0.006366800000000002,1.397925,0.330228215767635,0.050671395996959724,0.28465404081048706,0.30418390399906114
frozenset({'ever'}),frozenset({'best'}),0.0853,0.156,0.0448,0.5252051582649472,3.3666997324676102,1.0,0.0314932,1.7776098765432096,0.768528713551672,0.22798982188295164,0.43744686998216487,0.40619232272221717
"frozenset({'ive', 'ever'})",frozenset({'best'}),0.0336,0.156,0.0211,0.6279761904761906,4.025488400488401,1.0,0.0158584,2.2686720000000005,0.7777141332663758,0.1252225519287834,0.5592134958248703,0.3816163003663004
frozenset({'people'}),frozenset({'place'}),0.1002,0.3787,0.0507,0.5059880239520959,1.3361183626936781,1.0,0.012754260000000003,1.2576618181818182,0.27957692110409815,0.11840261560018685,0.2048736905715369,0.3199335419470012
"frozenset({'good', 'people'})",frozenset({'place'}),0.0437,0.3787,0.025,0.5720823798627003,1.5106479531626624,1.0,0.00845081,1.4519149732620322,0.3534794520547945,0.06290890790135883,0.31125443402977676,0.31904884770795433
"frozenset({'good', 'people'})",frozenset({'food'}),0.0437,0.3643,0.0241,0.551487414187643,1.5138276535482926,1.0,0.008180089999999998,1.4173515306122448,0.3549334116665935,0.06277676478249544,0.2944587292553768,0.3088208413238517
"frozenset({'food', 'people'})",frozenset({'good'}),0.044,0.3481,0.0241,0.5477272727272727,1.5734767961139693,1.0,0.008783599999999999,1.4413869346733668,0.3812392576260004,0.0654891304347826,0.30622376549666014,0.30848012587814366
"frozenset({'food', 'people'})",frozenset({'place'}),0.044,0.3787,0.0248,0.5636363636363636,1.4883452961086971,1.0,0.0081372,1.4238124999999997,0.34321433391820766,0.0623272178939432,0.297660330977569,0.31456177833257315
"frozenset({'people', 'time'})",frozenset({'place'}),0.0417,0.3787,0.0232,0.5563549160671463,1.4691178137500562,1.0,0.007408209999999998,1.4004437837837835,0.33321443864314315,0.05840886203423967,0.2859406342622667,0.3088085644502618
"frozenset({'get', 'people'})",frozenset({'place'}),0.041,0.3787,0.0243,0.5926829268292683,1.5650460175053296,1.0,0.0087733,1.5253473053892213,0.37647669683355006,0.061456752655538696,0.3444115995964402,0.3284249067734934
"frozenset({'get', 'people'})",frozenset({'time'}),0.041,0.2747,0.022,0.5365853658536585,1.953350439947792,1.0,0.010737299999999998,1.5651210526315789,0.5089250165892502,0.0749063670411985,0.3610717852663152,0.30833636694575894
"frozenset({'people', 'time'})",frozenset({'get'}),0.0417,0.2287,0.022,0.52757793764988,2.3068558707909053,1.0,0.012463209999999999,1.6326502538071064,0.5911609573771736,0.08856682769726248,0.38749894677801117,0.3118869137309304
"frozenset({'get', 'people'})",frozenset({'good'}),0.041,0.3481,0.0209,0.5097560975609755,1.464395568977235,1.0,0.006627899999999997,1.329746268656716,0.3306823794722372,0.05676262900597501,0.24797683319677175,0.28489815794452106
"frozenset({'people', 'like'})",frozenset({'place'}),0.0375,0.3787,0.022,0.5866666666666667,1.549159404981956,1.0,0.00779875,1.5031451612903226,0.3682998819362456,0.055809233891425676,0.33472825795375294,0.322380072176745
"frozenset({'people', 'one'})",frozenset({'place'}),0.0366,0.3787,0.0206,0.5628415300546448,1.486246448520319,1.0,0.00673958,1.4212237499999998,0.33959318836402624,0.05219153787686851,0.29638102374801994,0.3086190750352442
"frozenset({'people', 'great'})",frozenset({'place'}),0.0372,0.3787,0.0201,0.5403225806451614,1.4267826264725678,1.0,0.006012360000000001,1.3516000000000001,0.31067967185261897,0.050783223850429514,0.26013613495116916,0.29669944717497043
frozenset({'ill'}),frozenset({'back'}),0.04,0.2241,0.0207,0.5175,2.3092369477911645,1.0,0.011736,1.608082901554404,0.5905797101449276,0.08504519309778143,0.37814151308158267,0.3049347389558233
frozenset({'enjoy'}),frozenset({'place'}),0.0391,0.3787,0.0208,0.5319693094629155,1.4047248731526685,1.0,0.005992829999999999,1.3274770491803276,0.2998405941545186,0.05239294710327455,0.2466913076821432,0.29344702600159245
frozenset({'think'}),frozenset({'place'}),0.0785,0.3787,0.0423,0.5388535031847134,1.4229033619876246,1.0,0.012572049999999998,1.3472941988950276,0.3225302050182852,0.1019522776572668,0.2577716130447664,0.3252757085503709
"frozenset({'good', 'think'})",frozenset({'place'}),0.0385,0.3787,0.0229,0.5948051948051948,1.5706501051100998,1.0,0.00832005,1.5333365384615383,0.37786891388319294,0.05807760588384479,0.34782745019345696,0.3276376119259668
"frozenset({'place', 'think'})",frozenset({'good'}),0.0423,0.3481,0.0229,0.541371158392435,1.5552173467177104,1.0,0.00817537,1.4214108247422679,0.37277128199703347,0.06231292517006802,0.29647362845901976,0.3035784260792971
"frozenset({'food', 'think'})",frozenset({'place'}),0.033,0.3787,0.0202,0.6121212121212121,1.6163749989997678,1.0,0.007702899999999999,1.6017890624999997,0.3943450704946399,0.051596424010217114,0.37569807198006133,0.3327307935441022
"frozenset({'like', 'think'})",frozenset({'place'}),0.0329,0.3787,0.0208,0.6322188449848024,1.6694450620142658,1.0,0.00834077,1.6893198347107437,0.41464022096195613,0.05322415557830092,0.40804578301110966,0.3435717937625359
frozenset({'sauce'}),frozenset({'good'}),0.0734,0.3481,0.0419,0.5708446866485013,1.6398870630522875,1.0,0.016349459999999996,1.5190304761904758,0.4211114928856851,0.11037934668071653,0.3416853607125346,0.3456061985382696
"frozenset({'good', 'sauce'})",frozenset({'food'}),0.0419,0.3643,0.0216,0.5155131264916468,1.4150785794445424,1.0,0.006335830000000001,1.3121098522167487,0.3061532856308976,0.056162246489859596,0.2378686904068693,0.28740245948518656
"frozenset({'food', 'sauce'})",frozenset({'good'}),0.0363,0.3481,0.0216,0.5950413223140496,1.7093976510027278,1.0,0.00896397,1.6097938775510203,0.4306304981956118,0.05953693495038589,0.3788024579138666,0.3285462285227243
"frozenset({'place', 'sauce'})",frozenset({'good'}),0.0343,0.3481,0.0206,0.6005830903790088,1.725317697153142,1.0,0.00866017,1.632129197080292,0.43532836485631926,0.056937534549474846,0.38730340601167174,0.32988074369568077
"frozenset({'like', 'sauce'})",frozenset({'good'}),0.0303,0.3481,0.02,0.6600660066006601,1.8961965142219477,1.0,0.00945257,1.9177252427184464,0.4873966175105703,0.05580357142857143,0.4785488673119498,0.35876038049079256
frozenset({'overall'}),frozenset({'good'}),0.0457,0.3481,0.0254,0.5557986870897156,1.5966638525990104,1.0,0.00949183,1.4675778325123152,0.391589745874661,0.06894679695982626,0.31860513436066207,0.31438311257674517
frozenset({'overall'}),frozenset({'place'}),0.0457,0.3787,0.0234,0.5120350109409191,1.3520861128622104,1.0,0.006093410000000004,1.2732470852017939,0.27287240569227383,0.058354114713216956,0.21460648791392098,0.28691267314936103
frozenset({'youre'}),frozenset({'place'}),0.0523,0.3787,0.027,0.5162523900573613,1.3632225773893885,1.0,0.007193990000000001,1.2843474308300393,0.2811481207914679,0.06683168316831684,0.22139447940988471,0.2937744654274132
frozenset({'ordered'}),frozenset({'food'}),0.1149,0.3643,0.0597,0.5195822454308094,1.4262482718386205,1.0,0.01784193,1.3232233695652174,0.33765653484914115,0.14231227651966627,0.2442696955022958,0.3417290859325335
"frozenset({'ordered', 'good'})",frozenset({'food'}),0.0524,0.3643,0.0294,0.5610687022900763,1.5401281973375687,1.0,0.01031068,1.4482904347826084,0.37009645563586346,0.07591014717273431,0.30953075710252687,0.3208857099152825
"frozenset({'ordered', 'place'})",frozenset({'food'}),0.0509,0.3643,0.0294,0.5776031434184675,1.5855150793809154,1.0,0.01085713,1.504982790697674,0.38909507539186783,0.07620528771384136,0.33554057482848443,0.3291529304794781
"frozenset({'ordered', 'time'})",frozenset({'food'}),0.0438,0.3643,0.0245,0.5593607305936074,1.5354398314400421,1.0,0.008543660000000002,1.4426766839378238,0.3646944324686579,0.06386861313868614,0.30684399967533016,0.3133064976053406
"frozenset({'ordered', 'back'})",frozenset({'food'}),0.0417,0.3643,0.0234,0.5611510791366906,1.5403543209900923,1.0,0.00820869,1.448562295081967,0.36606356876627144,0.0611604809200209,0.3096603415710093,0.3126919271609887
"frozenset({'ordered', 'one'})",frozenset({'food'}),0.0412,0.3643,0.0221,0.5364077669902912,1.4724341668687653,1.0,0.007090840000000001,1.371248167539267,0.33463964193552653,0.05764214919144497,0.27073740284771314,0.2985360273326422
"frozenset({'ordered', 'one'})",frozenset({'place'}),0.0412,0.3787,0.021,0.5097087378640777,1.3459433268129857,1.0,0.005397560000000003,1.2672059405940592,0.2680712001112503,0.05264477312609677,0.21086228531156878,0.28258080146438636
"frozenset({'ordered', 'like'})",frozenset({'food'}),0.039,0.3643,0.0221,0.5666666666666668,1.555494555769055,1.0,0.007892300000000001,1.467,0.37161045479586224,0.05797481636935992,0.3183367416496253,0.31366547717082993
"frozenset({'ordered', 'like'})",frozenset({'place'}),0.039,0.3787,0.0217,0.5564102564102564,1.469263946158586,1.0,0.0069307000000000014,1.4006184971098266,0.3323486959148737,0.054797979797979804,0.2860297061166207,0.30685577515522067
"frozenset({'ordered', 'like'})",frozenset({'good'}),0.039,0.3481,0.0207,0.5307692307692308,1.524760789339933,1.0,0.0071240999999999995,1.389295081967213,0.35812634785624875,0.056495633187772926,0.2802105089265697,0.29511745077674406
"frozenset({'ordered', 'service'})",frozenset({'food'}),0.0385,0.3643,0.0228,0.5922077922077922,1.6256046999939395,1.0,0.008774450000000001,1.5588821656050953,0.4002540803386522,0.060000000000000005,0.3585146959380088,0.3273967865787794
"frozenset({'ordered', 'would'})",frozenset({'food'}),0.0354,0.3643,0.0205,0.5790960451977402,1.5896130804220152,1.0,0.007603779999999999,1.5103208053691275,0.38452840302817287,0.05406118143459916,0.3378890124236907,0.31768417412233974
"frozenset({'ordered', 'order'})",frozenset({'food'}),0.035,0.3643,0.0211,0.6028571428571429,1.6548370652131288,1.0,0.0083495,1.60068345323741,0.41006310929941303,0.055790586991010055,0.37526685992943665,0.3303882200698012
"frozenset({'ordered', 'great'})",frozenset({'food'}),0.0384,0.3643,0.0215,0.5598958333333334,1.5369086833196084,1.0,0.007510879999999999,1.4444307692307692,0.3632937352474558,0.056400839454354666,0.30768575323790054,0.30945656338640315
"frozenset({'place', 'wait'})",frozenset({'food'}),0.0397,0.3643,0.0201,0.5062972292191436,1.389781029972944,1.0,0.00563729,1.2876168367346936,0.29205684583435004,0.05235738473560823,0.22337144756826105,0.2807357680545347
"frozenset({'wait', 'time'})",frozenset({'food'}),0.0363,0.3643,0.0205,0.5647382920110193,1.5502011858660976,1.0,0.00727591,1.4605006329113923,0.36829141747887334,0.05393317548013681,0.31530327514711237,0.3105052975289793
"frozenset({'good', 'wait'})",frozenset({'food'}),0.0359,0.3643,0.0201,0.5598885793871866,1.5368887713071275,1.0,0.007021629999999999,1.4444069620253162,0.3623429373204509,0.05288082083662194,0.3076743422796706,0.30753144313855624
"frozenset({'good', 'star'})",frozenset({'food'}),0.0364,0.3643,0.0206,0.5659340659340659,1.5534835737965027,1.0,0.007339479999999999,1.4645240506329111,0.36974412296928577,0.05419626414101553,0.31718431010549936,0.3112404340101293
"frozenset({'food', 'star'})",frozenset({'good'}),0.0351,0.3481,0.0206,0.586894586894587,1.6859942168761475,1.0,0.008381689999999999,1.5780475862068966,0.4216790914496899,0.056811913954771094,0.36630554823529216,0.32303649195346984
frozenset({'quality'}),frozenset({'food'}),0.0494,0.3643,0.0252,0.5101214574898786,1.4002784998349673,1.0,0.007203580000000001,1.2976685950413223,0.3007114971663678,0.06486486486486487,0.2293872227306569,0.28964760769086295
"frozenset({'food', 'everything'})",frozenset({'place'}),0.0399,0.3787,0.0209,0.5238095238095238,1.3831780401624607,1.0,0.005789870000000001,1.30473,0.288540019505544,0.052552175006286145,0.233557900868379,0.289499163806003
"frozenset({'place', 'everything'})",frozenset({'food'}),0.0411,0.3643,0.0209,0.5085158150851582,1.3958710268601653,1.0,0.005927269999999998,1.293429207920792,0.2957570501686292,0.054356306892067614,0.22686143634600944,0.2829430571445555
frozenset({'last'}),frozenset({'time'}),0.0606,0.2747,0.0327,0.5396039603960396,1.964339135042008,1.0,0.01605318,1.575382795698925,0.5225920116881164,0.10806345009914078,0.3652336417979314,0.3293214559897927
frozenset({'feel'}),frozenset({'like'}),0.0588,0.2246,0.0326,0.5544217687074829,2.4684851678872795,1.0,0.019393519999999997,1.7402106870229006,0.6320582782976437,0.12998405103668262,0.4253569366874941,0.34978434828962746
frozenset({'feel'}),frozenset({'place'}),0.0588,0.3787,0.0314,0.5340136054421768,1.410123066918872,1.0,0.009132439999999999,1.333300729927007,0.30901194030658785,0.0773208569317902,0.24998166013548498,0.30846442088850323
frozenset({'table'}),frozenset({'food'}),0.0873,0.3643,0.052,0.5956471935853379,1.6350458237313694,1.0,0.020196609999999997,1.572141926345609,0.425546560922369,0.1301301301301301,0.36392511182214554,0.3691933469985432
"frozenset({'good', 'table'})",frozenset({'food'}),0.0432,0.3643,0.0277,0.6412037037037036,1.7600980063236442,1.0,0.011962239999999999,1.771757419354838,0.45134805549183193,0.07293312269615586,0.43558864826758475,0.35861996878844254
"frozenset({'food', 'table'})",frozenset({'good'}),0.052,0.3481,0.0277,0.5326923076923077,1.5302852849534836,1.0,0.009598799999999998,1.3950123456790122,0.36553489009733575,0.07438238453276047,0.28316046585719845,0.30613357125494445
"frozenset({'food', 'table'})",frozenset({'place'}),0.052,0.3787,0.0272,0.5230769230769231,1.3812435254209747,1.0,0.0075076,1.302725806451613,0.2911547530404567,0.06741016109045848,0.23237875917740727,0.29745079319940687
"frozenset({'place', 'table'})",frozenset({'food'}),0.0429,0.3643,0.0272,0.634032634032634,1.7404134889723688,1.0,0.011571529999999997,1.7370401273885347,0.44449263092552865,0.07157894736842105,0.4243080604571874,0.35434818635477433
"frozenset({'good', 'table'})",frozenset({'place'}),0.0432,0.3787,0.0232,0.537037037037037,1.4181067785504013,1.0,0.006840159999999998,1.3420079999999996,0.308146407565448,0.0581891146225232,0.25484795917759057,0.29914962493520714
"frozenset({'place', 'table'})",frozenset({'good'}),0.0429,0.3481,0.0232,0.5407925407925408,1.5535551301135901,1.0,0.008266509999999998,1.4196197969543145,0.37228616258164926,0.06307775965198477,0.2955860420195441,0.3037200279372069
"frozenset({'table', 'one'})",frozenset({'food'}),0.0356,0.3643,0.0225,0.6320224719101123,1.7348956132586117,1.0,0.009530919999999998,1.7275511450381675,0.43923314438453376,0.05961844197138314,0.42114593662122435,0.3468923778710594
"frozenset({'u', 'table'})",frozenset({'food'}),0.0314,0.3643,0.0215,0.6847133757961783,1.8795316381997758,1.0,0.010060979999999999,2.0162606060606056,0.4831226080317312,0.057455905932656336,0.5040323671483063,0.3718653346178256
"frozenset({'table', 'service'})",frozenset({'food'}),0.0364,0.3643,0.0241,0.6620879120879121,1.8174249576939667,1.0,0.010839479999999999,1.8812585365853656,0.4667610568252869,0.06399362719065321,0.46844095027200267,0.3641210902739862
"frozenset({'table', 'time'})",frozenset({'food'}),0.035,0.3643,0.0244,0.6971428571428572,1.9136504450805851,1.0,0.0116495,2.099009433962264,0.4947549477618279,0.06508402240597493,0.5235847996584194,0.3820603113603388
frozenset({'meat'}),frozenset({'food'}),0.0437,0.3643,0.022,0.5034324942791761,1.381917360085578,1.0,0.006080089999999996,1.2801884792626725,0.28899689142813667,0.056994818652849735,0.21886502167559563,0.28191114145745794
frozenset({'meat'}),frozenset({'good'}),0.0437,0.3481,0.0219,0.5011441647597253,1.4396557447851919,1.0,0.006688029999999998,1.3067903669724767,0.3193448684689897,0.05920519059205189,0.23476632115312984,0.2820285604034191
frozenset({'shrimp'}),frozenset({'good'}),0.04,0.3481,0.0214,0.5349999999999999,1.536914679689744,1.0,0.007475999999999998,1.4019354838709674,0.3639018691588784,0.058358331060812646,0.2867004141739529,0.29823829359379483
frozenset({'drink'}),frozenset({'food'}),0.0951,0.3643,0.049,0.5152471083070452,1.4143483620835717,1.0,0.014355069999999998,1.311389804772234,0.32374915708354285,0.11939571150097465,0.2374502254318786,0.32487581877059646
"frozenset({'place', 'drink'})",frozenset({'food'}),0.0445,0.3643,0.0238,0.5348314606741573,1.4681072211752877,1.0,0.007588650000000002,1.3666014492753622,0.333700513172302,0.06181818181818182,0.26825776415629593,0.30008111600822884
"frozenset({'great', 'drink'})",frozenset({'place'}),0.0406,0.3787,0.0203,0.5,1.3203063110641668,1.0,0.00492478,1.2426,0.2528663748175944,0.05087719298245613,0.19523579591179788,0.2768022181146026
"frozenset({'great', 'drink'})",frozenset({'food'}),0.0406,0.3643,0.0204,0.5024630541871922,1.3792562563469453,1.0,0.005609420000000002,1.2776940594059405,0.286607847224777,0.053055916775032505,0.21734002546357115,0.27923042909743906
"frozenset({'good', 'drink'})",frozenset({'food'}),0.0434,0.3643,0.0255,0.5875576036866359,1.6128399771798954,1.0,0.009689379999999997,1.5413061452513963,0.3972148089844342,0.06671899529042385,0.351199628262759,0.3287774293481217
"frozenset({'food', 'drink'})",frozenset({'good'}),0.049,0.3481,0.0255,0.520408163265306,1.4949961599118242,1.0,0.008443099999999995,1.3592808510638295,0.3481618935692046,0.06862217438105489,0.2643168634227735,0.2968314875504927
"frozenset({'good', 'drink'})",frozenset({'place'}),0.0434,0.3787,0.0222,0.511520737327189,1.3507281154665671,1.0,0.005764420000000003,1.2719066037735849,0.2714390116648115,0.05551387846961741,0.2137787499230468,0.285071168769219
frozenset({'coming'}),frozenset({'back'}),0.0433,0.2241,0.0225,0.5196304849884527,2.318743797360342,1.0,0.012796469999999999,1.6152149038461538,0.5944726664576147,0.09187423438138016,0.3808873372708502,0.31001604570707775
frozenset({'ok'}),frozenset({'good'}),0.04,0.3481,0.02,0.5,1.4363688595231254,1.0,0.006076,1.3037999999999998,0.31645833333333334,0.054333061668025,0.23301119803650866,0.27872737719046253
frozenset({'dish'}),frozenset({'food'}),0.0565,0.3643,0.0326,0.5769911504424778,1.5838351645415256,1.0,0.012017049999999994,1.5028054393305437,0.3906954590823229,0.08397733127253992,0.33457786761440594,0.33323891861953703
frozenset({'friend'}),frozenset({'place'}),0.0768,0.3787,0.0403,0.5247395833333334,1.3856339670803628,1.0,0.011215840000000008,1.3072832876712328,0.3014608804847528,0.09706165703275531,0.23505485809324544,0.31557813600255263
frozenset({'reasonable'}),frozenset({'price'}),0.0268,0.1184,0.0215,0.8022388059701492,6.775665590964097,1.0,0.018326879999999997,4.457901886792451,0.8758867892065495,0.17380759902991105,0.7756792263726738,0.4919133219039935
frozenset({'portion'}),frozenset({'good'}),0.0427,0.3481,0.0217,0.5081967213114754,1.4599158900071112,1.0,0.006836129999999999,1.3255299999999999,0.3290807816338289,0.05879165537794635,0.24558478495394295,0.2852675649073895
frozenset({'portion'}),frozenset({'food'}),0.0427,0.3643,0.0252,0.5901639344262295,1.619994330019845,1.0,0.00964439,1.5511079999999997,0.39978469538168687,0.06600314300680984,0.35529956650342853,0.32966884615903846
"frozenset({'good', 'say'})",frozenset({'food'}),0.0376,0.3643,0.0211,0.5611702127659575,1.540406842618604,1.0,0.00740232,1.4486254545454544,0.36452707094822184,0.055409663865546216,0.3096904400911711,0.3095447550242085
"frozenset({'food', 'say'})",frozenset({'good'}),0.0363,0.3481,0.0211,0.581267217630854,1.6698282609332202,1.0,0.00846397,1.556840131578947,0.41624573929370756,0.05807872281860721,0.35767328981569874,0.3209409917513649
frozenset({'bread'}),frozenset({'good'}),0.0418,0.3481,0.0235,0.562200956937799,1.6150558946791123,1.0,0.00894942,1.489039344262295,0.3974393477131323,0.06413755458515284,0.32842607292191905,0.314855146667693
frozenset({'bread'}),frozenset({'food'}),0.0418,0.3643,0.0213,0.5095693779904307,1.3987630469130679,1.0,0.0060722599999999995,1.2962078048780488,0.2975189199624099,0.05535343035343035,0.22851876355266743,0.28401883667569844
