support,itemsets
0.3643,frozenset({'food'})
0.3481,frozenset({'good'})
0.2747,frozenset({'time'})
0.2246,frozenset({'like'})
0.135,frozenset({'restaurant'})
0.1227,frozenset({'come'})
0.119,frozenset({'order'})
0.1033,frozenset({'experience'})
0.1027,frozenset({'never'})
0.0934,frozenset({'way'})
0.0863,frozenset({'going'})
0.0853,frozenset({'take'})
0.0824,frozenset({'want'})
0.0761,frozenset({'eat'})
0.0753,frozenset({'hour'})
0.0711,frozenset({'location'})
0.0693,frozenset({'many'})
0.0674,frozenset({'2'})
0.0668,frozenset({'another'})
0.0662,frozenset({'tried'})
0.0647,frozenset({'bad'})
0.0628,frozenset({'long'})
0.0402,frozenset({'done'})
0.0352,frozenset({'usually'})
0.0308,frozenset({'waiting'})
0.0298,frozenset({'end'})
0.028,frozenset({'weekend'})
0.1479,frozenset({'nice'})
0.1338,frozenset({'even'})
0.1278,frozenset({'make'})
0.127,frozenset({'ive'})
0.1148,frozenset({'always'})
0.1062,frozenset({'amazing'})
0.0846,frozenset({'lot'})
0.0714,frozenset({'year'})
0.0705,frozenset({'review'})
0.0702,frozenset({'every'})
0.0656,frozenset({'work'})
0.0651,frozenset({'need'})
0.0625,frozenset({'clean'})
0.0516,frozenset({'nothing'})
0.0495,frozenset({'check'})
0.0454,frozenset({'top'})
0.0395,frozenset({'line'})
0.0386,frozenset({'without'})
0.0384,frozenset({'owner'})
0.0358,frozenset({'open'})
0.0267,frozenset({'there'})
0.024,frozenset({'anyone'})
0.0236,frozenset({'easy'})
0.0226,frozenset({'space'})
0.3787,frozenset({'place'})
0.1697,frozenset({'also'})
0.1441,frozenset({'friendly'})
0.1426,frozenset({'staff'})
0.1091,frozenset({'menu'})
0.1011,frozenset({'day'})
0.0964,frozenset({'chicken'})
0.0888,frozenset({'two'})
0.0876,frozenset({'fresh'})
0.0774,frozenset({'meal'})
0.077,frozenset({'next'})
0.0522,frozenset({'breakfast'})
0.0473,frozenset({'fried'})
0.044,frozenset({'family'})
0.04,frozenset({'large'})
0.0359,frozenset({'served'})
0.0343,frozenset({'hotel'})
0.0313,frozenset({'choice'})
0.0295,frozenset({'attentive'})
0.1401,frozenset({'dont'})
0.1281,frozenset({'delicious'})
0.1207,frozenset({'try'})
0.0959,frozenset({'new'})
0.069,frozenset({'favorite'})
0.0639,frozenset({'something'})
0.0529,frozenset({'different'})
0.0447,frozenset({'let'})
0.0437,frozenset({'kind'})
0.0381,frozenset({'outside'})
0.0351,frozenset({'10'})
0.033,frozenset({'almost'})
0.0231,frozenset({'yummy'})
0.3464,frozenset({'great'})
0.2237,frozenset({'one'})
0.1977,frozenset({'would'})
0.1768,frozenset({'really'})
0.1408,frozenset({'well'})
0.1213,frozenset({'u'})
0.1057,frozenset({'much'})
0.0884,frozenset({'area'})
0.0761,frozenset({'cheese'})
0.0675,frozenset({'wasnt'})
0.0667,frozenset({'salad'})
0.065,frozenset({'beer'})
0.0637,frozenset({'see'})
0.0558,frozenset({'sandwich'})
0.0462,frozenset({'option'})
0.0399,frozenset({'fun'})
0.0391,frozenset({'gave'})
0.0376,frozenset({'maybe'})
0.0339,frozenset({'wine'})
0.0325,frozenset({'needed'})
0.0303,frozenset({'eating'})
0.0299,frozenset({'today'})
0.028,frozenset({'beautiful'})
0.0234,frozenset({'liked'})
0.0208,frozenset({'onion'})
0.0207,frozenset({'cocktail'})
0.2241,frozenset({'back'})
0.2166,frozenset({'go'})
0.156,frozenset({'best'})
0.1211,frozenset({'im'})
0.1109,frozenset({'went'})
0.06,frozenset({'customer'})
0.0557,frozenset({'3'})
0.0546,frozenset({'told'})
0.0459,frozenset({'full'})
0.0408,frozenset({'busy'})
0.0359,frozenset({'half'})
0.0224,frozenset({'theyre'})
0.0206,frozenset({'yes'})
0.2287,frozenset({'get'})
0.1184,frozenset({'price'})
0.1138,frozenset({'first'})
0.1116,frozenset({'didnt'})
0.09,frozenset({'know'})
0.0828,frozenset({'around'})
0.0709,frozenset({'give'})
0.0668,frozenset({'took'})
0.0655,frozenset({'find'})
0.0509,frozenset({'perfect'})
0.0462,frozenset({'loved'})
0.046,frozenset({'highly'})
0.0409,frozenset({'enjoyed'})
0.04,frozenset({'store'})
0.0379,frozenset({'actually'})
0.0377,frozenset({'thought'})
0.0369,frozenset({'city'})
0.036,frozenset({'front'})
0.0349,frozenset({'stop'})
0.034,frozenset({'part'})
0.0339,frozenset({'hard'})
0.0319,frozenset({'second'})
0.0317,frozenset({'someone'})
0.0288,frozenset({'water'})
0.0274,frozenset({'french'})
0.0268,frozenset({'trip'})
0.0242,frozenset({'seems'})
0.0215,frozenset({'recommended'})
0.0207,frozenset({'orleans'})
0.12,frozenset({'definitely'})
0.0907,frozenset({'recommend'})
0.0544,frozenset({'selection'})
0.0248,frozenset({'perfectly'})
0.0925,frozenset({'pretty'})
0.0709,frozenset({'bit'})
0.0614,frozenset({'looking'})
0.0601,frozenset({'look'})
0.0423,frozenset({'thats'})
0.0421,frozenset({'put'})
0.029,frozenset({'wish'})
0.0272,frozenset({'instead'})
0.025,frozenset({'green'})
0.0216,frozenset({'cut'})
0.0205,frozenset({'white'})
0.2799,frozenset({'service'})
0.0854,frozenset({'night'})
0.0651,frozenset({'said'})
0.0429,frozenset({'item'})
0.0369,frozenset({'cooked'})
0.0367,frozenset({'waitress'})
0.0355,frozenset({'plate'})
0.0342,frozenset({'tell'})
0.0321,frozenset({'three'})
0.0321,frozenset({'several'})
0.031,frozenset({'couldnt'})
0.0292,frozenset({'money'})
0.0276,frozenset({'name'})
0.0275,frozenset({'sushi'})
0.0269,frozenset({'party'})
0.0266,frozenset({'brought'})
0.0265,frozenset({'wouldnt'})
0.0237,frozenset({'making'})
0.0215,frozenset({'6'})
0.1091,frozenset({'came'})
0.106,frozenset({'made'})
0.1042,frozenset({'could'})
0.0954,frozenset({'thing'})
0.0708,frozenset({'small'})
0.0653,frozenset({'though'})
0.052,frozenset({'wanted'})
0.0495,frozenset({'left'})
0.0453,frozenset({'probably'})
0.0432,frozenset({'getting'})
0.0407,frozenset({'wonderful'})
0.0312,frozenset({'group'})
0.0311,frozenset({'size'})
0.0297,frozenset({'able'})
0.0265,frozenset({'later'})
0.0221,frozenset({'pick'})
0.0403,frozenset({'local'})
0.1338,frozenset({'love'})
0.0617,frozenset({'dinner'})
0.0598,frozenset({'taste'})
0.0574,frozenset({'happy'})
0.0274,frozenset({'fan'})
0.0376,frozenset({'id'})
0.033,frozenset({'appetizer'})
0.0234,frozenset({'slow'})
0.1193,frozenset({'little'})
0.0989,frozenset({'better'})
0.0717,frozenset({'excellent'})
0.0545,frozenset({'hot'})
0.053,frozenset({'super'})
0.0274,frozenset({'bacon'})
0.0265,frozenset({'wrong'})
0.0223,frozenset({'bite'})
0.0212,frozenset({'drive'})
0.0212,frozenset({'warm'})
0.0577,frozenset({'home'})
0.053,frozenset({'fry'})
0.0639,frozenset({'atmosphere'})
0.0526,frozenset({'big'})
0.0241,frozenset({'course'})
0.022,frozenset({'expensive'})
0.0215,frozenset({'across'})
0.0731,frozenset({'still'})
0.0571,frozenset({'spot'})
0.0558,frozenset({'server'})
0.0531,frozenset({'sweet'})
0.0396,frozenset({'everyone'})
0.0332,frozenset({'dessert'})
0.028,frozenset({'deal'})
0.0241,frozenset({'bartender'})
0.1379,frozenset({'got'})
0.0874,frozenset({'bar'})
0.0853,frozenset({'ever'})
0.031,frozenset({'job'})
0.1002,frozenset({'people'})
0.0834,frozenset({'right'})
0.04,frozenset({'ill'})
0.0391,frozenset({'enjoy'})
0.0342,frozenset({'keep'})
0.0325,frozenset({'business'})
0.0321,frozenset({'soup'})
0.031,frozenset({'music'})
0.0306,frozenset({'bring'})
0.0228,frozenset({'amount'})
0.0402,frozenset({'huge'})
0.0348,frozenset({'inside'})
0.0785,frozenset({'think'})
0.0734,frozenset({'sauce'})
0.062,frozenset({'flavor'})
0.0569,frozenset({'enough'})
0.056,frozenset({'visit'})
0.05,frozenset({'burger'})
0.0496,frozenset({'pizza'})
0.0457,frozenset({'overall'})
0.0334,frozenset({'couple'})
0.0273,frozenset({'red'})
0.024,frozenset({'light'})
0.0233,frozenset({'might'})
0.0206,frozenset({'serve'})
0.0203,frozenset({'ended'})
0.0212,frozenset({'show'})
0.0523,frozenset({'youre'})
0.0482,frozenset({'however'})
0.04,frozenset({'town'})
0.039,frozenset({'else'})
0.0382,frozenset({'quick'})
0.0302,frozenset({'spicy'})
0.0295,frozenset({'fish'})
0.1149,frozenset({'ordered'})
0.09,frozenset({'wait'})
0.0786,frozenset({'star'})
0.072,frozenset({'worth'})
0.0717,frozenset({'minute'})
0.0517,frozenset({'tasty'})
0.0494,frozenset({'quality'})
0.0414,frozenset({'4'})
0.0379,frozenset({'quite'})
0.0371,frozenset({'husband'})
0.0369,frozenset({'fast'})
0.0357,frozenset({'house'})
0.0355,frozenset({'roll'})
0.0354,frozenset({'street'})
0.0349,frozenset({'called'})
0.0342,frozenset({'decent'})
0.0335,frozenset({'rice'})
0.0306,frozenset({'felt'})
0.0289,frozenset({'dining'})
0.0286,frozenset({'seemed'})
0.0275,frozenset({'although'})
0.0268,frozenset({'isnt'})
0.0264,frozenset({'oh'})
0.0231,frozenset({'piece'})
0.0216,frozenset({'counter'})
0.0212,frozenset({'tea'})
0.0208,frozenset({'fact'})
0.0709,frozenset({'lunch'})
0.0697,frozenset({'awesome'})
0.0286,frozenset({'pork'})
0.0281,frozenset({'beef'})
0.0902,frozenset({'everything'})
0.0606,frozenset({'last'})
0.0745,frozenset({'cant'})
0.0595,frozenset({'special'})
0.0329,frozenset({'trying'})
0.0329,frozenset({'tasted'})
0.0288,frozenset({'problem'})
0.0283,frozenset({'wife'})
0.0242,frozenset({'quickly'})
0.0409,frozenset({'guy'})
0.0357,frozenset({'least'})
0.0255,frozenset({'help'})
0.0588,frozenset({'feel'})
0.0278,frozenset({'waiter'})
0.0332,frozenset({'parking'})
0.0278,frozenset({'seating'})
0.0328,frozenset({'stay'})
0.05,frozenset({'away'})
0.0404,frozenset({'free'})
0.029,frozenset({'pay'})
0.0287,frozenset({'car'})
0.0281,frozenset({'started'})
0.0247,frozenset({'issue'})
0.0245,frozenset({'ago'})
0.0605,frozenset({'5'})
0.0475,frozenset({'found'})
0.0299,frozenset({'less'})
0.0216,frozenset({'working'})
0.0873,frozenset({'table'})
0.0324,frozenset({'door'})
0.0223,frozenset({'life'})
0.0374,frozenset({'disappointed'})
0.0654,frozenset({'room'})
0.0456,frozenset({'anything'})
0.0422,frozenset({'helpful'})
0.0216,frozenset({'plenty'})
0.0207,frozenset({'type'})
0.0437,frozenset({'meat'})
0.04,frozenset({'shrimp'})
0.0331,frozenset({'egg'})
0.0315,frozenset({'potato'})
0.0307,frozenset({'point'})
0.0285,frozenset({'steak'})
0.0242,frozenset({'decor'})
0.0214,frozenset({'worst'})
0.0951,frozenset({'drink'})
0.0564,frozenset({'asked'})
0.0347,frozenset({'decided'})
0.0346,frozenset({'looked'})
0.0329,frozenset({'walked'})
0.0325,frozenset({'reason'})
0.0271,frozenset({'person'})
0.0265,frozenset({'arrived'})
0.0261,frozenset({'cake'})
0.0259,frozenset({'fine'})
0.0257,frozenset({'plus'})
0.0218,frozenset({'short'})
0.0215,frozenset({'terrible'})
0.0215,frozenset({'chocolate'})
0.0212,frozenset({'seat'})
0.0481,frozenset({'coffee'})
0.0302,frozenset({'walk'})
0.026,frozenset({'stopped'})
0.0237,frozenset({'morning'})
0.023,frozenset({'sunday'})
0.0323,frozenset({'especially'})
0.0269,frozenset({'may'})
0.0231,frozenset({'impressed'})
0.023,frozenset({'15'})
0.0299,frozenset({'live'})
0.0283,frozenset({'sit'})
0.0793,frozenset({'sure'})
0.0693,frozenset({'side'})
0.038,frozenset({'ask'})
0.0311,frozenset({'cream'})
0.0298,frozenset({'taco'})
0.0276,frozenset({'extra'})
0.0241,frozenset({'chip'})
0.0226,frozenset({'priced'})
0.0342,frozenset({'extremely'})
0.0433,frozenset({'coming'})
0.033,frozenset({'cool'})
0.0244,frozenset({'waited'})
0.04,frozenset({'ok'})
0.0312,frozenset({'cold'})
0.0565,frozenset({'dish'})
0.032,frozenset({'return'})
0.0243,frozenset({'late'})
0.0242,frozenset({'yelp'})
0.035,frozenset({'absolutely'})
0.0302,frozenset({'hand'})
0.0238,frozenset({'style'})
0.0234,frozenset({'leave'})
0.0227,frozenset({'stuff'})
0.0225,frozenset({'change'})
0.0404,frozenset({'old'})
0.0768,frozenset({'friend'})
0.031,frozenset({'kid'})
0.023,frozenset({'variety'})
0.0316,frozenset({'finally'})
0.0268,frozenset({'reasonable'})
0.038,frozenset({'used'})
0.0219,frozenset({'dry'})
0.0268,frozenset({'real'})
0.0243,frozenset({'saturday'})
0.0427,frozenset({'portion'})
0.0336,frozenset({'high'})
0.0267,frozenset({'either'})
0.0262,frozenset({'start'})
0.0246,frozenset({'20'})
0.0218,frozenset({'crab'})
0.0211,frozenset({'often'})
0.0858,frozenset({'say'})
0.0353,frozenset({'shop'})
0.0323,frozenset({'offer'})
0.0289,frozenset({'whole'})
0.0275,frozenset({'doesnt'})
0.0248,frozenset({'ate'})
0.0444,frozenset({'week'})
0.0242,frozenset({'expect'})
0.0372,frozenset({'must'})
0.0233,frozenset({'st'})
0.0255,frozenset({'month'})
0.0356,frozenset({'wont'})
0.0228,frozenset({'yet'})
0.0303,frozenset({'use'})
0.0301,frozenset({'1'})
0.0276,frozenset({'ice'})
0.0232,frozenset({'employee'})
0.0208,frozenset({'saw'})
0.0259,frozenset({'seated'})
0.0211,frozenset({'entire'})
0.0243,frozenset({'regular'})
0.0231,frozenset({'mean'})
0.0657,frozenset({'since'})
0.0386,frozenset({'far'})
0.021,frozenset({'soon'})
0.0375,frozenset({'fantastic'})
0.0301,frozenset({'manager'})
0.0214,frozenset({'kitchen'})
0.0247,frozenset({'brunch'})
0.021,frozenset({'okay'})
0.0219,frozenset({'early'})
0.0237,frozenset({'bean'})
0.0273,frozenset({'sat'})
0.0272,frozenset({'call'})
0.032,frozenset({'care'})
0.0225,frozenset({'already'})
0.0294,frozenset({'close'})
0.0418,frozenset({'bread'})
0.0256,frozenset({'entree'})
0.0202,frozenset({'average'})
0.0221,frozenset({'philly'})
0.0223,frozenset({'reservation'})
0.1593,"frozenset({'food', 'place'})"
0.162,"frozenset({'good', 'food'})"
0.1499,"frozenset({'good', 'place'})"
0.0775,"frozenset({'good', 'food', 'place'})"
0.111,"frozenset({'food', 'time'})"
0.1087,"frozenset({'good', 'time'})"
0.0974,"frozenset({'great', 'time'})"
0.1165,"frozenset({'place', 'time'})"
0.0878,"frozenset({'time', 'service'})"
0.0544,"frozenset({'food', 'place', 'time'})"
0.0538,"frozenset({'good', 'food', 'time'})"
0.0549,"frozenset({'good', 'place', 'time'})"
0.0293,"frozenset({'good', 'food', 'place', 'time'})"
0.0407,"frozenset({'good', 'great', 'time'})"
0.0457,"frozenset({'place', 'great', 'time'})"
0.0452,"frozenset({'food', 'great', 'time'})"
0.0224,"frozenset({'good', 'food', 'great', 'time'})"
0.022,"frozenset({'good', 'place', 'great', 'time'})"
0.0228,"frozenset({'food', 'place', 'great', 'time'})"
0.0395,"frozenset({'place', 'service', 'time'})"
0.0356,"frozenset({'time', 'great', 'service'})"
0.0445,"frozenset({'food', 'time', 'service'})"
0.0385,"frozenset({'good', 'time', 'service'})"
0.0226,"frozenset({'food', 'place', 'service', 'time'})"
0.0216,"frozenset({'good', 'food', 'time', 'service'})"
0.0212,"frozenset({'good', 'place', 'service', 'time'})"
0.1001,"frozenset({'good', 'like'})"
0.0927,"frozenset({'food', 'like'})"
0.0826,"frozenset({'like', 'time'})"
0.0791,"frozenset({'great', 'like'})"
0.0709,"frozenset({'get', 'like'})"
0.112,"frozenset({'place', 'like'})"
0.0631,"frozenset({'like', 'service'})"
0.0561,"frozenset({'good', 'place', 'like'})"
0.0501,"frozenset({'good', 'food', 'like'})"
0.0518,"frozenset({'food', 'place', 'like'})"
0.0304,"frozenset({'good', 'food', 'place', 'like'})"
0.0416,"frozenset({'good', 'like', 'time'})"
0.0379,"frozenset({'food', 'like', 'time'})"
0.0441,"frozenset({'place', 'like', 'time'})"
0.0256,"frozenset({'good', 'place', 'like', 'time'})"
0.0215,"frozenset({'good', 'food', 'like', 'time'})"
0.0226,"frozenset({'food', 'place', 'like', 'time'})"
0.0377,"frozenset({'great', 'good', 'like'})"
0.0304,"frozenset({'great', 'like', 'time'})"
0.0436,"frozenset({'great', 'place', 'like'})"
0.0357,"frozenset({'great', 'food', 'like'})"
0.0229,"frozenset({'great', 'good', 'place', 'like'})"
0.0221,"frozenset({'great', 'food', 'place', 'like'})"
0.0209,"frozenset({'great', 'food', 'good', 'like'})"
0.0396,"frozenset({'place', 'get', 'like'})"
0.0267,"frozenset({'great', 'get', 'like'})"
0.0373,"frozenset({'good', 'get', 'like'})"
0.0338,"frozenset({'get', 'like', 'time'})"
0.0318,"frozenset({'food', 'get', 'like'})"
0.0232,"frozenset({'place', 'good', 'get', 'like'})"
0.0203,"frozenset({'place', 'food', 'get', 'like'})"
0.0342,"frozenset({'good', 'like', 'service'})"
0.0335,"frozenset({'food', 'like', 'service'})"
0.032,"frozenset({'place', 'like', 'service'})"
0.0274,"frozenset({'service', 'like', 'time'})"
0.0215,"frozenset({'get', 'like', 'service'})"
0.0257,"frozenset({'great', 'like', 'service'})"
0.0201,"frozenset({'good', 'food', 'like', 'service'})"
0.0821,"frozenset({'food', 'restaurant'})"
0.0603,"frozenset({'good', 'restaurant'})"
0.0451,"frozenset({'restaurant', 'time'})"
0.0436,"frozenset({'restaurant', 'like'})"
0.0505,"frozenset({'restaurant', 'service'})"
0.0371,"frozenset({'restaurant', 'back'})"
0.0379,"frozenset({'would', 'restaurant'})"
0.0365,"frozenset({'get', 'restaurant'})"
0.0576,"frozenset({'place', 'restaurant'})"
0.0453,"frozenset({'restaurant', 'one'})"
0.0274,"frozenset({'restaurant', 'nice'})"
0.021,"frozenset({'restaurant', 'staff'})"
0.0516,"frozenset({'restaurant', 'great'})"
0.0313,"frozenset({'also', 'restaurant'})"
0.0247,"frozenset({'got', 'restaurant'})"
0.0235,"frozenset({'friendly', 'restaurant'})"
0.0357,"frozenset({'go', 'restaurant'})"
0.0236,"frozenset({'dont', 'restaurant'})"
0.0311,"frozenset({'restaurant', 'really'})"
0.0243,"frozenset({'restaurant', 'best'})"
0.0263,"frozenset({'restaurant', 'well'})"
0.0405,"frozenset({'good', 'food', 'restaurant'})"
0.0302,"frozenset({'food', 'restaurant', 'time'})"
0.0218,"frozenset({'good', 'restaurant', 'time'})"
0.0222,"frozenset({'place', 'restaurant', 'time'})"
0.0274,"frozenset({'food', 'restaurant', 'like'})"
0.0231,"frozenset({'good', 'restaurant', 'like'})"
0.0231,"frozenset({'place', 'restaurant', 'like'})"
0.0346,"frozenset({'food', 'restaurant', 'service'})"
0.023,"frozenset({'restaurant', 'great', 'service'})"
0.0219,"frozenset({'place', 'restaurant', 'service'})"
0.024,"frozenset({'good', 'restaurant', 'service'})"
0.0235,"frozenset({'food', 'restaurant', 'back'})"
0.0252,"frozenset({'food', 'would', 'restaurant'})"
0.02,"frozenset({'place', 'would', 'restaurant'})"
0.0223,"frozenset({'food', 'get', 'restaurant'})"
0.02,"frozenset({'place', 'get', 'restaurant'})"
0.0366,"frozenset({'place', 'food', 'restaurant'})"
0.0273,"frozenset({'place', 'good', 'restaurant'})"
0.028,"frozenset({'food', 'restaurant', 'one'})"
0.0224,"frozenset({'place', 'restaurant', 'one'})"
0.0219,"frozenset({'good', 'restaurant', 'one'})"
0.0229,"frozenset({'place', 'restaurant', 'great'})"
0.0244,"frozenset({'good', 'restaurant', 'great'})"
0.0307,"frozenset({'food', 'restaurant', 'great'})"
0.0226,"frozenset({'go', 'food', 'restaurant'})"
0.0539,"frozenset({'food', 'come'})"
0.0508,"frozenset({'come', 'time'})"
0.0499,"frozenset({'good', 'come'})"
0.0392,"frozenset({'come', 'like'})"
0.022,"frozenset({'come', 'restaurant'})"
0.0403,"frozenset({'come', 'great'})"
0.0398,"frozenset({'come', 'one'})"
0.0394,"frozenset({'would', 'come'})"
0.0297,"frozenset({'come', 'really'})"
0.0238,"frozenset({'come', 'well'})"
0.0535,"frozenset({'place', 'come'})"
0.0528,"frozenset({'come', 'back'})"
0.0214,"frozenset({'come', 'nice'})"
0.0436,"frozenset({'get', 'come'})"
0.0288,"frozenset({'also', 'come'})"
0.0343,"frozenset({'go', 'come'})"
0.0395,"frozenset({'come', 'service'})"
0.0272,"frozenset({'even', 'come'})"
0.0238,"frozenset({'got', 'come'})"
0.024,"frozenset({'come', 'make'})"
0.0201,"frozenset({'come', 'delicious'})"
0.03,"frozenset({'dont', 'come'})"
0.0212,"frozenset({'come', 'best'})"
0.0212,"frozenset({'ive', 'come'})"
0.0238,"frozenset({'food', 'come', 'time'})"
0.0248,"frozenset({'come', 'time', 'back'})"
0.0245,"frozenset({'place', 'come', 'time'})"
0.0258,"frozenset({'good', 'food', 'come'})"
0.0219,"frozenset({'good', 'come', 'time'})"
0.0226,"frozenset({'good', 'come', 'back'})"
0.0235,"frozenset({'place', 'good', 'come'})"
0.0209,"frozenset({'good', 'come', 'like'})"
0.0212,"frozenset({'place', 'come', 'like'})"
0.0206,"frozenset({'come', 'time', 'one'})"
0.0204,"frozenset({'place', 'come', 'one'})"
0.0203,"frozenset({'would', 'come', 'time'})"
0.0215,"frozenset({'would', 'come', 'back'})"
0.0269,"frozenset({'place', 'food', 'come'})"
0.0233,"frozenset({'food', 'come', 'back'})"
0.023,"frozenset({'place', 'come', 'back'})"
0.0215,"frozenset({'place', 'get', 'come'})"
0.0232,"frozenset({'get', 'come', 'time'})"
0.0212,"frozenset({'good', 'get', 'come'})"
0.0208,"frozenset({'get', 'come', 'back'})"
0.0203,"frozenset({'food', 'get', 'come'})"
0.0226,"frozenset({'food', 'come', 'service'})"
0.0201,"frozenset({'service', 'come', 'time'})"
0.0651,"frozenset({'order', 'food'})"
0.0499,"frozenset({'order', 'good'})"
0.0498,"frozenset({'order', 'time'})"
0.0398,"frozenset({'order', 'like'})"
0.0259,"frozenset({'order', 'restaurant'})"
0.025,"frozenset({'order', 'come'})"
0.0555,"frozenset({'order', 'place'})"
0.038,"frozenset({'order', 'go'})"
0.0374,"frozenset({'order', 'great'})"
0.0357,"frozenset({'order', 'back'})"
0.0272,"frozenset({'order', 'really'})"
0.022,"frozenset({'order', 'im'})"
0.0218,"frozenset({'order', 'best'})"
0.0411,"frozenset({'order', 'service'})"
0.0407,"frozenset({'order', 'one'})"
0.0236,"frozenset({'order', 'well'})"
0.0282,"frozenset({'order', 'also'})"
0.0262,"frozenset({'order', 'dont'})"
0.0413,"frozenset({'order', 'get'})"
0.0373,"frozenset({'order', 'would'})"
0.0244,"frozenset({'order', 'even'})"
0.0226,"frozenset({'order', 'make'})"
0.0209,"frozenset({'order', 'little'})"
0.02,"frozenset({'order', 'try'})"
0.0256,"frozenset({'order', 'u'})"
0.029,"frozenset({'order', 'got'})"
0.0223,"frozenset({'order', 'nice'})"
0.0203,"frozenset({'order', 'ive'})"
0.0319,"frozenset({'order', 'food', 'good'})"
0.0261,"frozenset({'order', 'good', 'place'})"
0.0292,"frozenset({'order', 'food', 'time'})"
0.0221,"frozenset({'order', 'good', 'time'})"
0.0247,"frozenset({'order', 'place', 'time'})"
0.0236,"frozenset({'order', 'food', 'like'})"
0.0209,"frozenset({'order', 'good', 'like'})"
0.0211,"frozenset({'order', 'place', 'like'})"
0.0335,"frozenset({'order', 'food', 'place'})"
0.0204,"frozenset({'order', 'go', 'place'})"
0.023,"frozenset({'order', 'food', 'go'})"
0.0222,"frozenset({'order', 'food', 'great'})"
0.026,"frozenset({'order', 'food', 'service'})"
0.0234,"frozenset({'order', 'food', 'one'})"
0.0216,"frozenset({'order', 'place', 'one'})"
0.021,"frozenset({'order', 'time', 'one'})"
0.0244,"frozenset({'order', 'food', 'get'})"
0.0208,"frozenset({'place', 'get', 'order'})"
0.0204,"frozenset({'order', 'good', 'get'})"
0.0218,"frozenset({'order', 'food', 'would'})"
0.0431,"frozenset({'food', 'experience'})"
0.0417,"frozenset({'time', 'experience'})"
0.0382,"frozenset({'good', 'experience'})"
0.0304,"frozenset({'like', 'experience'})"
0.0209,"frozenset({'restaurant', 'experience'})"
0.0401,"frozenset({'great', 'experience'})"
0.0358,"frozenset({'experience', 'one'})"
0.0337,"frozenset({'get', 'experience'})"
0.0245,"frozenset({'u', 'experience'})"
0.0234,"frozenset({'really', 'experience'})"
0.021,"frozenset({'first', 'experience'})"
0.0369,"frozenset({'service', 'experience'})"
0.0345,"frozenset({'experience', 'back'})"
0.0273,"frozenset({'go', 'experience'})"
0.033,"frozenset({'would', 'experience'})"
0.0231,"frozenset({'even', 'experience'})"
0.0371,"frozenset({'place', 'experience'})"
0.0225,"frozenset({'also', 'experience'})"
0.0217,"frozenset({'make', 'experience'})"
0.021,"frozenset({'got', 'experience'})"
0.0203,"frozenset({'went', 'experience'})"
0.0203,"frozenset({'good', 'food', 'experience'})"
0.0445,"frozenset({'never', 'time'})"
0.0425,"frozenset({'food', 'never'})"
0.0383,"frozenset({'good', 'never'})"
0.0342,"frozenset({'never', 'like'})"
0.0215,"frozenset({'order', 'never'})"
0.0209,"frozenset({'come', 'never'})"
0.0457,"frozenset({'place', 'never'})"
0.0334,"frozenset({'never', 'back'})"
0.033,"frozenset({'go', 'never'})"
0.0302,"frozenset({'great', 'never'})"
0.0227,"frozenset({'never', 'really'})"
0.0201,"frozenset({'never', 'im'})"
0.0378,"frozenset({'get', 'never'})"
0.0345,"frozenset({'never', 'one'})"
0.0215,"frozenset({'u', 'never'})"
0.0316,"frozenset({'would', 'never'})"
0.0242,"frozenset({'also', 'never'})"
0.0206,"frozenset({'never', 'make'})"
0.0336,"frozenset({'never', 'service'})"
0.0263,"frozenset({'even', 'never'})"
0.0231,"frozenset({'got', 'never'})"
0.0277,"frozenset({'ive', 'never'})"
0.0216,"frozenset({'dont', 'never'})"
0.0205,"frozenset({'never', 'always'})"
0.02,"frozenset({'well', 'never'})"
0.0208,"frozenset({'place', 'never', 'time'})"
0.0212,"frozenset({'food', 'place', 'never'})"
0.0205,"frozenset({'good', 'place', 'never'})"
0.0419,"frozenset({'way', 'good'})"
0.0387,"frozenset({'way', 'food'})"
0.0385,"frozenset({'way', 'time'})"
0.0342,"frozenset({'way', 'like'})"
0.023,"frozenset({'way', 'even'})"
0.0222,"frozenset({'way', 'make'})"
0.0336,"frozenset({'way', 'one'})"
0.0316,"frozenset({'way', 'get'})"
0.0311,"frozenset({'way', 'great'})"
0.0241,"frozenset({'way', 'really'})"
0.0213,"frozenset({'way', 'u'})"
0.0432,"frozenset({'way', 'place'})"
0.0272,"frozenset({'way', 'would'})"
0.0309,"frozenset({'way', 'go'})"
0.0243,"frozenset({'way', 'dont'})"
0.0227,"frozenset({'way', 'also'})"
0.0276,"frozenset({'way', 'service'})"
0.0205,"frozenset({'way', 'im'})"
0.0229,"frozenset({'way', 'got'})"
0.0318,"frozenset({'way', 'back'})"
0.0217,"frozenset({'way', 'good', 'place'})"
0.0214,"frozenset({'way', 'food', 'good'})"
0.0203,"frozenset({'way', 'food', 'place'})"
0.02,"frozenset({'way', 'place', 'time'})"
0.0205,"frozenset({'way', 'place', 'like'})"
0.0374,"frozenset({'time', 'going'})"
0.035,"frozenset({'good', 'going'})"
0.0323,"frozenset({'food', 'going'})"
0.0306,"frozenset({'like', 'going'})"
0.041,"frozenset({'place', 'going'})"
0.0381,"frozenset({'back', 'going'})"
0.0314,"frozenset({'great', 'going'})"
0.0293,"frozenset({'go', 'going'})"
0.0222,"frozenset({'im', 'going'})"
0.0212,"frozenset({'really', 'going'})"
0.0327,"frozenset({'one', 'going'})"
0.0325,"frozenset({'get', 'going'})"
0.0305,"frozenset({'would', 'going'})"
0.0265,"frozenset({'service', 'going'})"
0.0214,"frozenset({'dont', 'going'})"
0.0211,"frozenset({'got', 'going'})"
0.0201,"frozenset({'back', 'place', 'going'})"
0.0394,"frozenset({'time', 'take'})"
0.0367,"frozenset({'food', 'take'})"
0.0328,"frozenset({'good', 'take'})"
0.0309,"frozenset({'like', 'take'})"
0.0216,"frozenset({'order', 'take'})"
0.0392,"frozenset({'place', 'take'})"
0.0298,"frozenset({'take', 'back'})"
0.0279,"frozenset({'great', 'take'})"
0.0276,"frozenset({'go', 'take'})"
0.0204,"frozenset({'really', 'take'})"
0.0321,"frozenset({'get', 'take'})"
0.0291,"frozenset({'take', 'one'})"
0.0274,"frozenset({'would', 'take'})"
0.0274,"frozenset({'service', 'take'})"
0.0218,"frozenset({'make', 'take'})"
0.0217,"frozenset({'dont', 'take'})"
0.0207,"frozenset({'even', 'take'})"
0.0212,"frozenset({'also', 'take'})"
0.0358,"frozenset({'food', 'want'})"
0.0338,"frozenset({'good', 'want'})"
0.0322,"frozenset({'time', 'want'})"
0.0304,"frozenset({'like', 'want'})"
0.0322,"frozenset({'go', 'want'})"
0.0248,"frozenset({'would', 'want'})"
0.0417,"frozenset({'place', 'want'})"
0.0319,"frozenset({'get', 'want'})"
0.0275,"frozenset({'want', 'one'})"
0.0265,"frozenset({'dont', 'want'})"
0.0259,"frozenset({'want', 'back'})"
0.024,"frozenset({'service', 'want'})"
0.0218,"frozenset({'really', 'want'})"
0.0209,"frozenset({'also', 'want'})"
0.0286,"frozenset({'great', 'want'})"
0.0212,"frozenset({'food', 'place', 'want'})"
0.0412,"frozenset({'food', 'eat'})"
0.036,"frozenset({'good', 'eat'})"
0.0275,"frozenset({'time', 'eat'})"
0.0273,"frozenset({'like', 'eat'})"
0.0234,"frozenset({'would', 'eat'})"
0.0231,"frozenset({'go', 'eat'})"
0.04,"frozenset({'place', 'eat'})"
0.0228,"frozenset({'eat', 'back'})"
0.0221,"frozenset({'get', 'eat'})"
0.0231,"frozenset({'service', 'eat'})"
0.0275,"frozenset({'great', 'eat'})"
0.024,"frozenset({'eat', 'one'})"
0.023,"frozenset({'good', 'food', 'eat'})"
0.0207,"frozenset({'good', 'place', 'eat'})"
0.023,"frozenset({'food', 'place', 'eat'})"
0.0325,"frozenset({'time', 'hour'})"
0.0298,"frozenset({'food', 'hour'})"
0.0269,"frozenset({'good', 'hour'})"
0.022,"frozenset({'like', 'hour'})"
0.0289,"frozenset({'get', 'hour'})"
0.0273,"frozenset({'great', 'hour'})"
0.0247,"frozenset({'hour', 'one'})"
0.0229,"frozenset({'would', 'hour'})"
0.0217,"frozenset({'hour', 'back'})"
0.029,"frozenset({'place', 'hour'})"
0.0234,"frozenset({'go', 'hour'})"
0.0265,"frozenset({'service', 'hour'})"
0.028,"frozenset({'good', 'location'})"
0.0254,"frozenset({'food', 'location'})"
0.0252,"frozenset({'time', 'location'})"
0.0204,"frozenset({'like', 'location'})"
0.0273,"frozenset({'great', 'location'})"
0.0259,"frozenset({'place', 'location'})"
0.0219,"frozenset({'service', 'location'})"
0.0311,"frozenset({'time', 'many'})"
0.0293,"frozenset({'food', 'many'})"
0.0283,"frozenset({'good', 'many'})"
0.0236,"frozenset({'like', 'many'})"
0.0267,"frozenset({'one', 'many'})"
0.0256,"frozenset({'great', 'many'})"
0.0338,"frozenset({'place', 'many'})"
0.0218,"frozenset({'get', 'many'})"
0.0304,"frozenset({'2', 'time'})"
0.0283,"frozenset({'good', '2'})"
0.0269,"frozenset({'food', '2'})"
0.0251,"frozenset({'like', '2'})"
0.0217,"frozenset({'great', '2'})"
0.0216,"frozenset({'2', 'one'})"
0.031,"frozenset({'place', '2'})"
0.0247,"frozenset({'get', '2'})"
0.022,"frozenset({'would', '2'})"
0.0214,"frozenset({'go', '2'})"
0.0214,"frozenset({'2', 'service'})"
0.031,"frozenset({'another', 'time'})"
0.0285,"frozenset({'food', 'another'})"
0.0281,"frozenset({'good', 'another'})"
0.0251,"frozenset({'another', 'like'})"
0.0315,"frozenset({'place', 'another'})"
0.0264,"frozenset({'get', 'another'})"
0.0237,"frozenset({'go', 'another'})"
0.0214,"frozenset({'another', 'great'})"
0.0277,"frozenset({'another', 'one'})"
0.0251,"frozenset({'another', 'service'})"
0.0239,"frozenset({'would', 'another'})"
0.0257,"frozenset({'another', 'back'})"
0.0332,"frozenset({'good', 'tried'})"
0.027,"frozenset({'food', 'tried'})"
0.0268,"frozenset({'tried', 'time'})"
0.0205,"frozenset({'tried', 'like'})"
0.0316,"frozenset({'tried', 'place'})"
0.0246,"frozenset({'tried', 'great'})"
0.0211,"frozenset({'tried', 'get'})"
0.0214,"frozenset({'tried', 'back'})"
0.0212,"frozenset({'tried', 'one'})"
0.0312,"frozenset({'food', 'bad'})"
0.0306,"frozenset({'good', 'bad'})"
0.0243,"frozenset({'bad', 'time'})"
0.0227,"frozenset({'bad', 'like'})"
0.0316,"frozenset({'place', 'bad'})"
0.0222,"frozenset({'bad', 'service'})"
0.0217,"frozenset({'bad', 'one'})"
0.0202,"frozenset({'bad', 'back'})"
0.0216,"frozenset({'get', 'bad'})"
0.0345,"frozenset({'time', 'long'})"
0.0295,"frozenset({'food', 'long'})"
0.0282,"frozenset({'good', 'long'})"
0.0225,"frozenset({'like', 'long'})"
0.0277,"frozenset({'place', 'long'})"
0.0214,"frozenset({'go', 'long'})"
0.0214,"frozenset({'great', 'long'})"
0.0233,"frozenset({'service', 'long'})"
0.0223,"frozenset({'long', 'one'})"
0.0239,"frozenset({'get', 'long'})"
0.0472,"frozenset({'like', 'nice'})"
0.0415,"frozenset({'would', 'nice'})"
0.0692,"frozenset({'place', 'nice'})"
0.0596,"frozenset({'great', 'nice'})"
0.0386,"frozenset({'nice', 'back'})"
0.0644,"frozenset({'good', 'nice'})"
0.0372,"frozenset({'also', 'nice'})"
0.0576,"frozenset({'food', 'nice'})"
0.0446,"frozenset({'nice', 'time'})"
0.0395,"frozenset({'get', 'nice'})"
0.0433,"frozenset({'nice', 'one'})"
0.0384,"frozenset({'go', 'nice'})"
0.0409,"frozenset({'nice', 'service'})"
0.0413,"frozenset({'really', 'nice'})"
0.0242,"frozenset({'best', 'nice'})"
0.0259,"frozenset({'place', 'like', 'nice'})"
0.0215,"frozenset({'food', 'like', 'nice'})"
0.0255,"frozenset({'good', 'like', 'nice'})"
0.0213,"frozenset({'good', 'would', 'nice'})"
0.0222,"frozenset({'place', 'would', 'nice'})"
0.0311,"frozenset({'place', 'great', 'nice'})"
0.0254,"frozenset({'good', 'great', 'nice'})"
0.0329,"frozenset({'good', 'place', 'nice'})"
0.0201,"frozenset({'also', 'place', 'nice'})"
0.0306,"frozenset({'food', 'place', 'nice'})"
0.0319,"frozenset({'good', 'food', 'nice'})"
0.0248,"frozenset({'food', 'great', 'nice'})"
0.0223,"frozenset({'place', 'nice', 'time'})"
0.0201,"frozenset({'food', 'nice', 'time'})"
0.0221,"frozenset({'good', 'nice', 'time'})"
0.0206,"frozenset({'place', 'get', 'nice'})"
0.0207,"frozenset({'good', 'get', 'nice'})"
0.0241,"frozenset({'place', 'nice', 'one'})"
0.0215,"frozenset({'good', 'nice', 'one'})"
0.0205,"frozenset({'like', 'nice', 'one'})"
0.0215,"frozenset({'go', 'good', 'nice'})"
0.0224,"frozenset({'go', 'place', 'nice'})"
0.0212,"frozenset({'good', 'nice', 'service'})"
0.0206,"frozenset({'food', 'nice', 'service'})"
0.0243,"frozenset({'good', 'really', 'nice'})"
0.0225,"frozenset({'place', 'really', 'nice'})"
0.0458,"frozenset({'even', 'like'})"
0.0236,"frozenset({'even', 'nice'})"
0.0468,"frozenset({'even', 'get'})"
0.0405,"frozenset({'even', 'would'})"
0.0393,"frozenset({'go', 'even'})"
0.0331,"frozenset({'even', 'really'})"
0.0304,"frozenset({'also', 'even'})"
0.0223,"frozenset({'even', 'staff'})"
0.0543,"frozenset({'even', 'time'})"
0.0482,"frozenset({'even', 'one'})"
0.0419,"frozenset({'even', 'back'})"
0.0533,"frozenset({'good', 'even'})"
0.0254,"frozenset({'even', 'best'})"
0.0591,"frozenset({'place', 'even'})"
0.0531,"frozenset({'food', 'even'})"
0.0432,"frozenset({'even', 'service'})"
0.0347,"frozenset({'dont', 'even'})"
0.0441,"frozenset({'even', 'great'})"
0.0309,"frozenset({'got', 'even'})"
0.0241,"frozenset({'even', 'restaurant'})"
0.0265,"frozenset({'even', 'well'})"
0.0204,"frozenset({'even', 'get', 'like'})"
0.0262,"frozenset({'place', 'even', 'like'})"
0.0231,"frozenset({'good', 'even', 'like'})"
0.0216,"frozenset({'even', 'like', 'time'})"
0.0207,"frozenset({'even', 'like', 'one'})"
0.0203,"frozenset({'food', 'even', 'like'})"
0.0238,"frozenset({'even', 'get', 'time'})"
0.0218,"frozenset({'even', 'get', 'one'})"
0.0245,"frozenset({'place', 'even', 'get'})"
0.0214,"frozenset({'good', 'even', 'get'})"
0.0204,"frozenset({'even', 'would', 'time'})"
0.0215,"frozenset({'place', 'go', 'even'})"
0.0251,"frozenset({'place', 'even', 'time'})"
0.024,"frozenset({'even', 'time', 'one'})"
0.0243,"frozenset({'place', 'even', 'one'})"
0.0214,"frozenset({'good', 'even', 'one'})"
0.0214,"frozenset({'even', 'time', 'back'})"
0.0206,"frozenset({'place', 'even', 'back'})"
0.0283,"frozenset({'place', 'good', 'even'})"
0.0247,"frozenset({'good', 'even', 'time'})"
0.0266,"frozenset({'place', 'food', 'even'})"
0.0263,"frozenset({'good', 'food', 'even'})"
0.0237,"frozenset({'food', 'even', 'time'})"
0.0215,"frozenset({'food', 'even', 'service'})"
0.02,"frozenset({'service', 'even', 'time'})"
0.022,"frozenset({'place', 'even', 'great'})"
0.045,"frozenset({'like', 'make'})"
0.0294,"frozenset({'even', 'make'})"
0.0246,"frozenset({'make', 'nice'})"
0.0444,"frozenset({'great', 'make'})"
0.0388,"frozenset({'would', 'make'})"
0.0515,"frozenset({'food', 'make'})"
0.0496,"frozenset({'make', 'time'})"
0.0409,"frozenset({'go', 'make'})"
0.0566,"frozenset({'place', 'make'})"
0.0559,"frozenset({'good', 'make'})"
0.0464,"frozenset({'get', 'make'})"
0.0442,"frozenset({'make', 'one'})"
0.0383,"frozenset({'make', 'back'})"
0.0358,"frozenset({'make', 'service'})"
0.0319,"frozenset({'make', 'really'})"
0.0313,"frozenset({'dont', 'make'})"
0.0228,"frozenset({'make', 'love'})"
0.022,"frozenset({'make', 'staff'})"
0.0342,"frozenset({'also', 'make'})"
0.0254,"frozenset({'got', 'make'})"
0.0218,"frozenset({'restaurant', 'make'})"
0.0269,"frozenset({'make', 'best'})"
0.0255,"frozenset({'well', 'make'})"
0.0244,"frozenset({'good', 'like', 'make'})"
0.0243,"frozenset({'place', 'like', 'make'})"
0.0219,"frozenset({'food', 'like', 'make'})"
0.0212,"frozenset({'like', 'time', 'make'})"
0.0224,"frozenset({'place', 'great', 'make'})"
0.0285,"frozenset({'good', 'food', 'make'})"
0.0278,"frozenset({'food', 'place', 'make'})"
0.0218,"frozenset({'food', 'make', 'time'})"
0.0248,"frozenset({'good', 'make', 'time'})"
0.0247,"frozenset({'place', 'make', 'time'})"
0.0214,"frozenset({'go', 'place', 'make'})"
0.0212,"frozenset({'go', 'good', 'make'})"
0.0285,"frozenset({'good', 'place', 'make'})"
0.0254,"frozenset({'good', 'get', 'make'})"
0.0236,"frozenset({'place', 'get', 'make'})"
0.0223,"frozenset({'get', 'make', 'time'})"
0.023,"frozenset({'good', 'make', 'one'})"
0.0223,"frozenset({'place', 'make', 'one'})"
0.022,"frozenset({'make', 'time', 'one'})"
0.0213,"frozenset({'like', 'make', 'one'})"
0.0206,"frozenset({'get', 'make', 'one'})"
0.0202,"frozenset({'food', 'make', 'one'})"
0.02,"frozenset({'good', 'make', 'back'})"
0.0426,"frozenset({'ive', 'like'})"
0.0249,"frozenset({'ive', 'make'})"
0.0245,"frozenset({'even', 'ive'})"
0.0232,"frozenset({'ive', 'nice'})"
0.0582,"frozenset({'place', 'ive'})"
0.0452,"frozenset({'ive', 'great'})"
0.0418,"frozenset({'ive', 'get'})"
0.0352,"frozenset({'go', 'ive'})"
0.0218,"frozenset({'got', 'ive'})"
0.052,"frozenset({'good', 'ive'})"
0.044,"frozenset({'ive', 'best'})"
0.0303,"frozenset({'ive', 'really'})"
0.0438,"frozenset({'ive', 'one'})"
0.0371,"frozenset({'ive', 'service'})"
0.0327,"frozenset({'ive', 'back'})"
0.0294,"frozenset({'dont', 'ive'})"
0.0286,"frozenset({'would', 'ive'})"
0.022,"frozenset({'ive', 'restaurant'})"
0.0525,"frozenset({'ive', 'time'})"
0.0505,"frozenset({'food', 'ive'})"
0.0273,"frozenset({'also', 'ive'})"
0.0231,"frozenset({'ive', 'love'})"
0.023,"frozenset({'ive', 'well'})"
0.0244,"frozenset({'place', 'ive', 'like'})"
0.021,"frozenset({'food', 'ive', 'like'})"
0.0207,"frozenset({'ive', 'like', 'time'})"
0.0224,"frozenset({'good', 'ive', 'like'})"
0.0227,"frozenset({'place', 'ive', 'great'})"
0.0228,"frozenset({'place', 'ive', 'get'})"
0.0204,"frozenset({'good', 'ive', 'get'})"
0.0211,"frozenset({'ive', 'get', 'time'})"
0.0243,"frozenset({'good', 'ive', 'time'})"
0.027,"frozenset({'place', 'good', 'ive'})"
0.0215,"frozenset({'place', 'ive', 'one'})"
0.0209,"frozenset({'ive', 'time', 'one'})"
0.0248,"frozenset({'place', 'ive', 'time'})"
0.0267,"frozenset({'place', 'food', 'ive'})"
0.0229,"frozenset({'food', 'ive', 'time'})"
0.0254,"frozenset({'good', 'food', 'ive'})"
0.0344,"frozenset({'like', 'always'})"
0.0252,"frozenset({'ive', 'always'})"
0.0245,"frozenset({'make', 'always'})"
0.0456,"frozenset({'food', 'always'})"
0.0449,"frozenset({'time', 'always'})"
0.0353,"frozenset({'go', 'always'})"
0.0206,"frozenset({'would', 'always'})"
0.0471,"frozenset({'good', 'always'})"
0.0255,"frozenset({'best', 'always'})"
0.0238,"frozenset({'really', 'always'})"
0.0502,"frozenset({'place', 'always'})"
0.0444,"frozenset({'great', 'always'})"
0.0337,"frozenset({'service', 'always'})"
0.0292,"frozenset({'love', 'always'})"
0.0246,"frozenset({'also', 'always'})"
0.0242,"frozenset({'friendly', 'always'})"
0.0239,"frozenset({'dont', 'always'})"
0.024,"frozenset({'staff', 'always'})"
0.0319,"frozenset({'always', 'one'})"
0.035,"frozenset({'get', 'always'})"
0.0235,"frozenset({'always', 'back'})"
0.022,"frozenset({'come', 'always'})"
0.023,"frozenset({'good', 'food', 'always'})"
0.022,"frozenset({'food', 'place', 'always'})"
0.0218,"frozenset({'place', 'time', 'always'})"
0.0208,"frozenset({'good', 'time', 'always'})"
0.0227,"frozenset({'good', 'place', 'always'})"
0.0213,"frozenset({'place', 'great', 'always'})"
0.02,"frozenset({'food', 'great', 'always'})"
0.0244,"frozenset({'amazing', 'like'})"
0.0209,"frozenset({'amazing', 'would'})"
0.0399,"frozenset({'amazing', 'great'})"
0.0441,"frozenset({'amazing', 'place'})"
0.0296,"frozenset({'amazing', 'service'})"
0.0246,"frozenset({'amazing', 'one'})"
0.0227,"frozenset({'amazing', 'also'})"
0.0336,"frozenset({'good', 'amazing'})"
0.0421,"frozenset({'food', 'amazing'})"
0.0279,"frozenset({'amazing', 'time'})"
0.026,"frozenset({'amazing', 'get'})"
0.0245,"frozenset({'go', 'amazing'})"
0.022,"frozenset({'amazing', 'really'})"
0.0209,"frozenset({'amazing', 'best'})"
0.0268,"frozenset({'amazing', 'back'})"
0.02,"frozenset({'food', 'amazing', 'place'})"
0.0334,"frozenset({'lot', 'like'})"
0.0392,"frozenset({'good', 'lot'})"
0.0384,"frozenset({'place', 'lot'})"
0.0233,"frozenset({'also', 'lot'})"
0.0313,"frozenset({'lot', 'great'})"
0.0297,"frozenset({'lot', 'time'})"
0.0288,"frozenset({'lot', 'one'})"
0.0249,"frozenset({'would', 'lot'})"
0.0238,"frozenset({'lot', 'really'})"
0.0284,"frozenset({'get', 'lot'})"
0.033,"frozenset({'food', 'lot'})"
0.0252,"frozenset({'go', 'lot'})"
0.0248,"frozenset({'lot', 'back'})"
0.0236,"frozenset({'lot', 'service'})"
0.0203,"frozenset({'dont', 'lot'})"
0.0202,"frozenset({'good', 'food', 'lot'})"
0.021,"frozenset({'like', 'year'})"
0.0279,"frozenset({'great', 'year'})"
0.0227,"frozenset({'go', 'year'})"
0.0235,"frozenset({'year', 'one'})"
0.031,"frozenset({'year', 'time'})"
0.0298,"frozenset({'place', 'year'})"
0.026,"frozenset({'get', 'year'})"
0.0252,"frozenset({'good', 'year'})"
0.023,"frozenset({'food', 'year'})"
0.0212,"frozenset({'year', 'service'})"
0.0224,"frozenset({'year', 'back'})"
0.0276,"frozenset({'like', 'review'})"
0.032,"frozenset({'place', 'review'})"
0.0303,"frozenset({'good', 'review'})"
0.0294,"frozenset({'time', 'review'})"
0.0281,"frozenset({'food', 'review'})"
0.0262,"frozenset({'review', 'one'})"
0.0243,"frozenset({'get', 'review'})"
0.0241,"frozenset({'review', 'back'})"
0.0232,"frozenset({'would', 'review'})"
0.0223,"frozenset({'service', 'review'})"
0.0214,"frozenset({'go', 'review'})"
0.0206,"frozenset({'really', 'review'})"
0.0234,"frozenset({'great', 'review'})"
0.0246,"frozenset({'like', 'every'})"
0.0368,"frozenset({'every', 'time'})"
0.0275,"frozenset({'food', 'every'})"
0.0245,"frozenset({'go', 'every'})"
0.0305,"frozenset({'place', 'every'})"
0.0227,"frozenset({'every', 'one'})"
0.0249,"frozenset({'great', 'every'})"
0.0251,"frozenset({'get', 'every'})"
0.0245,"frozenset({'good', 'every'})"
0.0209,"frozenset({'like', 'work'})"
0.0248,"frozenset({'get', 'work'})"
0.0209,"frozenset({'go', 'work'})"
0.0236,"frozenset({'good', 'work'})"
0.0276,"frozenset({'place', 'work'})"
0.0231,"frozenset({'great', 'work'})"
0.0218,"frozenset({'work', 'one'})"
0.0272,"frozenset({'time', 'work'})"
0.0203,"frozenset({'service', 'work'})"
0.0221,"frozenset({'need', 'like'})"
0.0243,"frozenset({'need', 'get'})"
0.0216,"frozenset({'need', 'great'})"
0.0266,"frozenset({'need', 'place'})"
0.0259,"frozenset({'need', 'time'})"
0.0206,"frozenset({'need', 'one'})"
0.0243,"frozenset({'good', 'need'})"
0.0205,"frozenset({'food', 'need'})"
0.0286,"frozenset({'clean', 'place'})"
0.0245,"frozenset({'clean', 'great'})"
0.0213,"frozenset({'clean', 'time'})"
0.0204,"frozenset({'clean', 'friendly'})"
0.0201,"frozenset({'good', 'clean'})"
0.02,"frozenset({'nothing', 'like'})"
0.0238,"frozenset({'food', 'nothing'})"
0.0221,"frozenset({'good', 'nothing'})"
0.0248,"frozenset({'nothing', 'place'})"
0.0233,"frozenset({'check', 'place'})"
0.0216,"frozenset({'check', 'time'})"
0.02,"frozenset({'place', 'top'})"
0.0798,"frozenset({'also', 'place'})"
0.0764,"frozenset({'good', 'also'})"
0.0573,"frozenset({'also', 'like'})"
0.0523,"frozenset({'also', 'get'})"
0.0485,"frozenset({'also', 'would'})"
0.0473,"frozenset({'go', 'also'})"
0.0464,"frozenset({'also', 'really'})"
0.0664,"frozenset({'also', 'great'})"
0.0594,"frozenset({'also', 'time'})"
0.0483,"frozenset({'also', 'service'})"
0.0678,"frozenset({'food', 'also'})"
0.0534,"frozenset({'also', 'one'})"
0.0476,"frozenset({'also', 'back'})"
0.0407,"frozenset({'good', 'also', 'place'})"
0.0326,"frozenset({'also', 'place', 'like'})"
0.025,"frozenset({'food', 'also', 'like'})"
0.0253,"frozenset({'also', 'like', 'time'})"
0.0231,"frozenset({'great', 'also', 'like'})"
0.0305,"frozenset({'good', 'also', 'like'})"
0.0237,"frozenset({'also', 'get', 'like'})"
0.0284,"frozenset({'place', 'also', 'get'})"
0.0243,"frozenset({'also', 'get', 'time'})"
0.0224,"frozenset({'food', 'also', 'get'})"
0.0208,"frozenset({'also', 'get', 'great'})"
0.0272,"frozenset({'good', 'also', 'get'})"
0.021,"frozenset({'also', 'get', 'one'})"
0.0205,"frozenset({'also', 'would', 'like'})"
0.025,"frozenset({'place', 'also', 'would'})"
0.021,"frozenset({'also', 'would', 'one'})"
0.0209,"frozenset({'food', 'also', 'would'})"
0.0252,"frozenset({'good', 'also', 'would'})"
0.021,"frozenset({'also', 'would', 'time'})"
0.0202,"frozenset({'go', 'also', 'like'})"
0.0263,"frozenset({'go', 'also', 'place'})"
0.0213,"frozenset({'go', 'also', 'time'})"
0.0209,"frozenset({'go', 'also', 'great'})"
0.0217,"frozenset({'go', 'food', 'also'})"
0.0252,"frozenset({'good', 'go', 'also'})"
0.0217,"frozenset({'also', 'like', 'really'})"
0.0254,"frozenset({'also', 'place', 'really'})"
0.0221,"frozenset({'food', 'also', 'really'})"
0.0202,"frozenset({'also', 'great', 'really'})"
0.0287,"frozenset({'good', 'also', 'really'})"
0.0352,"frozenset({'also', 'place', 'great'})"
0.029,"frozenset({'food', 'also', 'great'})"
0.0309,"frozenset({'good', 'also', 'great'})"
0.03,"frozenset({'also', 'place', 'time'})"
0.0249,"frozenset({'also', 'great', 'time'})"
0.0292,"frozenset({'good', 'also', 'time'})"
0.0254,"frozenset({'food', 'also', 'time'})"
0.023,"frozenset({'also', 'place', 'service'})"
0.0229,"frozenset({'also', 'great', 'service'})"
0.0236,"frozenset({'food', 'also', 'service'})"
0.0235,"frozenset({'good', 'also', 'service'})"
0.0385,"frozenset({'good', 'food', 'also'})"
0.0372,"frozenset({'food', 'also', 'place'})"
0.0231,"frozenset({'good', 'food', 'also', 'place'})"
0.0309,"frozenset({'also', 'place', 'one'})"
0.022,"frozenset({'also', 'great', 'one'})"
0.0265,"frozenset({'good', 'also', 'one'})"
0.0255,"frozenset({'also', 'time', 'one'})"
0.0234,"frozenset({'also', 'like', 'one'})"
0.0234,"frozenset({'food', 'also', 'one'})"
0.0243,"frozenset({'good', 'also', 'back'})"
0.0211,"frozenset({'also', 'time', 'back'})"
0.0205,"frozenset({'back', 'also', 'one'})"
0.0239,"frozenset({'also', 'place', 'back'})"
0.0596,"frozenset({'place', 'friendly'})"
0.0543,"frozenset({'good', 'friendly'})"
0.0306,"frozenset({'also', 'friendly'})"
0.0576,"frozenset({'friendly', 'great'})"
0.034,"frozenset({'friendly', 'back'})"
0.0269,"frozenset({'friendly', 'nice'})"
0.0468,"frozenset({'friendly', 'service'})"
0.0408,"frozenset({'friendly', 'time'})"
0.0323,"frozenset({'go', 'friendly'})"
0.0242,"frozenset({'friendly', 'best'})"
0.0328,"frozenset({'friendly', 'one'})"
0.0288,"frozenset({'would', 'friendly'})"
0.0549,"frozenset({'food', 'friendly'})"
0.0324,"frozenset({'friendly', 'get'})"
0.0341,"frozenset({'friendly', 'like'})"
0.0278,"frozenset({'friendly', 'really'})"
0.0241,"frozenset({'place', 'good', 'friendly'})"
0.0217,"frozenset({'good', 'friendly', 'great'})"
0.0253,"frozenset({'good', 'food', 'friendly'})"
0.0279,"frozenset({'place', 'friendly', 'great'})"
0.0213,"frozenset({'friendly', 'great', 'service'})"
0.0215,"frozenset({'food', 'friendly', 'service'})"
0.025,"frozenset({'food', 'friendly', 'great'})"
0.0258,"frozenset({'place', 'food', 'friendly'})"
0.0626,"frozenset({'friendly', 'staff'})"
0.0565,"frozenset({'place', 'staff'})"
0.0464,"frozenset({'good', 'staff'})"
0.0268,"frozenset({'also', 'staff'})"
0.0345,"frozenset({'get', 'staff'})"
0.0342,"frozenset({'like', 'staff'})"
0.0308,"frozenset({'go', 'staff'})"
0.0293,"frozenset({'would', 'staff'})"
0.0263,"frozenset({'really', 'staff'})"
0.057,"frozenset({'great', 'staff'})"
0.032,"frozenset({'staff', 'back'})"
0.0306,"frozenset({'nice', 'staff'})"
0.0538,"frozenset({'food', 'staff'})"
0.0363,"frozenset({'staff', 'one'})"
0.0318,"frozenset({'service', 'staff'})"
0.0456,"frozenset({'time', 'staff'})"
0.0248,"frozenset({'best', 'staff'})"
0.0256,"frozenset({'place', 'friendly', 'staff'})"
0.0261,"frozenset({'place', 'great', 'staff'})"
0.0217,"frozenset({'good', 'friendly', 'staff'})"
0.0204,"frozenset({'good', 'place', 'staff'})"
0.0229,"frozenset({'good', 'food', 'staff'})"
0.0246,"frozenset({'friendly', 'great', 'staff'})"
0.0231,"frozenset({'food', 'place', 'staff'})"
0.0218,"frozenset({'food', 'friendly', 'staff'})"
0.0232,"frozenset({'food', 'great', 'staff'})"
0.0219,"frozenset({'food', 'time', 'staff'})"
0.0203,"frozenset({'place', 'staff', 'time'})"
0.0535,"frozenset({'good', 'menu'})"
0.0532,"frozenset({'place', 'menu'})"
0.0275,"frozenset({'also', 'menu'})"
0.0448,"frozenset({'great', 'menu'})"
0.0391,"frozenset({'like', 'menu'})"
0.0371,"frozenset({'menu', 'time'})"
0.0352,"frozenset({'menu', 'one'})"
0.0299,"frozenset({'would', 'menu'})"
0.0289,"frozenset({'really', 'menu'})"
0.026,"frozenset({'u', 'menu'})"
0.0259,"frozenset({'well', 'menu'})"
0.0258,"frozenset({'try', 'menu'})"
0.0593,"frozenset({'food', 'menu'})"
0.0326,"frozenset({'go', 'menu'})"
0.0228,"frozenset({'make', 'menu'})"
0.0226,"frozenset({'menu', 'delicious'})"
0.0368,"frozenset({'menu', 'back'})"
0.0251,"frozenset({'ordered', 'menu'})"
0.0389,"frozenset({'menu', 'service'})"
0.0324,"frozenset({'restaurant', 'menu'})"
0.0336,"frozenset({'get', 'menu'})"
0.0258,"frozenset({'order', 'menu'})"
0.023,"frozenset({'nice', 'menu'})"
0.0223,"frozenset({'dont', 'menu'})"
0.0228,"frozenset({'little', 'menu'})"
0.0206,"frozenset({'best', 'menu'})"
0.0317,"frozenset({'good', 'food', 'menu'})"
0.0288,"frozenset({'good', 'place', 'menu'})"
0.0312,"frozenset({'food', 'place', 'menu'})"
0.0225,"frozenset({'good', 'great', 'menu'})"
0.0231,"frozenset({'place', 'great', 'menu'})"
0.0269,"frozenset({'food', 'great', 'menu'})"
0.0235,"frozenset({'good', 'like', 'menu'})"
0.0244,"frozenset({'food', 'like', 'menu'})"
0.0229,"frozenset({'place', 'like', 'menu'})"
0.0203,"frozenset({'good', 'menu', 'time'})"
0.0223,"frozenset({'food', 'menu', 'time'})"
0.0201,"frozenset({'place', 'menu', 'time'})"
0.0201,"frozenset({'good', 'menu', 'one'})"
0.021,"frozenset({'food', 'menu', 'one'})"
0.0206,"frozenset({'food', 'menu', 'back'})"
0.0204,"frozenset({'good', 'menu', 'service'})"
0.0249,"frozenset({'food', 'menu', 'service'})"
0.0219,"frozenset({'food', 'restaurant', 'menu'})"
0.0449,"frozenset({'day', 'place'})"
0.0383,"frozenset({'good', 'day'})"
0.0263,"frozenset({'day', 'also'})"
0.0414,"frozenset({'day', 'time'})"
0.038,"frozenset({'day', 'one'})"
0.0349,"frozenset({'day', 'great'})"
0.033,"frozenset({'day', 'like'})"
0.0306,"frozenset({'day', 'would'})"
0.0254,"frozenset({'day', 'really'})"
0.0217,"frozenset({'day', 'well'})"
0.0204,"frozenset({'u', 'day'})"
0.0344,"frozenset({'day', 'back'})"
0.0331,"frozenset({'day', 'get'})"
0.0229,"frozenset({'day', 'even'})"
0.0206,"frozenset({'day', 'could'})"
0.02,"frozenset({'day', 'made'})"
0.0203,"frozenset({'day', 'nice'})"
0.0283,"frozenset({'day', 'service'})"
0.0221,"frozenset({'got', 'day'})"
0.0219,"frozenset({'day', 'make'})"
0.0339,"frozenset({'food', 'day'})"
0.0295,"frozenset({'go', 'day'})"
0.0205,"frozenset({'day', 'went'})"
0.02,"frozenset({'dont', 'day'})"
0.0219,"frozenset({'good', 'day', 'place'})"
0.0206,"frozenset({'day', 'place', 'time'})"
0.0452,"frozenset({'good', 'chicken'})"
0.0395,"frozenset({'chicken', 'place'})"
0.0221,"frozenset({'chicken', 'also'})"
0.051,"frozenset({'chicken', 'food'})"
0.0265,"frozenset({'chicken', 'time'})"
0.0361,"frozenset({'chicken', 'great'})"
0.0266,"frozenset({'chicken', 'back'})"
0.0261,"frozenset({'chicken', 'service'})"
0.0255,"frozenset({'go', 'chicken'})"
0.0253,"frozenset({'chicken', 'get'})"
0.0252,"frozenset({'chicken', 'one'})"
0.0218,"frozenset({'chicken', 'would'})"
0.0301,"frozenset({'chicken', 'like'})"
0.021,"frozenset({'chicken', 'really'})"
0.0241,"frozenset({'ordered', 'chicken'})"
0.0204,"frozenset({'chicken', 'best'})"
0.0274,"frozenset({'good', 'food', 'chicken'})"
0.0211,"frozenset({'good', 'chicken', 'place'})"
0.0235,"frozenset({'chicken', 'food', 'place'})"
0.0208,"frozenset({'chicken', 'food', 'great'})"
0.0391,"frozenset({'place', 'two'})"
0.0381,"frozenset({'good', 'two'})"
0.0244,"frozenset({'also', 'two'})"
0.0379,"frozenset({'food', 'two'})"
0.0324,"frozenset({'get', 'two'})"
0.0308,"frozenset({'would', 'two'})"
0.0204,"frozenset({'could', 'two'})"
0.0411,"frozenset({'one', 'two'})"
0.0212,"frozenset({'u', 'two'})"
0.0315,"frozenset({'back', 'two'})"
0.0208,"frozenset({'got', 'two'})"
0.0207,"frozenset({'even', 'two'})"
0.0261,"frozenset({'go', 'two'})"
0.02,"frozenset({'people', 'two'})"
0.037,"frozenset({'time', 'two'})"
0.0305,"frozenset({'like', 'two'})"
0.0332,"frozenset({'great', 'two'})"
0.0231,"frozenset({'really', 'two'})"
0.0202,"frozenset({'first', 'two'})"
0.0278,"frozenset({'service', 'two'})"
0.0215,"frozenset({'ordered', 'two'})"
0.0211,"frozenset({'place', 'one', 'two'})"
0.0201,"frozenset({'good', 'food', 'two'})"
0.0403,"frozenset({'fresh', 'place'})"
0.0372,"frozenset({'good', 'fresh'})"
0.0209,"frozenset({'fresh', 'also'})"
0.0412,"frozenset({'food', 'fresh'})"
0.0217,"frozenset({'fresh', 'delicious'})"
0.0255,"frozenset({'fresh', 'like'})"
0.0201,"frozenset({'fresh', 'would'})"
0.0337,"frozenset({'fresh', 'great'})"
0.0249,"frozenset({'fresh', 'time'})"
0.0224,"frozenset({'go', 'fresh'})"
0.022,"frozenset({'fresh', 'get'})"
0.023,"frozenset({'fresh', 'back'})"
0.0276,"frozenset({'fresh', 'service'})"
0.0235,"frozenset({'fresh', 'one'})"
0.0205,"frozenset({'food', 'fresh', 'place'})"
0.0201,"frozenset({'good', 'food', 'fresh'})"
0.0376,"frozenset({'good', 'meal'})"
0.0338,"frozenset({'place', 'meal'})"
0.0202,"frozenset({'also', 'meal'})"
0.0426,"frozenset({'food', 'meal'})"
0.0319,"frozenset({'meal', 'time'})"
0.0247,"frozenset({'go', 'meal'})"
0.0215,"frozenset({'would', 'meal'})"
0.025,"frozenset({'meal', 'like'})"
0.0242,"frozenset({'meal', 'back'})"
0.0215,"frozenset({'ordered', 'meal'})"
0.028,"frozenset({'meal', 'one'})"
0.0301,"frozenset({'meal', 'service'})"
0.0285,"frozenset({'meal', 'great'})"
0.0228,"frozenset({'get', 'meal'})"
0.0222,"frozenset({'restaurant', 'meal'})"
0.0201,"frozenset({'u', 'meal'})"
0.0228,"frozenset({'good', 'food', 'meal'})"
0.021,"frozenset({'food', 'place', 'meal'})"
0.0344,"frozenset({'good', 'next'})"
0.0335,"frozenset({'next', 'place'})"
0.047,"frozenset({'next', 'time'})"
0.0284,"frozenset({'next', 'great'})"
0.0269,"frozenset({'next', 'one'})"
0.0252,"frozenset({'next', 'like'})"
0.0248,"frozenset({'next', 'would'})"
0.0317,"frozenset({'next', 'back'})"
0.0287,"frozenset({'next', 'food'})"
0.0275,"frozenset({'next', 'get'})"
0.0232,"frozenset({'go', 'next'})"
0.0232,"frozenset({'next', 'service'})"
0.0227,"frozenset({'good', 'next', 'time'})"
0.022,"frozenset({'next', 'place', 'time'})"
0.0208,"frozenset({'next', 'time', 'back'})"
0.0234,"frozenset({'breakfast', 'place'})"
0.022,"frozenset({'good', 'breakfast'})"
0.0219,"frozenset({'breakfast', 'great'})"
0.021,"frozenset({'food', 'breakfast'})"
0.0255,"frozenset({'good', 'fried'})"
0.022,"frozenset({'fried', 'place'})"
0.0234,"frozenset({'fried', 'food'})"
0.0214,"frozenset({'food', 'served'})"
0.0203,"frozenset({'hotel', 'room'})"
0.0642,"frozenset({'good', 'dont'})"
0.0343,"frozenset({'dont', 'also'})"
0.0241,"frozenset({'dont', 'nice'})"
0.0687,"frozenset({'dont', 'place'})"
0.0567,"frozenset({'dont', 'time'})"
0.0484,"frozenset({'go', 'dont'})"
0.047,"frozenset({'dont', 'great'})"
0.044,"frozenset({'dont', 'service'})"
0.0259,"frozenset({'dont', 'best'})"
0.0213,"frozenset({'dont', 'friendly'})"
0.0589,"frozenset({'dont', 'like'})"
0.0584,"frozenset({'food', 'dont'})"
0.0567,"frozenset({'dont', 'get'})"
0.0477,"frozenset({'dont', 'one'})"
0.0418,"frozenset({'dont', 'back'})"
0.0387,"frozenset({'dont', 'would'})"
0.0386,"frozenset({'dont', 'really'})"
0.0209,"frozenset({'dont', 'staff'})"
0.0279,"frozenset({'dont', 'well'})"
0.0339,"frozenset({'good', 'dont', 'place'})"
0.0205,"frozenset({'dont', 'place', 'also'})"
0.0293,"frozenset({'dont', 'place', 'time'})"
0.0292,"frozenset({'good', 'dont', 'time'})"
0.0283,"frozenset({'dont', 'get', 'time'})"
0.0283,"frozenset({'dont', 'like', 'time'})"
0.0261,"frozenset({'food', 'dont', 'time'})"
0.0265,"frozenset({'go', 'dont', 'place'})"
0.0247,"frozenset({'go', 'dont', 'time'})"
0.0244,"frozenset({'go', 'dont', 'good'})"
0.0238,"frozenset({'go', 'dont', 'like'})"
0.0237,"frozenset({'go', 'dont', 'get'})"
0.0224,"frozenset({'go', 'food', 'dont'})"
0.0253,"frozenset({'dont', 'place', 'great'})"
0.0233,"frozenset({'good', 'dont', 'great'})"
0.0215,"frozenset({'food', 'dont', 'great'})"
0.0211,"frozenset({'great', 'dont', 'like'})"
0.0228,"frozenset({'dont', 'place', 'service'})"
0.0219,"frozenset({'service', 'dont', 'time'})"
0.0229,"frozenset({'food', 'dont', 'service'})"
0.0223,"frozenset({'good', 'dont', 'service'})"
0.0345,"frozenset({'dont', 'place', 'like'})"
0.0304,"frozenset({'good', 'dont', 'like'})"
0.0328,"frozenset({'good', 'food', 'dont'})"
0.0325,"frozenset({'food', 'dont', 'place'})"
0.0265,"frozenset({'food', 'dont', 'like'})"
0.0309,"frozenset({'place', 'dont', 'get'})"
0.0292,"frozenset({'good', 'dont', 'get'})"
0.026,"frozenset({'dont', 'get', 'like'})"
0.0241,"frozenset({'food', 'dont', 'get'})"
0.0263,"frozenset({'dont', 'place', 'one'})"
0.0252,"frozenset({'dont', 'time', 'one'})"
0.025,"frozenset({'dont', 'like', 'one'})"
0.0247,"frozenset({'good', 'dont', 'one'})"
0.0232,"frozenset({'dont', 'get', 'one'})"
0.0202,"frozenset({'go', 'dont', 'one'})"
0.02,"frozenset({'food', 'dont', 'one'})"
0.0226,"frozenset({'good', 'dont', 'back'})"
0.0213,"frozenset({'dont', 'like', 'back'})"
0.021,"frozenset({'dont', 'place', 'back'})"
0.0201,"frozenset({'dont', 'time', 'back'})"
0.0212,"frozenset({'place', 'dont', 'would'})"
0.0202,"frozenset({'dont', 'would', 'like'})"
0.0227,"frozenset({'good', 'dont', 'really'})"
0.0223,"frozenset({'dont', 'place', 'really'})"
0.0215,"frozenset({'dont', 'like', 'really'})"
0.0256,"frozenset({'would', 'delicious'})"
0.0235,"frozenset({'nice', 'delicious'})"
0.0625,"frozenset({'food', 'delicious'})"
0.0399,"frozenset({'service', 'delicious'})"
0.0344,"frozenset({'back', 'delicious'})"
0.0259,"frozenset({'restaurant', 'delicious'})"
0.0211,"frozenset({'best', 'delicious'})"
0.049,"frozenset({'great', 'delicious'})"
0.0347,"frozenset({'time', 'delicious'})"
0.0288,"frozenset({'like', 'delicious'})"
0.0252,"frozenset({'friendly', 'delicious'})"
0.0536,"frozenset({'place', 'delicious'})"
0.0201,"frozenset({'love', 'delicious'})"
0.0451,"frozenset({'good', 'delicious'})"
0.029,"frozenset({'get', 'delicious'})"
0.0246,"frozenset({'well', 'delicious'})"
0.0314,"frozenset({'also', 'delicious'})"
0.0283,"frozenset({'go', 'delicious'})"
0.0316,"frozenset({'one', 'delicious'})"
0.024,"frozenset({'really', 'delicious'})"
0.0248,"frozenset({'food', 'service', 'delicious'})"
0.0202,"frozenset({'great', 'service', 'delicious'})"
0.0269,"frozenset({'food', 'great', 'delicious'})"
0.0229,"frozenset({'place', 'great', 'delicious'})"
0.0286,"frozenset({'food', 'place', 'delicious'})"
0.0255,"frozenset({'good', 'food', 'delicious'})"
0.0223,"frozenset({'good', 'place', 'delicious'})"
0.024,"frozenset({'dont', 'try'})"
0.0229,"frozenset({'try', 'delicious'})"
0.0527,"frozenset({'good', 'try'})"
0.0434,"frozenset({'try', 'time'})"
0.0431,"frozenset({'try', 'great'})"
0.0382,"frozenset({'try', 'like'})"
0.0369,"frozenset({'try', 'one'})"
0.0328,"frozenset({'try', 'would'})"
0.0285,"frozenset({'try', 'really'})"
0.023,"frozenset({'try', 'well'})"
0.0214,"frozenset({'try', 'come'})"
0.0212,"frozenset({'u', 'try'})"
0.0312,"frozenset({'try', 'also'})"
0.0229,"frozenset({'try', 'nice'})"
0.0616,"frozenset({'try', 'place'})"
0.0514,"frozenset({'food', 'try'})"
0.0408,"frozenset({'try', 'back'})"
0.0346,"frozenset({'go', 'try'})"
0.0331,"frozenset({'try', 'get'})"
0.0317,"frozenset({'try', 'service'})"
0.0227,"frozenset({'try', 'make'})"
0.0216,"frozenset({'try', 'love'})"
0.0201,"frozenset({'try', 'even'})"
0.0238,"frozenset({'got', 'try'})"
0.0234,"frozenset({'try', 'restaurant'})"
0.0226,"frozenset({'try', 'im'})"
0.0223,"frozenset({'try', 'best'})"
0.0289,"frozenset({'good', 'try', 'place'})"
0.0216,"frozenset({'good', 'try', 'time'})"
0.0217,"frozenset({'try', 'place', 'time'})"
0.0224,"frozenset({'try', 'place', 'great'})"
0.0209,"frozenset({'food', 'try', 'great'})"
0.0226,"frozenset({'try', 'place', 'like'})"
0.021,"frozenset({'try', 'place', 'one'})"
0.0294,"frozenset({'food', 'try', 'place'})"
0.0263,"frozenset({'good', 'food', 'try'})"
0.0222,"frozenset({'try', 'place', 'back'})"
0.02,"frozenset({'good', 'try', 'back'})"
0.0368,"frozenset({'great', 'new'})"
0.0311,"frozenset({'new', 'one'})"
0.0277,"frozenset({'get', 'new'})"
0.0336,"frozenset({'food', 'new'})"
0.0289,"frozenset({'like', 'new'})"
0.0252,"frozenset({'go', 'new'})"
0.0366,"frozenset({'time', 'new'})"
0.0306,"frozenset({'good', 'new'})"
0.0282,"frozenset({'service', 'new'})"
0.0252,"frozenset({'new', 'back'})"
0.0418,"frozenset({'place', 'new'})"
0.0204,"frozenset({'also', 'new'})"
0.0244,"frozenset({'would', 'new'})"
0.0305,"frozenset({'great', 'favorite'})"
0.0256,"frozenset({'favorite', 'one'})"
0.0248,"frozenset({'good', 'favorite'})"
0.0327,"frozenset({'place', 'favorite'})"
0.0273,"frozenset({'food', 'favorite'})"
0.0223,"frozenset({'time', 'favorite'})"
0.0204,"frozenset({'go', 'favorite'})"
0.0298,"frozenset({'good', 'something'})"
0.0288,"frozenset({'like', 'something'})"
0.0273,"frozenset({'something', 'time'})"
0.0256,"frozenset({'something', 'one'})"
0.0233,"frozenset({'great', 'something'})"
0.0226,"frozenset({'would', 'something'})"
0.0296,"frozenset({'food', 'something'})"
0.0218,"frozenset({'go', 'something'})"
0.0317,"frozenset({'place', 'something'})"
0.0224,"frozenset({'get', 'something'})"
0.0221,"frozenset({'something', 'back'})"
0.025,"frozenset({'place', 'different'})"
0.0238,"frozenset({'good', 'different'})"
0.0214,"frozenset({'food', 'different'})"
0.0212,"frozenset({'time', 'different'})"
0.02,"frozenset({'like', 'different'})"
0.0218,"frozenset({'let', 'place'})"
0.0203,"frozenset({'good', 'kind'})"
0.0221,"frozenset({'place', 'kind'})"
0.1211,"frozenset({'good', 'great'})"
0.1446,"frozenset({'place', 'great'})"
0.1431,"frozenset({'food', 'great'})"
0.0575,"frozenset({'good', 'place', 'great'})"
0.0629,"frozenset({'good', 'food', 'great'})"
0.0321,"frozenset({'good', 'food', 'place', 'great'})"
0.0653,"frozenset({'food', 'place', 'great'})"
0.0909,"frozenset({'good', 'one'})"
0.0869,"frozenset({'time', 'one'})"
0.0766,"frozenset({'great', 'one'})"
0.0762,"frozenset({'like', 'one'})"
0.0735,"frozenset({'get', 'one'})"
0.0862,"frozenset({'food', 'one'})"
0.0687,"frozenset({'back', 'one'})"
0.0682,"frozenset({'service', 'one'})"
0.1025,"frozenset({'place', 'one'})"
0.0471,"frozenset({'good', 'place', 'one'})"
0.0394,"frozenset({'good', 'time', 'one'})"
0.0444,"frozenset({'place', 'time', 'one'})"
0.023,"frozenset({'good', 'place', 'time', 'one'})"
0.0317,"frozenset({'good', 'great', 'one'})"
0.0303,"frozenset({'great', 'time', 'one'})"
0.0384,"frozenset({'place', 'great', 'one'})"
0.032,"frozenset({'food', 'great', 'one'})"
0.0381,"frozenset({'good', 'like', 'one'})"
0.0351,"frozenset({'like', 'time', 'one'})"
0.0287,"frozenset({'great', 'like', 'one'})"
0.0411,"frozenset({'place', 'like', 'one'})"
0.0325,"frozenset({'food', 'like', 'one'})"
0.024,"frozenset({'good', 'place', 'like', 'one'})"
0.0206,"frozenset({'place', 'like', 'time', 'one'})"
0.0255,"frozenset({'get', 'great', 'one'})"
0.0353,"frozenset({'get', 'time', 'one'})"
0.0391,"frozenset({'place', 'get', 'one'})"
0.0352,"frozenset({'good', 'get', 'one'})"
0.0309,"frozenset({'get', 'like', 'one'})"
0.0302,"frozenset({'food', 'get', 'one'})"
0.0207,"frozenset({'place', 'get', 'time', 'one'})"
0.0204,"frozenset({'place', 'good', 'get', 'one'})"
0.0437,"frozenset({'good', 'food', 'one'})"
0.0449,"frozenset({'food', 'place', 'one'})"
0.0363,"frozenset({'food', 'time', 'one'})"
0.0252,"frozenset({'good', 'food', 'place', 'one'})"
0.0204,"frozenset({'food', 'place', 'time', 'one'})"
0.02,"frozenset({'good', 'food', 'time', 'one'})"
0.0311,"frozenset({'back', 'good', 'one'})"
0.028,"frozenset({'back', 'food', 'one'})"
0.0321,"frozenset({'back', 'time', 'one'})"
0.0284,"frozenset({'back', 'get', 'one'})"
0.0327,"frozenset({'back', 'place', 'one'})"
0.027,"frozenset({'back', 'like', 'one'})"
0.026,"frozenset({'back', 'great', 'one'})"
0.0336,"frozenset({'food', 'service', 'one'})"
0.0308,"frozenset({'good', 'service', 'one'})"
0.0223,"frozenset({'back', 'service', 'one'})"
0.0326,"frozenset({'service', 'time', 'one'})"
0.0311,"frozenset({'place', 'service', 'one'})"
0.0244,"frozenset({'like', 'service', 'one'})"
0.023,"frozenset({'get', 'service', 'one'})"
0.0262,"frozenset({'great', 'service', 'one'})"
0.0813,"frozenset({'good', 'would'})"
0.0728,"frozenset({'would', 'time'})"
0.0676,"frozenset({'would', 'like'})"
0.0666,"frozenset({'would', 'one'})"
0.0665,"frozenset({'would', 'great'})"
0.0666,"frozenset({'would', 'get'})"
0.0625,"frozenset({'go', 'would'})"
0.0684,"frozenset({'would', 'back'})"
0.0791,"frozenset({'food', 'would'})"
0.0857,"frozenset({'place', 'would'})"
0.0619,"frozenset({'would', 'service'})"
0.0411,"frozenset({'place', 'good', 'would'})"
0.0324,"frozenset({'good', 'would', 'time'})"
0.0309,"frozenset({'food', 'would', 'time'})"
0.0357,"frozenset({'place', 'would', 'time'})"
0.0341,"frozenset({'good', 'would', 'like'})"
0.0285,"frozenset({'would', 'like', 'time'})"
0.0359,"frozenset({'place', 'would', 'like'})"
0.0305,"frozenset({'food', 'would', 'like'})"
0.026,"frozenset({'would', 'like', 'back'})"
0.0203,"frozenset({'place', 'good', 'would', 'like'})"
0.0304,"frozenset({'would', 'time', 'one'})"
0.0299,"frozenset({'good', 'would', 'one'})"
0.0291,"frozenset({'would', 'like', 'one'})"
0.0282,"frozenset({'would', 'get', 'one'})"
0.0271,"frozenset({'back', 'would', 'one'})"
0.0331,"frozenset({'place', 'would', 'one'})"
0.0274,"frozenset({'food', 'would', 'one'})"
0.0303,"frozenset({'good', 'would', 'great'})"
0.0267,"frozenset({'would', 'great', 'time'})"
0.0258,"frozenset({'great', 'would', 'like'})"
0.0231,"frozenset({'would', 'great', 'one'})"
0.0313,"frozenset({'place', 'would', 'great'})"
0.0243,"frozenset({'would', 'great', 'back'})"
0.0219,"frozenset({'would', 'great', 'get'})"
0.0288,"frozenset({'food', 'would', 'great'})"
0.0287,"frozenset({'would', 'like', 'get'})"
0.0313,"frozenset({'would', 'get', 'time'})"
0.0274,"frozenset({'would', 'get', 'back'})"
0.0336,"frozenset({'place', 'would', 'get'})"
0.0314,"frozenset({'good', 'would', 'get'})"
0.0271,"frozenset({'food', 'would', 'get'})"
0.0269,"frozenset({'go', 'would', 'get'})"
0.0258,"frozenset({'go', 'would', 'like'})"
0.028,"frozenset({'go', 'would', 'time'})"
0.0266,"frozenset({'go', 'food', 'would'})"
0.0324,"frozenset({'place', 'go', 'would'})"
0.0317,"frozenset({'go', 'would', 'back'})"
0.0308,"frozenset({'go', 'good', 'would'})"
0.0241,"frozenset({'go', 'would', 'one'})"
0.0231,"frozenset({'go', 'would', 'great'})"
0.0301,"frozenset({'would', 'time', 'back'})"
0.0327,"frozenset({'good', 'would', 'back'})"
0.0318,"frozenset({'place', 'would', 'back'})"
0.029,"frozenset({'food', 'would', 'back'})"
0.0417,"frozenset({'place', 'food', 'would'})"
0.0401,"frozenset({'good', 'food', 'would'})"
0.023,"frozenset({'place', 'food', 'good', 'would'})"
0.0304,"frozenset({'food', 'would', 'service'})"
0.0296,"frozenset({'good', 'would', 'service'})"
0.028,"frozenset({'place', 'would', 'service'})"
0.0267,"frozenset({'service', 'would', 'time'})"
0.0239,"frozenset({'would', 'service', 'back'})"
0.0225,"frozenset({'would', 'service', 'one'})"
0.0224,"frozenset({'service', 'would', 'get'})"
0.0211,"frozenset({'would', 'like', 'service'})"
0.02,"frozenset({'go', 'would', 'service'})"
0.0234,"frozenset({'would', 'great', 'service'})"
0.0906,"frozenset({'good', 'really'})"
0.0705,"frozenset({'great', 'really'})"
0.0661,"frozenset({'like', 'really'})"
0.0621,"frozenset({'really', 'time'})"
0.0552,"frozenset({'really', 'one'})"
0.0484,"frozenset({'would', 'really'})"
0.083,"frozenset({'place', 'really'})"
0.0515,"frozenset({'go', 'really'})"
0.0511,"frozenset({'really', 'back'})"
0.0543,"frozenset({'get', 'really'})"
0.0752,"frozenset({'food', 'really'})"
0.0526,"frozenset({'really', 'service'})"
0.0375,"frozenset({'good', 'great', 'really'})"
0.0359,"frozenset({'place', 'great', 'really'})"
0.0335,"frozenset({'food', 'great', 'really'})"
0.0208,"frozenset({'good', 'place', 'great', 'really'})"
0.0211,"frozenset({'good', 'food', 'great', 'really'})"
0.0391,"frozenset({'good', 'like', 'really'})"
0.0273,"frozenset({'great', 'like', 'really'})"
0.0367,"frozenset({'place', 'like', 'really'})"
0.031,"frozenset({'food', 'like', 'really'})"
0.0234,"frozenset({'good', 'place', 'like', 'really'})"
0.0215,"frozenset({'good', 'food', 'like', 'really'})"
0.0336,"frozenset({'good', 'really', 'time'})"
0.0294,"frozenset({'time', 'like', 'really'})"
0.0253,"frozenset({'time', 'great', 'really'})"
0.0319,"frozenset({'place', 'really', 'time'})"
0.0269,"frozenset({'food', 'really', 'time'})"
0.0308,"frozenset({'good', 'really', 'one'})"
0.0253,"frozenset({'like', 'really', 'one'})"
0.0248,"frozenset({'really', 'time', 'one'})"
0.0223,"frozenset({'great', 'really', 'one'})"
0.0254,"frozenset({'food', 'really', 'one'})"
0.0288,"frozenset({'place', 'really', 'one'})"
0.0275,"frozenset({'good', 'would', 'really'})"
0.0245,"frozenset({'would', 'like', 'really'})"
0.0213,"frozenset({'would', 'really', 'time'})"
0.0251,"frozenset({'place', 'would', 'really'})"
0.0224,"frozenset({'food', 'would', 'really'})"
0.0461,"frozenset({'good', 'place', 'really'})"
0.0284,"frozenset({'go', 'place', 'really'})"
0.0214,"frozenset({'go', 'great', 'really'})"
0.0242,"frozenset({'go', 'like', 'really'})"
0.0238,"frozenset({'go', 'get', 'really'})"
0.0283,"frozenset({'go', 'good', 'really'})"
0.0243,"frozenset({'go', 'food', 'really'})"
0.0218,"frozenset({'go', 'really', 'one'})"
0.0233,"frozenset({'go', 'really', 'time'})"
0.0252,"frozenset({'place', 'really', 'back'})"
0.0232,"frozenset({'go', 'really', 'back'})"
0.0218,"frozenset({'great', 'really', 'back'})"
0.0286,"frozenset({'good', 'really', 'back'})"
0.0232,"frozenset({'food', 'really', 'back'})"
0.0209,"frozenset({'back', 'really', 'one'})"
0.0232,"frozenset({'really', 'time', 'back'})"
0.0221,"frozenset({'like', 'really', 'back'})"
0.0226,"frozenset({'get', 'great', 'really'})"
0.0223,"frozenset({'get', 'really', 'one'})"
0.0247,"frozenset({'get', 'like', 'really'})"
0.0299,"frozenset({'good', 'get', 'really'})"
0.0291,"frozenset({'place', 'get', 'really'})"
0.0259,"frozenset({'food', 'get', 'really'})"
0.0243,"frozenset({'get', 'really', 'time'})"
0.0467,"frozenset({'good', 'food', 'really'})"
0.0397,"frozenset({'food', 'place', 'really'})"
0.026,"frozenset({'good', 'food', 'place', 'really'})"
0.0301,"frozenset({'good', 'really', 'service'})"
0.0274,"frozenset({'food', 'really', 'service'})"
0.0205,"frozenset({'really', 'service', 'one'})"
0.0253,"frozenset({'place', 'really', 'service'})"
0.021,"frozenset({'service', 'really', 'time'})"
0.0254,"frozenset({'service', 'great', 'really'})"
0.0608,"frozenset({'good', 'well'})"
0.0582,"frozenset({'well', 'great'})"
0.0519,"frozenset({'well', 'time'})"
0.0469,"frozenset({'well', 'like'})"
0.0408,"frozenset({'well', 'one'})"
0.0374,"frozenset({'would', 'well'})"
0.0356,"frozenset({'well', 'really'})"
0.0569,"frozenset({'food', 'well'})"
0.0449,"frozenset({'well', 'service'})"
0.043,"frozenset({'well', 'back'})"
0.0399,"frozenset({'go', 'well'})"
0.0246,"frozenset({'friendly', 'well'})"
0.0242,"frozenset({'well', 'staff'})"
0.0422,"frozenset({'get', 'well'})"
0.0221,"frozenset({'well', 'best'})"
0.0622,"frozenset({'place', 'well'})"
0.0317,"frozenset({'well', 'nice'})"
0.0353,"frozenset({'also', 'well'})"
0.0295,"frozenset({'good', 'place', 'well'})"
0.0259,"frozenset({'good', 'well', 'great'})"
0.0275,"frozenset({'well', 'place', 'great'})"
0.0254,"frozenset({'good', 'well', 'time'})"
0.0211,"frozenset({'well', 'great', 'time'})"
0.0222,"frozenset({'food', 'well', 'time'})"
0.0252,"frozenset({'place', 'well', 'time'})"
0.0246,"frozenset({'good', 'well', 'like'})"
0.022,"frozenset({'well', 'like', 'time'})"
0.0201,"frozenset({'great', 'well', 'like'})"
0.0252,"frozenset({'well', 'place', 'like'})"
0.0212,"frozenset({'food', 'well', 'like'})"
0.0207,"frozenset({'good', 'well', 'one'})"
0.0211,"frozenset({'place', 'well', 'one'})"
0.0205,"frozenset({'good', 'well', 'really'})"
0.0312,"frozenset({'good', 'food', 'well'})"
0.0291,"frozenset({'food', 'place', 'well'})"
0.0265,"frozenset({'food', 'well', 'great'})"
0.0234,"frozenset({'food', 'well', 'service'})"
0.0218,"frozenset({'good', 'well', 'service'})"
0.021,"frozenset({'well', 'great', 'service'})"
0.0205,"frozenset({'place', 'well', 'service'})"
0.0204,"frozenset({'good', 'well', 'back'})"
0.0211,"frozenset({'place', 'well', 'back'})"
0.0213,"frozenset({'good', 'go', 'well'})"
0.021,"frozenset({'go', 'place', 'well'})"
0.0203,"frozenset({'good', 'get', 'well'})"
0.0202,"frozenset({'get', 'well', 'time'})"
0.0221,"frozenset({'place', 'get', 'well'})"
0.0495,"frozenset({'u', 'time'})"
0.0491,"frozenset({'good', 'u'})"
0.046,"frozenset({'u', 'one'})"
0.0429,"frozenset({'u', 'great'})"
0.0393,"frozenset({'u', 'would'})"
0.0363,"frozenset({'u', 'like'})"
0.0278,"frozenset({'u', 'really'})"
0.0259,"frozenset({'u', 'well'})"
0.0247,"frozenset({'u', 'come'})"
0.0386,"frozenset({'u', 'get'})"
0.0581,"frozenset({'u', 'food'})"
0.0521,"frozenset({'u', 'place'})"
0.0305,"frozenset({'u', 'restaurant'})"
0.0248,"frozenset({'u', 'nice'})"
0.0222,"frozenset({'u', 'staff'})"
0.0442,"frozenset({'u', 'service'})"
0.0314,"frozenset({'got', 'u'})"
0.0291,"frozenset({'u', 'also'})"
0.0245,"frozenset({'u', 'make'})"
0.0204,"frozenset({'u', 'friendly'})"
0.0439,"frozenset({'u', 'back'})"
0.0353,"frozenset({'go', 'u'})"
0.0234,"frozenset({'u', 'dont'})"
0.028,"frozenset({'u', 'even'})"
0.0211,"frozenset({'u', 'best'})"
0.0255,"frozenset({'u', 'food', 'time'})"
0.0232,"frozenset({'u', 'place', 'time'})"
0.0223,"frozenset({'good', 'u', 'time'})"
0.0288,"frozenset({'good', 'food', 'u'})"
0.0239,"frozenset({'good', 'u', 'place'})"
0.0232,"frozenset({'u', 'time', 'one'})"
0.0205,"frozenset({'good', 'u', 'one'})"
0.0221,"frozenset({'u', 'place', 'one'})"
0.0219,"frozenset({'u', 'food', 'one'})"
0.0218,"frozenset({'u', 'food', 'great'})"
0.0205,"frozenset({'u', 'food', 'would'})"
0.0201,"frozenset({'u', 'food', 'get'})"
0.0279,"frozenset({'u', 'food', 'place'})"
0.0209,"frozenset({'u', 'food', 'restaurant'})"
0.0216,"frozenset({'good', 'u', 'service'})"
0.0206,"frozenset({'u', 'time', 'service'})"
0.025,"frozenset({'u', 'food', 'service'})"
0.02,"frozenset({'good', 'u', 'back'})"
0.0223,"frozenset({'u', 'food', 'back'})"
0.0207,"frozenset({'u', 'place', 'back'})"
0.02,"frozenset({'u', 'time', 'back'})"
0.0463,"frozenset({'good', 'much'})"
0.041,"frozenset({'much', 'time'})"
0.0404,"frozenset({'much', 'like'})"
0.0384,"frozenset({'much', 'great'})"
0.0367,"frozenset({'much', 'one'})"
0.0329,"frozenset({'much', 'would'})"
0.0308,"frozenset({'much', 'really'})"
0.0215,"frozenset({'much', 'well'})"
0.0204,"frozenset({'u', 'much'})"
0.0235,"frozenset({'much', 'little'})"
0.0213,"frozenset({'much', 'make'})"
0.0206,"frozenset({'much', 'im'})"
0.0505,"frozenset({'much', 'place'})"
0.0369,"frozenset({'much', 'get'})"
0.0312,"frozenset({'go', 'much'})"
0.0242,"frozenset({'got', 'much'})"
0.0203,"frozenset({'didnt', 'much'})"
0.0275,"frozenset({'also', 'much'})"
0.0245,"frozenset({'dont', 'much'})"
0.0213,"frozenset({'much', 'nice'})"
0.0427,"frozenset({'food', 'much'})"
0.0214,"frozenset({'much', 'even'})"
0.0203,"frozenset({'much', 'restaurant'})"
0.0296,"frozenset({'much', 'service'})"
0.0288,"frozenset({'much', 'back'})"
0.0202,"frozenset({'much', 'made'})"
0.0247,"frozenset({'good', 'much', 'place'})"
0.0212,"frozenset({'much', 'place', 'time'})"
0.0212,"frozenset({'good', 'much', 'like'})"
0.0235,"frozenset({'much', 'place', 'like'})"
0.0213,"frozenset({'much', 'place', 'great'})"
0.0207,"frozenset({'much', 'place', 'one'})"
0.0231,"frozenset({'food', 'much', 'place'})"
0.0242,"frozenset({'good', 'food', 'much'})"
0.0368,"frozenset({'good', 'area'})"
0.0341,"frozenset({'area', 'great'})"
0.0319,"frozenset({'area', 'time'})"
0.0307,"frozenset({'area', 'one'})"
0.0275,"frozenset({'area', 'like'})"
0.0248,"frozenset({'area', 'would'})"
0.0206,"frozenset({'area', 'really'})"
0.042,"frozenset({'area', 'place'})"
0.0352,"frozenset({'food', 'area'})"
0.0273,"frozenset({'area', 'service'})"
0.0254,"frozenset({'area', 'get'})"
0.0246,"frozenset({'area', 'back'})"
0.0238,"frozenset({'go', 'area'})"
0.0207,"frozenset({'area', 'nice'})"
0.0223,"frozenset({'area', 'also'})"
0.0209,"frozenset({'good', 'area', 'place'})"
0.0377,"frozenset({'good', 'cheese'})"
0.0304,"frozenset({'cheese', 'great'})"
0.0279,"frozenset({'cheese', 'like'})"
0.0253,"frozenset({'cheese', 'time'})"
0.0236,"frozenset({'cheese', 'one'})"
0.0206,"frozenset({'cheese', 'also'})"
0.0359,"frozenset({'food', 'cheese'})"
0.0362,"frozenset({'cheese', 'place'})"
0.0201,"frozenset({'ordered', 'cheese'})"
0.0232,"frozenset({'cheese', 'back'})"
0.0219,"frozenset({'go', 'cheese'})"
0.0222,"frozenset({'cheese', 'get'})"
0.0203,"frozenset({'good', 'food', 'cheese'})"
0.0203,"frozenset({'food', 'place', 'cheese'})"
0.0328,"frozenset({'good', 'wasnt'})"
0.0282,"frozenset({'like', 'wasnt'})"
0.028,"frozenset({'wasnt', 'time'})"
0.0257,"frozenset({'would', 'wasnt'})"
0.0253,"frozenset({'wasnt', 'one'})"
0.025,"frozenset({'great', 'wasnt'})"
0.0224,"frozenset({'really', 'wasnt'})"
0.0302,"frozenset({'food', 'wasnt'})"
0.0327,"frozenset({'place', 'wasnt'})"
0.0242,"frozenset({'wasnt', 'service'})"
0.0206,"frozenset({'got', 'wasnt'})"
0.0245,"frozenset({'wasnt', 'back'})"
0.02,"frozenset({'go', 'wasnt'})"
0.0238,"frozenset({'get', 'wasnt'})"
0.0336,"frozenset({'good', 'salad'})"
0.0271,"frozenset({'salad', 'great'})"
0.0216,"frozenset({'salad', 'like'})"
0.0203,"frozenset({'salad', 'time'})"
0.0279,"frozenset({'place', 'salad'})"
0.0231,"frozenset({'salad', 'service'})"
0.0327,"frozenset({'food', 'salad'})"
0.0314,"frozenset({'great', 'beer'})"
0.0307,"frozenset({'good', 'beer'})"
0.0317,"frozenset({'food', 'beer'})"
0.0315,"frozenset({'place', 'beer'})"
0.0278,"frozenset({'see', 'time'})"
0.0252,"frozenset({'like', 'see'})"
0.0251,"frozenset({'good', 'see'})"
0.0244,"frozenset({'see', 'one'})"
0.0239,"frozenset({'great', 'see'})"
0.022,"frozenset({'would', 'see'})"
0.0282,"frozenset({'place', 'see'})"
0.0231,"frozenset({'get', 'see'})"
0.0221,"frozenset({'food', 'see'})"
0.0207,"frozenset({'see', 'back'})"
0.0267,"frozenset({'good', 'sandwich'})"
0.0205,"frozenset({'sandwich', 'great'})"
0.0231,"frozenset({'sandwich', 'food'})"
0.0257,"frozenset({'sandwich', 'place'})"
0.0206,"frozenset({'good', 'option'})"
0.0203,"frozenset({'food', 'option'})"
0.0205,"frozenset({'place', 'option'})"
0.0206,"frozenset({'maybe', 'good'})"
0.0921,"frozenset({'place', 'back'})"
0.081,"frozenset({'great', 'back'})"
0.0905,"frozenset({'good', 'back'})"
0.0882,"frozenset({'food', 'back'})"
0.0694,"frozenset({'service', 'back'})"
0.0839,"frozenset({'time', 'back'})"
0.0677,"frozenset({'get', 'back'})"
0.0646,"frozenset({'like', 'back'})"
0.0365,"frozenset({'place', 'great', 'back'})"
0.0341,"frozenset({'good', 'great', 'back'})"
0.0346,"frozenset({'food', 'great', 'back'})"
0.0315,"frozenset({'great', 'time', 'back'})"
0.0409,"frozenset({'good', 'place', 'back'})"
0.0444,"frozenset({'good', 'food', 'back'})"
0.0406,"frozenset({'food', 'place', 'back'})"
0.0218,"frozenset({'good', 'food', 'place', 'back'})"
0.0331,"frozenset({'food', 'service', 'back'})"
0.0319,"frozenset({'good', 'service', 'back'})"
0.0307,"frozenset({'service', 'time', 'back'})"
0.0296,"frozenset({'place', 'service', 'back'})"
0.0296,"frozenset({'great', 'service', 'back'})"
0.0383,"frozenset({'place', 'time', 'back'})"
0.0374,"frozenset({'good', 'time', 'back'})"
0.0344,"frozenset({'food', 'time', 'back'})"
0.0333,"frozenset({'get', 'time', 'back'})"
0.0339,"frozenset({'place', 'get', 'back'})"
0.0311,"frozenset({'good', 'get', 'back'})"
0.0266,"frozenset({'food', 'get', 'back'})"
0.0221,"frozenset({'get', 'service', 'back'})"
0.0236,"frozenset({'get', 'great', 'back'})"
0.0339,"frozenset({'place', 'like', 'back'})"
0.0329,"frozenset({'good', 'like', 'back'})"
0.0294,"frozenset({'like', 'time', 'back'})"
0.0293,"frozenset({'food', 'like', 'back'})"
0.0247,"frozenset({'get', 'like', 'back'})"
0.0214,"frozenset({'like', 'service', 'back'})"
0.0251,"frozenset({'great', 'like', 'back'})"
0.1047,"frozenset({'go', 'place'})"
0.0808,"frozenset({'go', 'back'})"
0.0781,"frozenset({'go', 'great'})"
0.0727,"frozenset({'go', 'get'})"
0.0679,"frozenset({'go', 'like'})"
0.0892,"frozenset({'go', 'good'})"
0.0885,"frozenset({'go', 'food'})"
0.0679,"frozenset({'go', 'one'})"
0.0618,"frozenset({'go', 'service'})"
0.0833,"frozenset({'go', 'time'})"
0.0383,"frozenset({'go', 'place', 'back'})"
0.0377,"frozenset({'go', 'good', 'back'})"
0.0326,"frozenset({'go', 'food', 'back'})"
0.0366,"frozenset({'go', 'time', 'back'})"
0.0421,"frozenset({'go', 'place', 'great'})"
0.0301,"frozenset({'go', 'great', 'back'})"
0.0319,"frozenset({'go', 'great', 'time'})"
0.0344,"frozenset({'go', 'good', 'great'})"
0.0359,"frozenset({'go', 'food', 'great'})"
0.0209,"frozenset({'go', 'good', 'place', 'great'})"
0.0205,"frozenset({'go', 'food', 'place', 'great'})"
0.0411,"frozenset({'place', 'go', 'get'})"
0.026,"frozenset({'go', 'get', 'great'})"
0.0355,"frozenset({'go', 'get', 'time'})"
0.0327,"frozenset({'go', 'good', 'get'})"
0.0312,"frozenset({'go', 'food', 'get'})"
0.0287,"frozenset({'go', 'get', 'back'})"
0.0213,"frozenset({'place', 'go', 'get', 'time'})"
0.0208,"frozenset({'place', 'go', 'good', 'get'})"
0.0287,"frozenset({'go', 'get', 'like'})"
0.039,"frozenset({'go', 'place', 'like'})"
0.0267,"frozenset({'great', 'go', 'like'})"
0.0342,"frozenset({'go', 'good', 'like'})"
0.0307,"frozenset({'go', 'like', 'time'})"
0.0297,"frozenset({'go', 'food', 'like'})"
0.0288,"frozenset({'go', 'like', 'one'})"
0.0276,"frozenset({'go', 'like', 'back'})"
0.0212,"frozenset({'go', 'good', 'place', 'like'})"
0.0478,"frozenset({'go', 'good', 'place'})"
0.0448,"frozenset({'go', 'food', 'good'})"
0.0471,"frozenset({'go', 'food', 'place'})"
0.0258,"frozenset({'go', 'food', 'good', 'place'})"
0.0332,"frozenset({'go', 'good', 'one'})"
0.0288,"frozenset({'go', 'food', 'one'})"
0.0285,"frozenset({'back', 'go', 'one'})"
0.0374,"frozenset({'go', 'place', 'one'})"
0.0325,"frozenset({'go', 'time', 'one'})"
0.0303,"frozenset({'go', 'get', 'one'})"
0.0261,"frozenset({'go', 'great', 'one'})"
0.0207,"frozenset({'go', 'good', 'place', 'one'})"
0.0313,"frozenset({'go', 'food', 'service'})"
0.0289,"frozenset({'good', 'go', 'service'})"
0.0261,"frozenset({'go', 'service', 'back'})"
0.0223,"frozenset({'go', 'service', 'one'})"
0.0301,"frozenset({'go', 'place', 'service'})"
0.0278,"frozenset({'go', 'great', 'service'})"
0.0276,"frozenset({'go', 'service', 'time'})"
0.0212,"frozenset({'go', 'get', 'service'})"
0.0207,"frozenset({'go', 'like', 'service'})"
0.036,"frozenset({'go', 'food', 'time'})"
0.0428,"frozenset({'go', 'place', 'time'})"
0.0373,"frozenset({'good', 'go', 'time'})"
0.0201,"frozenset({'go', 'food', 'place', 'time'})"
0.0231,"frozenset({'good', 'go', 'place', 'time'})"
0.064,"frozenset({'place', 'best'})"
0.0569,"frozenset({'great', 'best'})"
0.0394,"frozenset({'go', 'best'})"
0.0356,"frozenset({'best', 'back'})"
0.0293,"frozenset({'really', 'best'})"
0.0546,"frozenset({'good', 'best'})"
0.0393,"frozenset({'like', 'best'})"
0.0458,"frozenset({'best', 'time'})"
0.045,"frozenset({'best', 'service'})"
0.0287,"frozenset({'also', 'best'})"
0.0608,"frozenset({'food', 'best'})"
0.047,"frozenset({'best', 'one'})"
0.0313,"frozenset({'would', 'best'})"
0.0411,"frozenset({'get', 'best'})"
0.0258,"frozenset({'place', 'great', 'best'})"
0.0265,"frozenset({'food', 'great', 'best'})"
0.0207,"frozenset({'go', 'place', 'best'})"
0.0269,"frozenset({'good', 'food', 'best'})"
0.0258,"frozenset({'good', 'place', 'best'})"
0.0217,"frozenset({'good', 'great', 'best'})"
0.0208,"frozenset({'place', 'best', 'time'})"
0.0207,"frozenset({'food', 'best', 'time'})"
0.0211,"frozenset({'great', 'service', 'best'})"
0.0234,"frozenset({'food', 'best', 'service'})"
0.0281,"frozenset({'food', 'place', 'best'})"
0.0229,"frozenset({'place', 'best', 'one'})"
0.0201,"frozenset({'food', 'best', 'one'})"
0.0206,"frozenset({'place', 'get', 'best'})"
0.0614,"frozenset({'place', 'im'})"
0.0415,"frozenset({'great', 'im'})"
0.0386,"frozenset({'go', 'im'})"
0.0374,"frozenset({'im', 'back'})"
0.0345,"frozenset({'really', 'im'})"
0.0209,"frozenset({'best', 'im'})"
0.0539,"frozenset({'good', 'im'})"
0.049,"frozenset({'food', 'im'})"
0.0425,"frozenset({'im', 'one'})"
0.0339,"frozenset({'service', 'im'})"
0.0249,"frozenset({'well', 'im'})"
0.048,"frozenset({'like', 'im'})"
0.0339,"frozenset({'would', 'im'})"
0.0258,"frozenset({'make', 'im'})"
0.0499,"frozenset({'time', 'im'})"
0.0429,"frozenset({'get', 'im'})"
0.0312,"frozenset({'dont', 'im'})"
0.0297,"frozenset({'also', 'im'})"
0.0214,"frozenset({'love', 'im'})"
0.0222,"frozenset({'restaurant', 'im'})"
0.025,"frozenset({'got', 'im'})"
0.0241,"frozenset({'nice', 'im'})"
0.0216,"frozenset({'come', 'im'})"
0.0305,"frozenset({'ive', 'im'})"
0.0249,"frozenset({'even', 'im'})"
0.0235,"frozenset({'place', 'great', 'im'})"
0.0202,"frozenset({'food', 'great', 'im'})"
0.0231,"frozenset({'go', 'place', 'im'})"
0.0202,"frozenset({'go', 'good', 'im'})"
0.0294,"frozenset({'good', 'place', 'im'})"
0.0271,"frozenset({'good', 'food', 'im'})"
0.029,"frozenset({'food', 'place', 'im'})"
0.0208,"frozenset({'food', 'time', 'im'})"
0.0207,"frozenset({'good', 'im', 'one'})"
0.0231,"frozenset({'place', 'im', 'one'})"
0.0213,"frozenset({'time', 'im', 'one'})"
0.0275,"frozenset({'place', 'like', 'im'})"
0.0255,"frozenset({'good', 'like', 'im'})"
0.0224,"frozenset({'time', 'like', 'im'})"
0.0218,"frozenset({'food', 'like', 'im'})"
0.0266,"frozenset({'place', 'im', 'time'})"
0.024,"frozenset({'good', 'time', 'im'})"
0.0237,"frozenset({'place', 'get', 'im'})"
0.0231,"frozenset({'good', 'get', 'im'})"
0.0218,"frozenset({'get', 'im', 'time'})"
0.0456,"frozenset({'went', 'place'})"
0.0429,"frozenset({'went', 'back'})"
0.0381,"frozenset({'went', 'great'})"
0.0359,"frozenset({'go', 'went'})"
0.0267,"frozenset({'went', 'really'})"
0.02,"frozenset({'went', 'im'})"
0.037,"frozenset({'went', 'would'})"
0.0359,"frozenset({'went', 'get'})"
0.0337,"frozenset({'went', 'like'})"
0.0249,"frozenset({'went', 'also'})"
0.0221,"frozenset({'went', 'even'})"
0.0441,"frozenset({'good', 'went'})"
0.0443,"frozenset({'food', 'went'})"
0.0396,"frozenset({'went', 'one'})"
0.0248,"frozenset({'went', 'didnt'})"
0.0214,"frozenset({'went', 'nice'})"
0.0376,"frozenset({'went', 'service'})"
0.0295,"frozenset({'got', 'went'})"
0.026,"frozenset({'u', 'went'})"
0.0454,"frozenset({'went', 'time'})"
0.0249,"frozenset({'went', 'first'})"
0.0223,"frozenset({'went', 'well'})"
0.0205,"frozenset({'went', 'time', 'back'})"
0.0203,"frozenset({'go', 'went', 'back'})"
0.0221,"frozenset({'good', 'food', 'went'})"
0.0217,"frozenset({'good', 'went', 'place'})"
0.0215,"frozenset({'food', 'went', 'place'})"
0.023,"frozenset({'customer', 'place'})"
0.02,"frozenset({'customer', 'great'})"
0.0246,"frozenset({'customer', 'time'})"
0.0218,"frozenset({'customer', 'get'})"
0.0217,"frozenset({'customer', 'one'})"
0.0378,"frozenset({'customer', 'service'})"
0.0263,"frozenset({'place', '3'})"
0.0252,"frozenset({'good', '3'})"
0.0242,"frozenset({'food', '3'})"
0.0236,"frozenset({'time', '3'})"
0.0224,"frozenset({'place', 'told'})"
0.0222,"frozenset({'told', 'back'})"
0.0261,"frozenset({'time', 'told'})"
0.0254,"frozenset({'would', 'told'})"
0.0228,"frozenset({'get', 'told'})"
0.0227,"frozenset({'told', 'one'})"
0.0231,"frozenset({'place', 'full'})"
0.02,"frozenset({'full', 'time'})"
0.0207,"frozenset({'good', 'full'})"
0.0205,"frozenset({'food', 'full'})"
0.02,"frozenset({'busy', 'place'})"
0.0204,"frozenset({'food', 'busy'})"
0.0763,"frozenset({'get', 'great'})"
0.0878,"frozenset({'get', 'time'})"
0.1054,"frozenset({'place', 'get'})"
0.0947,"frozenset({'good', 'get'})"
0.088,"frozenset({'food', 'get'})"
0.0653,"frozenset({'get', 'service'})"
0.0393,"frozenset({'place', 'get', 'great'})"
0.0339,"frozenset({'good', 'get', 'great'})"
0.0341,"frozenset({'food', 'get', 'great'})"
0.0314,"frozenset({'get', 'great', 'time'})"
0.045,"frozenset({'place', 'get', 'time'})"
0.0409,"frozenset({'good', 'get', 'time'})"
0.0374,"frozenset({'food', 'get', 'time'})"
0.0243,"frozenset({'place', 'good', 'get', 'time'})"
0.022,"frozenset({'place', 'food', 'get', 'time'})"
0.0218,"frozenset({'good', 'food', 'get', 'time'})"
0.0498,"frozenset({'place', 'good', 'get'})"
0.0482,"frozenset({'place', 'food', 'get'})"
0.0471,"frozenset({'good', 'food', 'get'})"
0.0275,"frozenset({'place', 'food', 'good', 'get'})"
0.0316,"frozenset({'good', 'get', 'service'})"
0.0306,"frozenset({'service', 'get', 'time'})"
0.0306,"frozenset({'food', 'get', 'service'})"
0.0305,"frozenset({'place', 'get', 'service'})"
0.0244,"frozenset({'get', 'great', 'service'})"
0.0473,"frozenset({'great', 'price'})"
0.0359,"frozenset({'get', 'price'})"
0.0311,"frozenset({'price', 'one'})"
0.0262,"frozenset({'really', 'price'})"
0.0503,"frozenset({'good', 'price'})"
0.0495,"frozenset({'food', 'price'})"
0.0395,"frozenset({'time', 'price'})"
0.0268,"frozenset({'also', 'price'})"
0.0214,"frozenset({'dont', 'price'})"
0.02,"frozenset({'even', 'price'})"
0.0532,"frozenset({'place', 'price'})"
0.0309,"frozenset({'would', 'price'})"
0.0319,"frozenset({'like', 'price'})"
0.0298,"frozenset({'go', 'price'})"
0.039,"frozenset({'service', 'price'})"
0.0203,"frozenset({'friendly', 'price'})"
0.0309,"frozenset({'price', 'back'})"
0.0202,"frozenset({'little', 'price'})"
0.0226,"frozenset({'well', 'price'})"
0.0238,"frozenset({'nice', 'price'})"
0.0244,"frozenset({'place', 'great', 'price'})"
0.0211,"frozenset({'food', 'great', 'price'})"
0.0203,"frozenset({'place', 'get', 'price'})"
0.0252,"frozenset({'good', 'place', 'price'})"
0.0248,"frozenset({'good', 'food', 'price'})"
0.0262,"frozenset({'food', 'place', 'price'})"
0.0202,"frozenset({'place', 'price', 'time'})"
0.0424,"frozenset({'first', 'one'})"
0.0419,"frozenset({'great', 'first'})"
0.0364,"frozenset({'get', 'first'})"
0.0283,"frozenset({'first', 'really'})"
0.0246,"frozenset({'u', 'first'})"
0.0373,"frozenset({'first', 'like'})"
0.0343,"frozenset({'would', 'first'})"
0.0227,"frozenset({'first', 'im'})"
0.0208,"frozenset({'first', 'make'})"
0.0206,"frozenset({'little', 'first'})"
0.0699,"frozenset({'first', 'time'})"
0.0516,"frozenset({'place', 'first'})"
0.0451,"frozenset({'food', 'first'})"
0.0424,"frozenset({'first', 'back'})"
0.0214,"frozenset({'come', 'first'})"
0.0208,"frozenset({'first', 'nice'})"
0.0359,"frozenset({'first', 'service'})"
0.0283,"frozenset({'also', 'first'})"
0.0268,"frozenset({'got', 'first'})"
0.0236,"frozenset({'ordered', 'first'})"
0.0205,"frozenset({'restaurant', 'first'})"
0.0452,"frozenset({'good', 'first'})"
0.0329,"frozenset({'go', 'first'})"
0.0214,"frozenset({'dont', 'first'})"
0.0234,"frozenset({'well', 'first'})"
0.0242,"frozenset({'even', 'first'})"
0.0226,"frozenset({'order', 'first'})"
0.0237,"frozenset({'place', 'first', 'one'})"
0.0258,"frozenset({'first', 'time', 'one'})"
0.0206,"frozenset({'great', 'place', 'first'})"
0.0261,"frozenset({'great', 'first', 'time'})"
0.0244,"frozenset({'get', 'first', 'time'})"
0.0202,"frozenset({'place', 'get', 'first'})"
0.0243,"frozenset({'first', 'like', 'time'})"
0.0206,"frozenset({'place', 'first', 'like'})"
0.0215,"frozenset({'would', 'first', 'time'})"
0.0328,"frozenset({'place', 'first', 'time'})"
0.0285,"frozenset({'food', 'first', 'time'})"
0.0234,"frozenset({'food', 'place', 'first'})"
0.0212,"frozenset({'good', 'food', 'first'})"
0.0276,"frozenset({'first', 'time', 'back'})"
0.0201,"frozenset({'place', 'first', 'back'})"
0.023,"frozenset({'service', 'first', 'time'})"
0.0293,"frozenset({'good', 'first', 'time'})"
0.023,"frozenset({'good', 'place', 'first'})"
0.0225,"frozenset({'go', 'first', 'time'})"
0.0415,"frozenset({'didnt', 'get'})"
0.0403,"frozenset({'didnt', 'one'})"
0.0355,"frozenset({'didnt', 'great'})"
0.0312,"frozenset({'didnt', 'really'})"
0.0281,"frozenset({'u', 'didnt'})"
0.0218,"frozenset({'didnt', 'first'})"
0.0484,"frozenset({'didnt', 'place'})"
0.0419,"frozenset({'didnt', 'like'})"
0.0352,"frozenset({'go', 'didnt'})"
0.0326,"frozenset({'got', 'didnt'})"
0.0372,"frozenset({'didnt', 'would'})"
0.0362,"frozenset({'didnt', 'service'})"
0.0263,"frozenset({'didnt', 'also'})"
0.0248,"frozenset({'ordered', 'didnt'})"
0.0226,"frozenset({'didnt', 'make'})"
0.021,"frozenset({'try', 'didnt'})"
0.0208,"frozenset({'didnt', 'restaurant'})"
0.046,"frozenset({'food', 'didnt'})"
0.0246,"frozenset({'order', 'didnt'})"
0.0473,"frozenset({'didnt', 'time'})"
0.0414,"frozenset({'didnt', 'back'})"
0.0221,"frozenset({'didnt', 'nice'})"
0.0493,"frozenset({'good', 'didnt'})"
0.0277,"frozenset({'dont', 'didnt'})"
0.0233,"frozenset({'didnt', 'well'})"
0.0322,"frozenset({'didnt', 'even'})"
0.0243,"frozenset({'didnt', 'come'})"
0.0234,"frozenset({'didnt', 'im'})"
0.0208,"frozenset({'didnt', 'little'})"
0.0215,"frozenset({'good', 'didnt', 'get'})"
0.0212,"frozenset({'didnt', 'get', 'time'})"
0.0203,"frozenset({'didnt', 'place', 'one'})"
0.0203,"frozenset({'good', 'didnt', 'one'})"
0.0202,"frozenset({'didnt', 'time', 'one'})"
0.0258,"frozenset({'good', 'didnt', 'place'})"
0.0213,"frozenset({'didnt', 'place', 'like'})"
0.0224,"frozenset({'good', 'didnt', 'like'})"
0.0223,"frozenset({'food', 'didnt', 'place'})"
0.0249,"frozenset({'good', 'food', 'didnt'})"
0.0205,"frozenset({'food', 'didnt', 'time'})"
0.0216,"frozenset({'good', 'didnt', 'time'})"
0.0218,"frozenset({'didnt', 'place', 'time'})"
0.0211,"frozenset({'good', 'didnt', 'back'})"
0.0204,"frozenset({'didnt', 'time', 'back'})"
0.0363,"frozenset({'get', 'know'})"
0.0358,"frozenset({'know', 'one'})"
0.0297,"frozenset({'great', 'know'})"
0.0246,"frozenset({'really', 'know'})"
0.0227,"frozenset({'didnt', 'know'})"
0.045,"frozenset({'place', 'know'})"
0.0366,"frozenset({'like', 'know'})"
0.0344,"frozenset({'food', 'know'})"
0.0296,"frozenset({'would', 'know'})"
0.0213,"frozenset({'make', 'know'})"
0.0212,"frozenset({'also', 'know'})"
0.0326,"frozenset({'know', 'back'})"
0.0234,"frozenset({'even', 'know'})"
0.0355,"frozenset({'dont', 'know'})"
0.0315,"frozenset({'go', 'know'})"
0.041,"frozenset({'good', 'know'})"
0.039,"frozenset({'time', 'know'})"
0.0311,"frozenset({'service', 'know'})"
0.0227,"frozenset({'im', 'know'})"
0.0214,"frozenset({'place', 'like', 'know'})"
0.0206,"frozenset({'good', 'food', 'know'})"
0.0203,"frozenset({'dont', 'place', 'know'})"
0.0235,"frozenset({'good', 'place', 'know'})"
0.0206,"frozenset({'place', 'time', 'know'})"
0.0327,"frozenset({'around', 'one'})"
0.0303,"frozenset({'around', 'get'})"
0.0289,"frozenset({'around', 'great'})"
0.0213,"frozenset({'around', 'really'})"
0.0351,"frozenset({'around', 'time'})"
0.0257,"frozenset({'around', 'back'})"
0.0224,"frozenset({'around', 'would'})"
0.0408,"frozenset({'around', 'place'})"
0.0347,"frozenset({'good', 'around'})"
0.0337,"frozenset({'around', 'food'})"
0.0241,"frozenset({'around', 'service'})"
0.0204,"frozenset({'got', 'around'})"
0.0204,"frozenset({'around', 'also'})"
0.0292,"frozenset({'around', 'like'})"
0.0246,"frozenset({'go', 'around'})"
0.0204,"frozenset({'around', 'dont'})"
0.0274,"frozenset({'give', 'one'})"
0.0234,"frozenset({'give', 'great'})"
0.0228,"frozenset({'give', 'get'})"
0.0297,"frozenset({'give', 'food'})"
0.0277,"frozenset({'give', 'would'})"
0.0231,"frozenset({'give', 'star'})"
0.0307,"frozenset({'give', 'good'})"
0.0274,"frozenset({'give', 'like'})"
0.0348,"frozenset({'give', 'place'})"
0.0239,"frozenset({'give', 'service'})"
0.0235,"frozenset({'give', 'back'})"
0.0204,"frozenset({'give', 'go'})"
0.0298,"frozenset({'give', 'time'})"
0.0262,"frozenset({'took', 'one'})"
0.0248,"frozenset({'took', 'get'})"
0.0216,"frozenset({'u', 'took'})"
0.0204,"frozenset({'took', 'great'})"
0.0285,"frozenset({'food', 'took'})"
0.028,"frozenset({'took', 'place'})"
0.024,"frozenset({'took', 'would'})"
0.0261,"frozenset({'took', 'back'})"
0.0206,"frozenset({'got', 'took'})"
0.0254,"frozenset({'took', 'service'})"
0.0304,"frozenset({'took', 'time'})"
0.0213,"frozenset({'took', 'like'})"
0.0267,"frozenset({'good', 'took'})"
0.0254,"frozenset({'find', 'great'})"
0.0242,"frozenset({'find', 'one'})"
0.0223,"frozenset({'find', 'get'})"
0.0316,"frozenset({'find', 'place'})"
0.0269,"frozenset({'good', 'find'})"
0.026,"frozenset({'food', 'find'})"
0.0239,"frozenset({'find', 'time'})"
0.0229,"frozenset({'find', 'like'})"
0.0214,"frozenset({'perfect', 'great'})"
0.0221,"frozenset({'perfect', 'place'})"
0.0218,"frozenset({'loved', 'great'})"
0.0207,"frozenset({'loved', 'place'})"
0.0344,"frozenset({'recommend', 'highly'})"
0.0207,"frozenset({'orleans', 'new'})"
0.0386,"frozenset({'definitely', 'would'})"
0.0249,"frozenset({'definitely', 'delicious'})"
0.0244,"frozenset({'definitely', 'nice'})"
0.0538,"frozenset({'definitely', 'place'})"
0.0502,"frozenset({'definitely', 'great'})"
0.0488,"frozenset({'definitely', 'back'})"
0.0216,"frozenset({'definitely', 'friendly'})"
0.047,"frozenset({'food', 'definitely'})"
0.0312,"frozenset({'definitely', 'service'})"
0.0205,"frozenset({'definitely', 'restaurant'})"
0.0209,"frozenset({'definitely', 'try'})"
0.0381,"frozenset({'definitely', 'time'})"
0.0283,"frozenset({'definitely', 'like'})"
0.0428,"frozenset({'good', 'definitely'})"
0.0314,"frozenset({'definitely', 'one'})"
0.0301,"frozenset({'go', 'definitely'})"
0.0295,"frozenset({'definitely', 'get'})"
0.022,"frozenset({'got', 'definitely'})"
0.0278,"frozenset({'definitely', 'also'})"
0.0273,"frozenset({'definitely', 'really'})"
0.024,"frozenset({'definitely', 'well'})"
0.0233,"frozenset({'definitely', 'place', 'great'})"
0.0219,"frozenset({'definitely', 'place', 'back'})"
0.0217,"frozenset({'definitely', 'great', 'back'})"
0.0241,"frozenset({'place', 'food', 'definitely'})"
0.022,"frozenset({'food', 'definitely', 'great'})"
0.0212,"frozenset({'good', 'definitely', 'place'})"
0.0213,"frozenset({'good', 'food', 'definitely'})"
0.0401,"frozenset({'recommend', 'would'})"
0.0212,"frozenset({'definitely', 'recommend'})"
0.0324,"frozenset({'food', 'recommend'})"
0.0251,"frozenset({'recommend', 'time'})"
0.0392,"frozenset({'recommend', 'place'})"
0.0359,"frozenset({'recommend', 'great'})"
0.0223,"frozenset({'recommend', 'get'})"
0.0205,"frozenset({'recommend', 'like'})"
0.0305,"frozenset({'good', 'recommend'})"
0.0216,"frozenset({'recommend', 'one'})"
0.0284,"frozenset({'recommend', 'service'})"
0.0204,"frozenset({'recommend', 'also'})"
0.0253,"frozenset({'good', 'selection'})"
0.0236,"frozenset({'place', 'selection'})"
0.0211,"frozenset({'food', 'selection'})"
0.0261,"frozenset({'great', 'selection'})"
0.0343,"frozenset({'pretty', 'like'})"
0.0335,"frozenset({'pretty', 'get'})"
0.0285,"frozenset({'pretty', 'would'})"
0.0283,"frozenset({'pretty', 'really'})"
0.0281,"frozenset({'pretty', 'go'})"
0.0234,"frozenset({'pretty', 'also'})"
0.055,"frozenset({'pretty', 'good'})"
0.0421,"frozenset({'pretty', 'food'})"
0.0317,"frozenset({'pretty', 'one'})"
0.028,"frozenset({'pretty', 'service'})"
0.0275,"frozenset({'pretty', 'back'})"
0.0214,"frozenset({'pretty', 'im'})"
0.0332,"frozenset({'pretty', 'time'})"
0.0221,"frozenset({'pretty', 'much'})"
0.0221,"frozenset({'pretty', 'nice'})"
0.0467,"frozenset({'pretty', 'place'})"
0.0213,"frozenset({'pretty', 'got'})"
0.0317,"frozenset({'pretty', 'great'})"
0.0207,"frozenset({'pretty', 'little'})"
0.0228,"frozenset({'pretty', 'good', 'like'})"
0.0216,"frozenset({'pretty', 'place', 'like'})"
0.0206,"frozenset({'pretty', 'good', 'get'})"
0.0281,"frozenset({'pretty', 'food', 'good'})"
0.023,"frozenset({'pretty', 'food', 'place'})"
0.0287,"frozenset({'pretty', 'good', 'place'})"
0.0256,"frozenset({'like', 'bit'})"
0.0244,"frozenset({'get', 'bit'})"
0.0231,"frozenset({'would', 'bit'})"
0.0217,"frozenset({'go', 'bit'})"
0.0353,"frozenset({'good', 'bit'})"
0.0334,"frozenset({'food', 'bit'})"
0.0312,"frozenset({'place', 'bit'})"
0.0255,"frozenset({'bit', 'time'})"
0.0231,"frozenset({'bit', 'one'})"
0.0228,"frozenset({'bit', 'service'})"
0.0278,"frozenset({'great', 'bit'})"
0.0211,"frozenset({'looking', 'like'})"
0.0307,"frozenset({'looking', 'place'})"
0.0224,"frozenset({'looking', 'great'})"
0.0214,"frozenset({'looking', 'one'})"
0.0266,"frozenset({'looking', 'good'})"
0.023,"frozenset({'looking', 'time'})"
0.0208,"frozenset({'looking', 'food'})"
0.0278,"frozenset({'like', 'look'})"
0.0204,"frozenset({'get', 'look'})"
0.0284,"frozenset({'place', 'look'})"
0.0217,"frozenset({'one', 'look'})"
0.021,"frozenset({'great', 'look'})"
0.0248,"frozenset({'good', 'look'})"
0.0216,"frozenset({'time', 'look'})"
0.0205,"frozenset({'food', 'look'})"
0.0229,"frozenset({'place', 'thats'})"
0.0208,"frozenset({'put', 'place'})"
0.1359,"frozenset({'food', 'service'})"
0.1134,"frozenset({'good', 'service'})"
0.118,"frozenset({'great', 'service'})"
0.1046,"frozenset({'place', 'service'})"
0.0639,"frozenset({'good', 'food', 'service'})"
0.0465,"frozenset({'good', 'great', 'service'})"
0.0274,"frozenset({'good', 'food', 'great', 'service'})"
0.0611,"frozenset({'food', 'great', 'service'})"
0.0462,"frozenset({'place', 'great', 'service'})"
0.058,"frozenset({'food', 'place', 'service'})"
0.0481,"frozenset({'good', 'place', 'service'})"
0.0268,"frozenset({'food', 'place', 'great', 'service'})"
0.0211,"frozenset({'good', 'place', 'great', 'service'})"
0.0294,"frozenset({'good', 'food', 'place', 'service'})"
0.0374,"frozenset({'night', 'food'})"
0.0351,"frozenset({'night', 'good'})"
0.0309,"frozenset({'night', 'one'})"
0.0298,"frozenset({'night', 'back'})"
0.0262,"frozenset({'night', 'service'})"
0.0255,"frozenset({'night', 'go'})"
0.0229,"frozenset({'night', 'really'})"
0.0402,"frozenset({'night', 'place'})"
0.022,"frozenset({'night', 'u'})"
0.0212,"frozenset({'night', 'restaurant'})"
0.0333,"frozenset({'night', 'great'})"
0.0257,"frozenset({'night', 'would'})"
0.0228,"frozenset({'night', 'also'})"
0.0334,"frozenset({'night', 'time'})"
0.0262,"frozenset({'night', 'get'})"
0.028,"frozenset({'night', 'like'})"
0.0284,"frozenset({'food', 'said'})"
0.0277,"frozenset({'said', 'one'})"
0.0271,"frozenset({'good', 'said'})"
0.0267,"frozenset({'said', 'back'})"
0.0238,"frozenset({'go', 'said'})"
0.0233,"frozenset({'said', 'service'})"
0.0303,"frozenset({'said', 'would'})"
0.0276,"frozenset({'said', 'like'})"
0.0274,"frozenset({'said', 'place'})"
0.0273,"frozenset({'said', 'get'})"
0.0289,"frozenset({'said', 'time'})"
0.0217,"frozenset({'food', 'waitress'})"
0.0216,"frozenset({'food', 'plate'})"
0.0473,"frozenset({'time', 'came'})"
0.045,"frozenset({'came', 'back'})"
0.0409,"frozenset({'came', 'one'})"
0.0363,"frozenset({'would', 'came'})"
0.0328,"frozenset({'get', 'came'})"
0.026,"frozenset({'even', 'came'})"
0.0516,"frozenset({'food', 'came'})"
0.0203,"frozenset({'try', 'came'})"
0.02,"frozenset({'menu', 'came'})"
0.0472,"frozenset({'place', 'came'})"
0.041,"frozenset({'service', 'came'})"
0.035,"frozenset({'great', 'came'})"
0.0348,"frozenset({'u', 'came'})"
0.0325,"frozenset({'ordered', 'came'})"
0.031,"frozenset({'got', 'came'})"
0.0272,"frozenset({'also', 'came'})"
0.0267,"frozenset({'didnt', 'came'})"
0.0253,"frozenset({'restaurant', 'came'})"
0.023,"frozenset({'first', 'came'})"
0.0471,"frozenset({'good', 'came'})"
0.0237,"frozenset({'nice', 'came'})"
0.0269,"frozenset({'go', 'came'})"
0.0245,"frozenset({'order', 'came'})"
0.0207,"frozenset({'went', 'came'})"
0.028,"frozenset({'really', 'came'})"
0.0364,"frozenset({'like', 'came'})"
0.0202,"frozenset({'little', 'came'})"
0.026,"frozenset({'come', 'came'})"
0.0219,"frozenset({'dont', 'came'})"
0.0223,"frozenset({'well', 'came'})"
0.0217,"frozenset({'food', 'time', 'came'})"
0.0229,"frozenset({'came', 'time', 'back'})"
0.021,"frozenset({'food', 'came', 'back'})"
0.0203,"frozenset({'place', 'came', 'back'})"
0.0204,"frozenset({'good', 'came', 'back'})"
0.0229,"frozenset({'came', 'time', 'one'})"
0.0206,"frozenset({'place', 'came', 'one'})"
0.0206,"frozenset({'food', 'came', 'one'})"
0.0202,"frozenset({'good', 'came', 'one'})"
0.026,"frozenset({'food', 'place', 'came'})"
0.0231,"frozenset({'place', 'time', 'came'})"
0.0235,"frozenset({'food', 'service', 'came'})"
0.0206,"frozenset({'time', 'service', 'came'})"
0.0204,"frozenset({'u', 'food', 'came'})"
0.0219,"frozenset({'good', 'time', 'came'})"
0.0279,"frozenset({'good', 'food', 'came'})"
0.0234,"frozenset({'good', 'place', 'came'})"
0.041,"frozenset({'made', 'time'})"
0.0389,"frozenset({'made', 'back'})"
0.036,"frozenset({'made', 'one'})"
0.0327,"frozenset({'get', 'made'})"
0.0326,"frozenset({'would', 'made'})"
0.0237,"frozenset({'even', 'made'})"
0.042,"frozenset({'food', 'made'})"
0.0452,"frozenset({'place', 'made'})"
0.0385,"frozenset({'great', 'made'})"
0.0323,"frozenset({'made', 'service'})"
0.0283,"frozenset({'also', 'made'})"
0.0254,"frozenset({'got', 'made'})"
0.024,"frozenset({'u', 'made'})"
0.0237,"frozenset({'make', 'made'})"
0.0217,"frozenset({'ordered', 'made'})"
0.0211,"frozenset({'first', 'made'})"
0.0206,"frozenset({'best', 'made'})"
0.0353,"frozenset({'like', 'made'})"
0.0291,"frozenset({'go', 'made'})"
0.026,"frozenset({'really', 'made'})"
0.0206,"frozenset({'dont', 'made'})"
0.043,"frozenset({'good', 'made'})"
0.0215,"frozenset({'little', 'made'})"
0.024,"frozenset({'well', 'made'})"
0.0214,"frozenset({'order', 'made'})"
0.02,"frozenset({'place', 'made', 'time'})"
0.0216,"frozenset({'food', 'place', 'made'})"
0.0216,"frozenset({'good', 'food', 'made'})"
0.0221,"frozenset({'good', 'place', 'made'})"
0.0424,"frozenset({'could', 'time'})"
0.0417,"frozenset({'could', 'would'})"
0.0409,"frozenset({'could', 'one'})"
0.0375,"frozenset({'could', 'get'})"
0.0345,"frozenset({'could', 'back'})"
0.0251,"frozenset({'could', 'even'})"
0.0227,"frozenset({'could', 'came'})"
0.0202,"frozenset({'could', 'made'})"
0.0424,"frozenset({'food', 'could'})"
0.0312,"frozenset({'go', 'could'})"
0.0236,"frozenset({'could', 'make'})"
0.0468,"frozenset({'could', 'place'})"
0.0423,"frozenset({'good', 'could'})"
0.0248,"frozenset({'u', 'could'})"
0.0212,"frozenset({'could', 'nice'})"
0.0356,"frozenset({'could', 'service'})"
0.033,"frozenset({'could', 'great'})"
0.0274,"frozenset({'also', 'could'})"
0.026,"frozenset({'got', 'could'})"
0.0245,"frozenset({'didnt', 'could'})"
0.0203,"frozenset({'could', 'first'})"
0.021,"frozenset({'went', 'could'})"
0.0233,"frozenset({'dont', 'could'})"
0.023,"frozenset({'could', 'well'})"
0.0368,"frozenset({'could', 'like'})"
0.0209,"frozenset({'could', 'im'})"
0.022,"frozenset({'could', 'come'})"
0.0227,"frozenset({'could', 'little'})"
0.0261,"frozenset({'could', 'really'})"
0.0214,"frozenset({'could', 'place', 'time'})"
0.0202,"frozenset({'could', 'would', 'time'})"
0.0204,"frozenset({'place', 'could', 'would'})"
0.0207,"frozenset({'could', 'time', 'one'})"
0.0201,"frozenset({'could', 'would', 'one'})"
0.0209,"frozenset({'could', 'place', 'one'})"
0.024,"frozenset({'food', 'place', 'could'})"
0.0236,"frozenset({'good', 'could', 'place'})"
0.0228,"frozenset({'good', 'food', 'could'})"
0.0207,"frozenset({'could', 'place', 'like'})"
0.0401,"frozenset({'thing', 'one'})"
0.0393,"frozenset({'thing', 'time'})"
0.0359,"frozenset({'get', 'thing'})"
0.0327,"frozenset({'thing', 'back'})"
0.0307,"frozenset({'would', 'thing'})"
0.0219,"frozenset({'even', 'thing'})"
0.0493,"frozenset({'place', 'thing'})"
0.0459,"frozenset({'good', 'thing'})"
0.0401,"frozenset({'food', 'thing'})"
0.0375,"frozenset({'like', 'thing'})"
0.0316,"frozenset({'go', 'thing'})"
0.0288,"frozenset({'thing', 'service'})"
0.0276,"frozenset({'really', 'thing'})"
0.0261,"frozenset({'dont', 'thing'})"
0.0212,"frozenset({'make', 'thing'})"
0.0205,"frozenset({'people', 'thing'})"
0.0207,"frozenset({'u', 'thing'})"
0.0236,"frozenset({'got', 'thing'})"
0.0218,"frozenset({'well', 'thing'})"
0.0349,"frozenset({'great', 'thing'})"
0.0258,"frozenset({'also', 'thing'})"
0.0218,"frozenset({'first', 'thing'})"
0.0207,"frozenset({'ive', 'thing'})"
0.0221,"frozenset({'place', 'thing', 'one'})"
0.0231,"frozenset({'place', 'thing', 'time'})"
0.0217,"frozenset({'good', 'thing', 'time'})"
0.0208,"frozenset({'place', 'get', 'thing'})"
0.0207,"frozenset({'good', 'get', 'thing'})"
0.0267,"frozenset({'good', 'place', 'thing'})"
0.0241,"frozenset({'food', 'place', 'thing'})"
0.0231,"frozenset({'good', 'food', 'thing'})"
0.022,"frozenset({'place', 'like', 'thing'})"
0.0212,"frozenset({'good', 'like', 'thing'})"
0.0257,"frozenset({'small', 'time'})"
0.024,"frozenset({'small', 'one'})"
0.023,"frozenset({'small', 'get'})"
0.0225,"frozenset({'small', 'back'})"
0.0344,"frozenset({'small', 'place'})"
0.0257,"frozenset({'small', 'great'})"
0.0208,"frozenset({'small', 'service'})"
0.0339,"frozenset({'good', 'small'})"
0.024,"frozenset({'small', 'like'})"
0.0204,"frozenset({'go', 'small'})"
0.0308,"frozenset({'food', 'small'})"
0.027,"frozenset({'though', 'time'})"
0.0266,"frozenset({'though', 'even'})"
0.0253,"frozenset({'though', 'one'})"
0.0231,"frozenset({'though', 'get'})"
0.022,"frozenset({'though', 'back'})"
0.0219,"frozenset({'though', 'would'})"
0.0308,"frozenset({'though', 'place'})"
0.0306,"frozenset({'though', 'good'})"
0.029,"frozenset({'though', 'food'})"
0.0261,"frozenset({'though', 'like'})"
0.0211,"frozenset({'though', 'go'})"
0.0207,"frozenset({'though', 'service'})"
0.0233,"frozenset({'though', 'great'})"
0.0242,"frozenset({'wanted', 'time'})"
0.0227,"frozenset({'wanted', 'would'})"
0.021,"frozenset({'wanted', 'back'})"
0.0253,"frozenset({'wanted', 'place'})"
0.0213,"frozenset({'wanted', 'like'})"
0.0246,"frozenset({'good', 'wanted'})"
0.0225,"frozenset({'time', 'left'})"
0.0221,"frozenset({'left', 'one'})"
0.0215,"frozenset({'left', 'back'})"
0.0227,"frozenset({'place', 'left'})"
0.0206,"frozenset({'good', 'left'})"
0.0213,"frozenset({'food', 'left'})"
0.0232,"frozenset({'good', 'probably'})"
0.0212,"frozenset({'place', 'probably'})"
0.022,"frozenset({'getting', 'time'})"
0.021,"frozenset({'local', 'place'})"
0.0538,"frozenset({'great', 'love'})"
0.0385,"frozenset({'like', 'love'})"
0.0647,"frozenset({'place', 'love'})"
0.0417,"frozenset({'time', 'love'})"
0.0393,"frozenset({'go', 'love'})"
0.0323,"frozenset({'service', 'love'})"
0.0278,"frozenset({'also', 'love'})"
0.0232,"frozenset({'best', 'love'})"
0.0231,"frozenset({'dont', 'love'})"
0.022,"frozenset({'friendly', 'love'})"
0.0537,"frozenset({'food', 'love'})"
0.0489,"frozenset({'good', 'love'})"
0.0354,"frozenset({'get', 'love'})"
0.0352,"frozenset({'love', 'one'})"
0.0301,"frozenset({'love', 'back'})"
0.0297,"frozenset({'really', 'love'})"
0.026,"frozenset({'would', 'love'})"
0.0224,"frozenset({'staff', 'love'})"
0.0213,"frozenset({'well', 'love'})"
0.0293,"frozenset({'place', 'great', 'love'})"
0.0212,"frozenset({'place', 'like', 'love'})"
0.0201,"frozenset({'place', 'love', 'time'})"
0.0226,"frozenset({'go', 'place', 'love'})"
0.028,"frozenset({'food', 'place', 'love'})"
0.0238,"frozenset({'food', 'great', 'love'})"
0.026,"frozenset({'good', 'place', 'love'})"
0.0258,"frozenset({'good', 'food', 'love'})"
0.0214,"frozenset({'good', 'great', 'love'})"
0.0248,"frozenset({'dinner', 'great'})"
0.0323,"frozenset({'food', 'dinner'})"
0.0248,"frozenset({'place', 'dinner'})"
0.0226,"frozenset({'dinner', 'service'})"
0.0213,"frozenset({'dinner', 'back'})"
0.0203,"frozenset({'dinner', 'one'})"
0.0283,"frozenset({'good', 'dinner'})"
0.0219,"frozenset({'dinner', 'time'})"
0.0258,"frozenset({'taste', 'like'})"
0.0216,"frozenset({'taste', 'great'})"
0.0305,"frozenset({'food', 'taste'})"
0.0303,"frozenset({'good', 'taste'})"
0.0208,"frozenset({'taste', 'time'})"
0.0294,"frozenset({'place', 'taste'})"
0.0206,"frozenset({'taste', 'one'})"
0.0262,"frozenset({'great', 'happy'})"
0.021,"frozenset({'happy', 'hour'})"
0.0249,"frozenset({'place', 'happy'})"
0.0234,"frozenset({'happy', 'time'})"
0.0229,"frozenset({'food', 'happy'})"
0.0228,"frozenset({'good', 'happy'})"
0.0454,"frozenset({'little', 'great'})"
0.0415,"frozenset({'little', 'like'})"
0.0368,"frozenset({'would', 'little'})"
0.0248,"frozenset({'little', 'im'})"
0.0235,"frozenset({'little', 'make'})"
0.0563,"frozenset({'place', 'little'})"
0.0558,"frozenset({'good', 'little'})"
0.0506,"frozenset({'food', 'little'})"
0.0451,"frozenset({'little', 'time'})"
0.0394,"frozenset({'little', 'one'})"
0.0375,"frozenset({'get', 'little'})"
0.0354,"frozenset({'go', 'little'})"
0.0347,"frozenset({'little', 'service'})"
0.0335,"frozenset({'little', 'back'})"
0.0309,"frozenset({'little', 'really'})"
0.0259,"frozenset({'dont', 'little'})"
0.0218,"frozenset({'even', 'little'})"
0.0217,"frozenset({'try', 'little'})"
0.0221,"frozenset({'little', 'delicious'})"
0.0202,"frozenset({'friendly', 'little'})"
0.033,"frozenset({'also', 'little'})"
0.0268,"frozenset({'got', 'little'})"
0.0228,"frozenset({'restaurant', 'little'})"
0.0223,"frozenset({'u', 'little'})"
0.0218,"frozenset({'come', 'little'})"
0.0205,"frozenset({'definitely', 'little'})"
0.0222,"frozenset({'little', 'best'})"
0.0201,"frozenset({'ive', 'little'})"
0.0256,"frozenset({'well', 'little'})"
0.028,"frozenset({'little', 'nice'})"
0.0242,"frozenset({'little', 'place', 'great'})"
0.0221,"frozenset({'good', 'little', 'great'})"
0.0214,"frozenset({'food', 'great', 'little'})"
0.0238,"frozenset({'good', 'little', 'like'})"
0.0237,"frozenset({'little', 'place', 'like'})"
0.0204,"frozenset({'food', 'like', 'little'})"
0.031,"frozenset({'good', 'place', 'little'})"
0.0291,"frozenset({'good', 'food', 'little'})"
0.027,"frozenset({'food', 'place', 'little'})"
0.0244,"frozenset({'place', 'little', 'time'})"
0.023,"frozenset({'good', 'little', 'time'})"
0.0218,"frozenset({'food', 'little', 'time'})"
0.0225,"frozenset({'place', 'little', 'one'})"
0.0204,"frozenset({'good', 'little', 'one'})"
0.0218,"frozenset({'place', 'get', 'little'})"
0.0201,"frozenset({'good', 'get', 'little'})"
0.0345,"frozenset({'like', 'better'})"
0.0324,"frozenset({'great', 'better'})"
0.0279,"frozenset({'would', 'better'})"
0.0261,"frozenset({'much', 'better'})"
0.0212,"frozenset({'make', 'better'})"
0.0472,"frozenset({'place', 'better'})"
0.0408,"frozenset({'food', 'better'})"
0.0216,"frozenset({'also', 'better'})"
0.0423,"frozenset({'good', 'better'})"
0.0359,"frozenset({'time', 'better'})"
0.0348,"frozenset({'get', 'better'})"
0.0283,"frozenset({'go', 'better'})"
0.0234,"frozenset({'really', 'better'})"
0.0209,"frozenset({'got', 'better'})"
0.026,"frozenset({'better', 'back'})"
0.0313,"frozenset({'better', 'one'})"
0.0308,"frozenset({'service', 'better'})"
0.0233,"frozenset({'even', 'better'})"
0.0225,"frozenset({'food', 'place', 'better'})"
0.0224,"frozenset({'good', 'food', 'better'})"
0.0233,"frozenset({'good', 'place', 'better'})"
0.0201,"frozenset({'place', 'better', 'time'})"
0.0203,"frozenset({'place', 'get', 'better'})"
0.0284,"frozenset({'great', 'excellent'})"
0.0331,"frozenset({'food', 'excellent'})"
0.0258,"frozenset({'place', 'excellent'})"
0.0325,"frozenset({'service', 'excellent'})"
0.0267,"frozenset({'good', 'excellent'})"
0.0251,"frozenset({'food', 'hot'})"
0.0263,"frozenset({'good', 'hot'})"
0.0243,"frozenset({'place', 'hot'})"
0.0215,"frozenset({'super', 'great'})"
0.026,"frozenset({'place', 'super'})"
0.0217,"frozenset({'food', 'super'})"
0.0206,"frozenset({'good', 'super'})"
0.0242,"frozenset({'home', 'place'})"
0.0207,"frozenset({'home', 'back'})"
0.0241,"frozenset({'food', 'home'})"
0.0236,"frozenset({'home', 'time'})"
0.0226,"frozenset({'good', 'home'})"
0.0251,"frozenset({'fry', 'place'})"
0.0265,"frozenset({'food', 'fry'})"
0.0256,"frozenset({'good', 'fry'})"
0.0324,"frozenset({'food', 'atmosphere'})"
0.0237,"frozenset({'atmosphere', 'service'})"
0.0273,"frozenset({'good', 'atmosphere'})"
0.0277,"frozenset({'place', 'atmosphere'})"
0.0346,"frozenset({'great', 'atmosphere'})"
0.0207,"frozenset({'food', 'big'})"
0.0236,"frozenset({'good', 'big'})"
0.0208,"frozenset({'like', 'big'})"
0.0238,"frozenset({'place', 'big'})"
0.0327,"frozenset({'still', 'time'})"
0.03,"frozenset({'food', 'still'})"
0.0254,"frozenset({'still', 'would'})"
0.0232,"frozenset({'go', 'still'})"
0.0326,"frozenset({'good', 'still'})"
0.0284,"frozenset({'still', 'one'})"
0.0276,"frozenset({'still', 'get'})"
0.025,"frozenset({'still', 'great'})"
0.0247,"frozenset({'still', 'back'})"
0.0236,"frozenset({'still', 'service'})"
0.0334,"frozenset({'still', 'place'})"
0.0275,"frozenset({'still', 'like'})"
0.0207,"frozenset({'still', 'really'})"
0.0227,"frozenset({'food', 'spot'})"
0.0225,"frozenset({'place', 'spot'})"
0.0248,"frozenset({'good', 'spot'})"
0.0255,"frozenset({'spot', 'great'})"
0.0335,"frozenset({'food', 'server'})"
0.0216,"frozenset({'server', 'time'})"
0.0256,"frozenset({'good', 'server'})"
0.0239,"frozenset({'place', 'server'})"
0.0227,"frozenset({'server', 'service'})"
0.0246,"frozenset({'server', 'great'})"
0.022,"frozenset({'u', 'server'})"
0.0204,"frozenset({'sweet', 'food'})"
0.0274,"frozenset({'sweet', 'good'})"
0.02,"frozenset({'sweet', 'great'})"
0.0233,"frozenset({'sweet', 'place'})"
0.0615,"frozenset({'got', 'place'})"
0.047,"frozenset({'got', 'get'})"
0.046,"frozenset({'got', 'great'})"
0.0446,"frozenset({'got', 'like'})"
0.0407,"frozenset({'go', 'got'})"
0.0489,"frozenset({'got', 'one'})"
0.0413,"frozenset({'got', 'would'})"
0.0404,"frozenset({'got', 'service'})"
0.034,"frozenset({'got', 'also'})"
0.0551,"frozenset({'got', 'time'})"
0.0484,"frozenset({'got', 'back'})"
0.0233,"frozenset({'got', 'best'})"
0.0616,"frozenset({'good', 'got'})"
0.0268,"frozenset({'got', 'nice'})"
0.0266,"frozenset({'got', 'dont'})"
0.0276,"frozenset({'got', 'well'})"
0.0528,"frozenset({'got', 'food'})"
0.0363,"frozenset({'got', 'really'})"
0.0307,"frozenset({'good', 'got', 'place'})"
0.0234,"frozenset({'place', 'got', 'get'})"
0.0246,"frozenset({'good', 'got', 'get'})"
0.0209,"frozenset({'got', 'get', 'one'})"
0.0255,"frozenset({'got', 'get', 'time'})"
0.0231,"frozenset({'got', 'place', 'great'})"
0.0223,"frozenset({'good', 'got', 'great'})"
0.0228,"frozenset({'got', 'place', 'like'})"
0.0248,"frozenset({'good', 'got', 'like'})"
0.0228,"frozenset({'got', 'like', 'time'})"
0.0206,"frozenset({'go', 'got', 'place'})"
0.021,"frozenset({'good', 'go', 'got'})"
0.0206,"frozenset({'go', 'got', 'back'})"
0.02,"frozenset({'go', 'got', 'time'})"
0.0248,"frozenset({'got', 'place', 'one'})"
0.023,"frozenset({'good', 'got', 'one'})"
0.0246,"frozenset({'got', 'time', 'one'})"
0.02,"frozenset({'got', 'food', 'one'})"
0.0201,"frozenset({'place', 'got', 'would'})"
0.0206,"frozenset({'good', 'got', 'would'})"
0.02,"frozenset({'got', 'would', 'back'})"
0.0205,"frozenset({'got', 'would', 'time'})"
0.0204,"frozenset({'good', 'got', 'service'})"
0.0275,"frozenset({'good', 'got', 'time'})"
0.028,"frozenset({'got', 'place', 'time'})"
0.0237,"frozenset({'got', 'place', 'back'})"
0.0232,"frozenset({'good', 'got', 'back'})"
0.0244,"frozenset({'got', 'time', 'back'})"
0.0276,"frozenset({'good', 'food', 'got'})"
0.0265,"frozenset({'got', 'food', 'place'})"
0.0232,"frozenset({'got', 'food', 'time'})"
0.0222,"frozenset({'good', 'got', 'really'})"
0.044,"frozenset({'bar', 'place'})"
0.0396,"frozenset({'bar', 'great'})"
0.0289,"frozenset({'bar', 'like'})"
0.025,"frozenset({'bar', 'get'})"
0.0247,"frozenset({'bar', 'go'})"
0.0389,"frozenset({'bar', 'food'})"
0.036,"frozenset({'bar', 'good'})"
0.0296,"frozenset({'bar', 'time'})"
0.0222,"frozenset({'bar', 'also'})"
0.0278,"frozenset({'bar', 'service'})"
0.0269,"frozenset({'bar', 'one'})"
0.0247,"frozenset({'bar', 'drink'})"
0.0234,"frozenset({'bar', 'would'})"
0.0254,"frozenset({'bar', 'back'})"
0.0213,"frozenset({'bar', 'really'})"
0.0205,"frozenset({'bar', 'nice'})"
0.0201,"frozenset({'bar', 'place', 'great'})"
0.0223,"frozenset({'bar', 'food', 'place'})"
0.02,"frozenset({'bar', 'good', 'place'})"
0.0374,"frozenset({'ever', 'place'})"
0.0336,"frozenset({'ever', 'ive'})"
0.0271,"frozenset({'ever', 'great'})"
0.0258,"frozenset({'ever', 'like'})"
0.0245,"frozenset({'ever', 'get'})"
0.0235,"frozenset({'go', 'ever'})"
0.0448,"frozenset({'ever', 'best'})"
0.0283,"frozenset({'good', 'ever'})"
0.0324,"frozenset({'food', 'ever'})"
0.0282,"frozenset({'ever', 'time'})"
0.0311,"frozenset({'ever', 'one'})"
0.0257,"frozenset({'ever', 'back'})"
0.0247,"frozenset({'ever', 'would'})"
0.0244,"frozenset({'ever', 'service'})"
0.0211,"frozenset({'ever', 'ive', 'best'})"
0.0437,"frozenset({'good', 'people'})"
0.0291,"frozenset({'people', 'really'})"
0.0252,"frozenset({'even', 'people'})"
0.0507,"frozenset({'place', 'people'})"
0.044,"frozenset({'food', 'people'})"
0.0417,"frozenset({'people', 'time'})"
0.041,"frozenset({'get', 'people'})"
0.0375,"frozenset({'people', 'like'})"
0.0366,"frozenset({'people', 'one'})"
0.0335,"frozenset({'go', 'people'})"
0.031,"frozenset({'would', 'people'})"
0.0308,"frozenset({'people', 'back'})"
0.03,"frozenset({'people', 'service'})"
0.0274,"frozenset({'dont', 'people'})"
0.0206,"frozenset({'people', 'make'})"
0.0372,"frozenset({'great', 'people'})"
0.0227,"frozenset({'u', 'people'})"
0.0223,"frozenset({'people', 'nice'})"
0.0218,"frozenset({'got', 'people'})"
0.0251,"frozenset({'also', 'people'})"
0.023,"frozenset({'well', 'people'})"
0.0219,"frozenset({'come', 'people'})"
0.025,"frozenset({'good', 'place', 'people'})"
0.0241,"frozenset({'good', 'food', 'people'})"
0.0248,"frozenset({'food', 'place', 'people'})"
0.0232,"frozenset({'place', 'people', 'time'})"
0.0202,"frozenset({'food', 'people', 'time'})"
0.02,"frozenset({'good', 'people', 'time'})"
0.0243,"frozenset({'place', 'get', 'people'})"
0.022,"frozenset({'get', 'people', 'time'})"
0.0209,"frozenset({'good', 'get', 'people'})"
0.022,"frozenset({'place', 'people', 'like'})"
0.0206,"frozenset({'place', 'people', 'one'})"
0.0201,"frozenset({'great', 'place', 'people'})"
0.0348,"frozenset({'right', 'good'})"
0.0216,"frozenset({'right', 'really'})"
0.029,"frozenset({'right', 'great'})"
0.0344,"frozenset({'right', 'time'})"
0.0314,"frozenset({'right', 'food'})"
0.0273,"frozenset({'right', 'service'})"
0.0267,"frozenset({'right', 'go'})"
0.0202,"frozenset({'right', 'also'})"
0.0316,"frozenset({'right', 'get'})"
0.0386,"frozenset({'right', 'place'})"
0.0301,"frozenset({'right', 'one'})"
0.028,"frozenset({'right', 'back'})"
0.0257,"frozenset({'right', 'would'})"
0.0204,"frozenset({'right', 'dont'})"
0.021,"frozenset({'right', 'got'})"
0.0289,"frozenset({'right', 'like'})"
0.0207,"frozenset({'ill', 'back'})"
0.0208,"frozenset({'place', 'enjoy'})"
0.0385,"frozenset({'good', 'think'})"
0.0267,"frozenset({'dont', 'think'})"
0.0222,"frozenset({'also', 'think'})"
0.0423,"frozenset({'place', 'think'})"
0.033,"frozenset({'food', 'think'})"
0.0329,"frozenset({'like', 'think'})"
0.032,"frozenset({'time', 'think'})"
0.0308,"frozenset({'think', 'one'})"
0.0307,"frozenset({'get', 'think'})"
0.0288,"frozenset({'would', 'think'})"
0.0258,"frozenset({'go', 'think'})"
0.0258,"frozenset({'think', 'back'})"
0.024,"frozenset({'service', 'think'})"
0.0235,"frozenset({'really', 'think'})"
0.0264,"frozenset({'great', 'think'})"
0.0229,"frozenset({'good', 'place', 'think'})"
0.0202,"frozenset({'food', 'place', 'think'})"
0.0208,"frozenset({'place', 'like', 'think'})"
0.0419,"frozenset({'good', 'sauce'})"
0.0238,"frozenset({'also', 'sauce'})"
0.0363,"frozenset({'food', 'sauce'})"
0.0343,"frozenset({'place', 'sauce'})"
0.0303,"frozenset({'like', 'sauce'})"
0.0237,"frozenset({'sauce', 'time'})"
0.0236,"frozenset({'sauce', 'one'})"
0.0232,"frozenset({'get', 'sauce'})"
0.0221,"frozenset({'ordered', 'sauce'})"
0.0216,"frozenset({'sauce', 'service'})"
0.0214,"frozenset({'sauce', 'back'})"
0.0213,"frozenset({'would', 'sauce'})"
0.0202,"frozenset({'really', 'sauce'})"
0.0282,"frozenset({'great', 'sauce'})"
0.0216,"frozenset({'good', 'food', 'sauce'})"
0.0206,"frozenset({'good', 'place', 'sauce'})"
0.02,"frozenset({'good', 'like', 'sauce'})"
0.0303,"frozenset({'flavor', 'good'})"
0.024,"frozenset({'flavor', 'great'})"
0.0206,"frozenset({'flavor', 'one'})"
0.0269,"frozenset({'flavor', 'food'})"
0.0238,"frozenset({'flavor', 'like'})"
0.0212,"frozenset({'flavor', 'time'})"
0.0263,"frozenset({'flavor', 'place'})"
0.0262,"frozenset({'good', 'enough'})"
0.0212,"frozenset({'enough', 'great'})"
0.0202,"frozenset({'enough', 'like'})"
0.0235,"frozenset({'enough', 'place'})"
0.0202,"frozenset({'enough', 'one'})"
0.0239,"frozenset({'enough', 'time'})"
0.0205,"frozenset({'enough', 'get'})"
0.0238,"frozenset({'enough', 'food'})"
0.0217,"frozenset({'good', 'visit'})"
0.0232,"frozenset({'place', 'visit'})"
0.0231,"frozenset({'food', 'visit'})"
0.0204,"frozenset({'great', 'visit'})"
0.0238,"frozenset({'visit', 'time'})"
0.0242,"frozenset({'good', 'burger'})"
0.0228,"frozenset({'place', 'burger'})"
0.0214,"frozenset({'food', 'burger'})"
0.0216,"frozenset({'fry', 'burger'})"
0.0212,"frozenset({'good', 'pizza'})"
0.0213,"frozenset({'pizza', 'place'})"
0.0254,"frozenset({'good', 'overall'})"
0.0234,"frozenset({'place', 'overall'})"
0.0209,"frozenset({'overall', 'great'})"
0.0214,"frozenset({'food', 'overall'})"
0.027,"frozenset({'youre', 'place'})"
0.0208,"frozenset({'youre', 'get'})"
0.0202,"frozenset({'youre', 'food'})"
0.0251,"frozenset({'good', 'youre'})"
0.0203,"frozenset({'place', 'however'})"
0.0225,"frozenset({'good', 'however'})"
0.0212,"frozenset({'food', 'however'})"
0.0597,"frozenset({'ordered', 'food'})"
0.0524,"frozenset({'ordered', 'good'})"
0.0509,"frozenset({'ordered', 'place'})"
0.0438,"frozenset({'ordered', 'time'})"
0.0417,"frozenset({'ordered', 'back'})"
0.0412,"frozenset({'ordered', 'one'})"
0.039,"frozenset({'ordered', 'like'})"
0.0385,"frozenset({'ordered', 'service'})"
0.0354,"frozenset({'ordered', 'would'})"
0.035,"frozenset({'ordered', 'order'})"
0.034,"frozenset({'ordered', 'get'})"
0.0327,"frozenset({'ordered', 'go'})"
0.0273,"frozenset({'ordered', 'really'})"
0.0232,"frozenset({'ordered', 'dont'})"
0.0226,"frozenset({'ordered', 'even'})"
0.0221,"frozenset({'ordered', 'try'})"
0.0215,"frozenset({'ordered', 'little'})"
0.0384,"frozenset({'ordered', 'great'})"
0.03,"frozenset({'ordered', 'u'})"
0.0299,"frozenset({'ordered', 'restaurant'})"
0.0297,"frozenset({'ordered', 'also'})"
0.0279,"frozenset({'ordered', 'got'})"
0.0209,"frozenset({'ordered', 'come'})"
0.0212,"frozenset({'ordered', 'definitely'})"
0.0247,"frozenset({'ordered', 'nice'})"
0.0207,"frozenset({'ordered', 'im'})"
0.0254,"frozenset({'ordered', 'delicious'})"
0.0245,"frozenset({'ordered', 'well'})"
0.0294,"frozenset({'ordered', 'food', 'good'})"
0.0294,"frozenset({'ordered', 'food', 'place'})"
0.0251,"frozenset({'ordered', 'good', 'place'})"
0.0245,"frozenset({'ordered', 'food', 'time'})"
0.0213,"frozenset({'ordered', 'place', 'time'})"
0.021,"frozenset({'ordered', 'good', 'time'})"
0.0234,"frozenset({'ordered', 'food', 'back'})"
0.0208,"frozenset({'ordered', 'place', 'back'})"
0.0204,"frozenset({'ordered', 'good', 'back'})"
0.0221,"frozenset({'ordered', 'food', 'one'})"
0.021,"frozenset({'ordered', 'place', 'one'})"
0.0221,"frozenset({'ordered', 'food', 'like'})"
0.0217,"frozenset({'ordered', 'place', 'like'})"
0.0207,"frozenset({'ordered', 'good', 'like'})"
0.0228,"frozenset({'ordered', 'food', 'service'})"
0.0205,"frozenset({'ordered', 'food', 'would'})"
0.0211,"frozenset({'ordered', 'food', 'order'})"
0.0215,"frozenset({'ordered', 'food', 'great'})"
0.0438,"frozenset({'food', 'wait'})"
0.0397,"frozenset({'wait', 'place'})"
0.0363,"frozenset({'wait', 'time'})"
0.0359,"frozenset({'good', 'wait'})"
0.032,"frozenset({'go', 'wait'})"
0.0316,"frozenset({'wait', 'get'})"
0.0315,"frozenset({'wait', 'back'})"
0.0295,"frozenset({'wait', 'service'})"
0.0274,"frozenset({'wait', 'one'})"
0.0249,"frozenset({'wait', 'like'})"
0.0241,"frozenset({'wait', 'would'})"
0.0206,"frozenset({'wait', 'really'})"
0.0201,"frozenset({'wait', 'staff'})"
0.0319,"frozenset({'wait', 'great'})"
0.0201,"frozenset({'food', 'wait', 'place'})"
0.0205,"frozenset({'food', 'wait', 'time'})"
0.0201,"frozenset({'good', 'food', 'wait'})"
0.0373,"frozenset({'place', 'star'})"
0.0364,"frozenset({'good', 'star'})"
0.0351,"frozenset({'food', 'star'})"
0.0292,"frozenset({'star', 'one'})"
0.0288,"frozenset({'star', 'time'})"
0.0281,"frozenset({'like', 'star'})"
0.0278,"frozenset({'would', 'star'})"
0.0272,"frozenset({'star', 'service'})"
0.0269,"frozenset({'get', 'star'})"
0.0224,"frozenset({'go', 'star'})"
0.0219,"frozenset({'star', 'back'})"
0.0209,"frozenset({'really', 'star'})"
0.0277,"frozenset({'great', 'star'})"
0.0201,"frozenset({'also', 'star'})"
0.0206,"frozenset({'good', 'food', 'star'})"
0.031,"frozenset({'place', 'worth'})"
0.0291,"frozenset({'food', 'worth'})"
0.0263,"frozenset({'good', 'worth'})"
0.0228,"frozenset({'time', 'worth'})"
0.022,"frozenset({'get', 'worth'})"
0.0202,"frozenset({'worth', 'one'})"
0.0229,"frozenset({'great', 'worth'})"
0.0323,"frozenset({'minute', 'time'})"
0.0316,"frozenset({'minute', 'food'})"
0.0308,"frozenset({'minute', 'place'})"
0.0295,"frozenset({'minute', 'get'})"
0.0293,"frozenset({'good', 'minute'})"
0.0281,"frozenset({'minute', 'service'})"
0.028,"frozenset({'minute', 'one'})"
0.0257,"frozenset({'minute', 'back'})"
0.0239,"frozenset({'minute', 'would'})"
0.0234,"frozenset({'order', 'minute'})"
0.0226,"frozenset({'minute', 'like'})"
0.0201,"frozenset({'go', 'minute'})"
0.0213,"frozenset({'got', 'minute'})"
0.0248,"frozenset({'food', 'tasty'})"
0.0232,"frozenset({'good', 'tasty'})"
0.0227,"frozenset({'place', 'tasty'})"
0.0252,"frozenset({'food', 'quality'})"
0.0226,"frozenset({'good', 'quality'})"
0.0221,"frozenset({'place', 'quality'})"
0.032,"frozenset({'good', 'lunch'})"
0.034,"frozenset({'food', 'lunch'})"
0.025,"frozenset({'lunch', 'time'})"
0.0286,"frozenset({'lunch', 'great'})"
0.0219,"frozenset({'lunch', 'service'})"
0.0218,"frozenset({'go', 'lunch'})"
0.0308,"frozenset({'place', 'lunch'})"
0.02,"frozenset({'lunch', 'one'})"
0.02,"frozenset({'lunch', 'like'})"
0.0272,"frozenset({'good', 'awesome'})"
0.0309,"frozenset({'place', 'awesome'})"
0.0301,"frozenset({'great', 'awesome'})"
0.0285,"frozenset({'food', 'awesome'})"
0.0221,"frozenset({'service', 'awesome'})"
0.0399,"frozenset({'food', 'everything'})"
0.0269,"frozenset({'back', 'everything'})"
0.0366,"frozenset({'great', 'everything'})"
0.0411,"frozenset({'place', 'everything'})"
0.0232,"frozenset({'would', 'everything'})"
0.0285,"frozenset({'like', 'everything'})"
0.0218,"frozenset({'also', 'everything'})"
0.0341,"frozenset({'good', 'everything'})"
0.0274,"frozenset({'service', 'everything'})"
0.0242,"frozenset({'get', 'everything'})"
0.0237,"frozenset({'go', 'everything'})"
0.0297,"frozenset({'time', 'everything'})"
0.0265,"frozenset({'one', 'everything'})"
0.0219,"frozenset({'really', 'everything'})"
0.0209,"frozenset({'food', 'place', 'everything'})"
0.0261,"frozenset({'place', 'last'})"
0.0238,"frozenset({'food', 'last'})"
0.0233,"frozenset({'last', 'one'})"
0.0203,"frozenset({'last', 'great'})"
0.0262,"frozenset({'good', 'last'})"
0.0218,"frozenset({'last', 'back'})"
0.0327,"frozenset({'last', 'time'})"
0.021,"frozenset({'last', 'like'})"
0.0286,"frozenset({'cant', 'food'})"
0.0204,"frozenset({'cant', 'wait'})"
0.0312,"frozenset({'good', 'cant'})"
0.0229,"frozenset({'cant', 'like'})"
0.026,"frozenset({'cant', 'time'})"
0.0244,"frozenset({'cant', 'great'})"
0.0268,"frozenset({'cant', 'get'})"
0.0239,"frozenset({'cant', 'one'})"
0.0337,"frozenset({'cant', 'place'})"
0.0248,"frozenset({'cant', 'back'})"
0.0209,"frozenset({'cant', 'service'})"
0.0293,"frozenset({'go', 'cant'})"
0.0257,"frozenset({'food', 'special'})"
0.0282,"frozenset({'place', 'special'})"
0.0279,"frozenset({'good', 'special'})"
0.0248,"frozenset({'great', 'special'})"
0.02,"frozenset({'special', 'like'})"
0.0211,"frozenset({'special', 'time'})"
0.0326,"frozenset({'feel', 'like'})"
0.0314,"frozenset({'feel', 'place'})"
0.0235,"frozenset({'food', 'feel'})"
0.0232,"frozenset({'feel', 'time'})"
0.0246,"frozenset({'good', 'feel'})"
0.0221,"frozenset({'feel', 'great'})"
0.0214,"frozenset({'feel', 'get'})"
0.0215,"frozenset({'place', 'away'})"
0.0209,"frozenset({'food', 'away'})"
0.0246,"frozenset({'star', '5'})"
0.0236,"frozenset({'good', '5'})"
0.0282,"frozenset({'place', '5'})"
0.0241,"frozenset({'food', '5'})"
0.0202,"frozenset({'5', 'one'})"
0.0222,"frozenset({'great', '5'})"
0.0245,"frozenset({'time', '5'})"
0.0223,"frozenset({'get', '5'})"
0.0223,"frozenset({'found', 'place'})"
0.0432,"frozenset({'good', 'table'})"
0.0316,"frozenset({'great', 'table'})"
0.052,"frozenset({'food', 'table'})"
0.0429,"frozenset({'place', 'table'})"
0.0356,"frozenset({'table', 'one'})"
0.0314,"frozenset({'u', 'table'})"
0.0274,"frozenset({'restaurant', 'table'})"
0.0208,"frozenset({'nice', 'table'})"
0.0364,"frozenset({'table', 'service'})"
0.0291,"frozenset({'would', 'table'})"
0.0249,"frozenset({'also', 'table'})"
0.0234,"frozenset({'table', 'came'})"
0.0227,"frozenset({'ordered', 'table'})"
0.0221,"frozenset({'table', 'menu'})"
0.0205,"frozenset({'got', 'table'})"
0.028,"frozenset({'get', 'table'})"
0.0277,"frozenset({'table', 'back'})"
0.0261,"frozenset({'go', 'table'})"
0.024,"frozenset({'order', 'table'})"
0.0232,"frozenset({'really', 'table'})"
0.035,"frozenset({'table', 'time'})"
0.03,"frozenset({'like', 'table'})"
0.021,"frozenset({'well', 'table'})"
0.0277,"frozenset({'good', 'food', 'table'})"
0.0272,"frozenset({'food', 'place', 'table'})"
0.0232,"frozenset({'good', 'place', 'table'})"
0.0225,"frozenset({'food', 'table', 'one'})"
0.0215,"frozenset({'u', 'food', 'table'})"
0.0241,"frozenset({'food', 'table', 'service'})"
0.0244,"frozenset({'food', 'table', 'time'})"
0.0252,"frozenset({'room', 'place'})"
0.0238,"frozenset({'room', 'one'})"
0.0211,"frozenset({'good', 'room'})"
0.0272,"frozenset({'room', 'great'})"
0.0208,"frozenset({'room', 'would'})"
0.0204,"frozenset({'room', 'time'})"
0.0213,"frozenset({'room', 'like'})"
0.0203,"frozenset({'room', 'back'})"
0.0221,"frozenset({'anything', 'place'})"
0.022,"frozenset({'food', 'meat'})"
0.0219,"frozenset({'good', 'meat'})"
0.021,"frozenset({'meat', 'place'})"
0.0214,"frozenset({'good', 'shrimp'})"
0.0445,"frozenset({'place', 'drink'})"
0.0406,"frozenset({'great', 'drink'})"
0.0334,"frozenset({'drink', 'service'})"
0.0297,"frozenset({'drink', 'one'})"
0.0255,"frozenset({'would', 'drink'})"
0.0222,"frozenset({'u', 'drink'})"
0.0219,"frozenset({'also', 'drink'})"
0.0201,"frozenset({'ordered', 'drink'})"
0.049,"frozenset({'food', 'drink'})"
0.0306,"frozenset({'like', 'drink'})"
0.0292,"frozenset({'get', 'drink'})"
0.0264,"frozenset({'go', 'drink'})"
0.0202,"frozenset({'order', 'drink'})"
0.0285,"frozenset({'drink', 'back'})"
0.0434,"frozenset({'good', 'drink'})"
0.0207,"frozenset({'really', 'drink'})"
0.0337,"frozenset({'drink', 'time'})"
0.0238,"frozenset({'food', 'place', 'drink'})"
0.0203,"frozenset({'place', 'great', 'drink'})"
0.0204,"frozenset({'food', 'great', 'drink'})"
0.0255,"frozenset({'good', 'food', 'drink'})"
0.0222,"frozenset({'good', 'place', 'drink'})"
0.0257,"frozenset({'asked', 'one'})"
0.0242,"frozenset({'place', 'asked'})"
0.0237,"frozenset({'would', 'asked'})"
0.0236,"frozenset({'asked', 'service'})"
0.0202,"frozenset({'u', 'asked'})"
0.0239,"frozenset({'food', 'asked'})"
0.0202,"frozenset({'asked', 'like'})"
0.0228,"frozenset({'get', 'asked'})"
0.0221,"frozenset({'good', 'asked'})"
0.0252,"frozenset({'asked', 'back'})"
0.0274,"frozenset({'asked', 'time'})"
0.0208,"frozenset({'good', 'coffee'})"
0.0351,"frozenset({'place', 'sure'})"
0.0339,"frozenset({'food', 'sure'})"
0.0309,"frozenset({'sure', 'make'})"
0.0279,"frozenset({'sure', 'like'})"
0.0239,"frozenset({'would', 'sure'})"
0.0227,"frozenset({'also', 'sure'})"
0.034,"frozenset({'good', 'sure'})"
0.0326,"frozenset({'sure', 'time'})"
0.0294,"frozenset({'get', 'sure'})"
0.0282,"frozenset({'sure', 'back'})"
0.0277,"frozenset({'sure', 'one'})"
0.0213,"frozenset({'sure', 'really'})"
0.0267,"frozenset({'sure', 'im'})"
0.0296,"frozenset({'sure', 'great'})"
0.0254,"frozenset({'go', 'sure'})"
0.0241,"frozenset({'sure', 'service'})"
0.0325,"frozenset({'food', 'side'})"
0.0321,"frozenset({'side', 'place'})"
0.0259,"frozenset({'side', 'like'})"
0.0216,"frozenset({'side', 'would'})"
0.0209,"frozenset({'side', 'also'})"
0.023,"frozenset({'side', 'one'})"
0.0209,"frozenset({'side', 'back'})"
0.0344,"frozenset({'good', 'side'})"
0.0278,"frozenset({'side', 'great'})"
0.0252,"frozenset({'side', 'time'})"
0.022,"frozenset({'side', 'get'})"
0.0214,"frozenset({'side', 'service'})"
0.0207,"frozenset({'go', 'side'})"
0.0225,"frozenset({'coming', 'back'})"
0.0214,"frozenset({'place', 'coming'})"
0.02,"frozenset({'good', 'ok'})"
0.0279,"frozenset({'good', 'dish'})"
0.0224,"frozenset({'great', 'dish'})"
0.0202,"frozenset({'restaurant', 'dish'})"
0.02,"frozenset({'service', 'dish'})"
0.0326,"frozenset({'food', 'dish'})"
0.0204,"frozenset({'time', 'dish'})"
0.0201,"frozenset({'like', 'dish'})"
0.0255,"frozenset({'place', 'dish'})"
0.0342,"frozenset({'friend', 'food'})"
0.033,"frozenset({'friend', 'great'})"
0.0299,"frozenset({'friend', 'time'})"
0.0231,"frozenset({'friend', 'service'})"
0.0226,"frozenset({'friend', 'go'})"
0.0353,"frozenset({'friend', 'good'})"
0.0261,"frozenset({'friend', 'one'})"
0.0237,"frozenset({'friend', 'get'})"
0.0403,"frozenset({'friend', 'place'})"
0.0248,"frozenset({'friend', 'like'})"
0.0246,"frozenset({'friend', 'would'})"
0.0201,"frozenset({'friend', 'u'})"
0.028,"frozenset({'friend', 'back'})"
0.0215,"frozenset({'reasonable', 'price'})"
0.0217,"frozenset({'good', 'portion'})"
0.0252,"frozenset({'food', 'portion'})"
0.0389,"frozenset({'place', 'say'})"
0.0363,"frozenset({'food', 'say'})"
0.0353,"frozenset({'time', 'say'})"
0.0319,"frozenset({'like', 'say'})"
0.0296,"frozenset({'get', 'say'})"
0.0285,"frozenset({'go', 'say'})"
0.0276,"frozenset({'great', 'say'})"
0.0224,"frozenset({'dont', 'say'})"
0.0217,"frozenset({'really', 'say'})"
0.0213,"frozenset({'also', 'say'})"
0.0376,"frozenset({'good', 'say'})"
0.0211,"frozenset({'even', 'say'})"
0.0312,"frozenset({'say', 'one'})"
0.0309,"frozenset({'would', 'say'})"
0.0263,"frozenset({'service', 'say'})"
0.0301,"frozenset({'say', 'back'})"
0.0205,"frozenset({'im', 'say'})"
0.0211,"frozenset({'good', 'food', 'say'})"
0.0204,"frozenset({'week', 'time'})"
0.0285,"frozenset({'good', 'since'})"
0.0285,"frozenset({'food', 'since'})"
0.0246,"frozenset({'since', 'back'})"
0.0232,"frozenset({'get', 'since'})"
0.021,"frozenset({'service', 'since'})"
0.0305,"frozenset({'place', 'since'})"
0.0248,"frozenset({'like', 'since'})"
0.0224,"frozenset({'great', 'since'})"
0.0253,"frozenset({'since', 'one'})"
0.0226,"frozenset({'would', 'since'})"
0.0206,"frozenset({'go', 'since'})"
0.0294,"frozenset({'time', 'since'})"
0.0235,"frozenset({'bread', 'good'})"
0.0213,"frozenset({'bread', 'food'})"
